Rk,Player,Nation,Pos,Squad,Age,Born,90s,Gls,Sh,SoT,SoT%,Sh/90,SoT/90,G/Sh,G/SoT,Dist,FK,PK,PKatt,xG,npxG,npxG/Sh,G-xG,np:G-xG,Season
1,Tammy Abraham,ENG,['FW'],Roma,25,1997,2.7,1,4,2,50.0,1.49,0.74,0.25,0.50,11.9,0,0,0,0.6,0.6,0.15,+0.4,+0.4,2023-2024
2,Francesco Acerbi,ITA,['DF'],Inter,35,1988,26.5,3,15,6,40.0,0.57,0.23,0.20,0.50,12.0,0,0,0,1.6,1.6,0.11,+1.4,+1.4,2023-2024
3,Yacine Adli,FRA,['MF'],Milan,23,2000,15.6,1,4,1,25.0,0.26,0.06,0.25,1.00,19.8,0,0,0,0.3,0.3,0.07,+0.7,+0.7,2023-2024
4,Michel Aebischer,SUI,['MF'],Bologna,26,1997,24.8,0,18,5,27.8,0.73,0.20,0.00,0.00,22.4,0,0,0,1.1,1.1,0.06,-1.1,-1.1,2023-2024
5,Lucien Agoume,FRA,['MF'],Inter,21,2002,0.1,0,0,0,,0.00,0.00,,,,0,0,0,0.0,0.0,,0.0,0.0,2023-2024
6,Marley Aké,FRA,['FW'],Udinese,22,2001,0.1,0,0,0,,0.00,0.00,,,,0,0,0,0.0,0.0,,0.0,0.0,2023-2024
7,Ebenezer Akinsanmiro,NGA,['MF'],Inter,18,2004,0.2,0,0,0,,0.00,0.00,,,,0,0,0,0.0,0.0,,0.0,0.0,2023-2024
8,Jean-Daniel Akpa-Akpro,CIV,['MF'],Monza,30,1992,7.8,0,7,3,42.9,0.89,0.38,0.00,0.00,26.6,0,0,0,0.5,0.5,0.08,-0.5,-0.5,2023-2024
9,David Akpan Ankeye,NGA,['FW'],Genoa,21,2002,0.6,0,0,0,,0.00,0.00,,,,0,0,0,0.0,0.0,,0.0,0.0,2023-2024
10,Luis Alberto,ESP,['MF'],Lazio,30,1992,25.7,5,56,15,26.8,2.18,0.58,0.09,0.33,22.0,4,0,0,4.7,4.7,0.08,+0.3,+0.3,2023-2024
11,Carlos Alcaraz,ARG,['MF'],Juventus,20,2002,4.2,0,11,2,18.2,2.61,0.47,0.00,0.00,24.0,2,0,0,0.4,0.4,0.03,-0.4,-0.4,2023-2024
12,Pontus Almqvist,SWE,"['FW', 'MF']",Lecce,24,1999,23.4,2,40,15,37.5,1.71,0.64,0.05,0.13,19.7,0,0,0,2.3,2.3,0.06,-0.3,-0.3,2023-2024
13,Lorenzo Amatucci,ITA,['MF'],Fiorentina,19,2004,0.2,0,1,0,0.0,4.09,0.00,0.00,,29.5,0,0,0,0.0,0.0,0.01,0.0,0.0,2023-2024
14,Bruno Amione,ARG,['DF'],Hellas Verona,21,2002,6.4,0,5,3,60.0,0.78,0.47,0.00,0.00,9.3,0,0,0,0.3,0.3,0.06,-0.3,-0.3,2023-2024
15,Felipe Anderson,BRA,"['FW', 'MF']",Lazio,30,1993,30.8,5,43,11,25.6,1.40,0.36,0.12,0.45,17.3,1,0,0,4.4,4.4,0.10,+0.6,+0.6,2023-2024
16,Angeliño,ESP,['DF'],Roma,26,1997,12.7,0,8,2,25.0,0.63,0.16,0.00,0.00,24.1,0,0,0,0.2,0.2,0.02,-0.2,-0.2,2023-2024
17,Houssem Aouar,ALG,"['MF', 'FW']",Roma,25,1998,8.4,4,12,7,58.3,1.43,0.83,0.33,0.57,13.3,0,0,0,2.3,2.3,0.19,+1.7,+1.7,2023-2024
18,Simone Aresti,ITA,['GK'],Cagliari,37,1986,0.0,0,0,0,,0.00,0.00,,,,0,0,0,0.0,0.0,,0.0,0.0,2023-2024
19,Marko Arnautović,AUT,['FW'],Inter,34,1989,8.9,5,17,9,52.9,1.91,1.01,0.29,0.56,11.5,0,0,0,5.0,5.0,0.29,0.0,0.0,2023-2024
20,Kristjan Asllani,ALB,['MF'],Inter,21,2002,8.7,1,15,4,26.7,1.72,0.46,0.07,0.25,27.1,1,0,0,0.6,0.6,0.04,+0.4,+0.4,2023-2024
21,Emil Audero,IDN,['GK'],Inter,26,1997,3.7,0,0,0,,0.00,0.00,,,,0,0,0,0.0,0.0,,0.0,0.0,2023-2024
22,Tommaso Augello,ITA,['DF'],Cagliari,28,1994,26.9,1,10,3,30.0,0.37,0.11,0.10,0.33,24.1,1,0,0,0.5,0.5,0.05,+0.5,+0.5,2023-2024
23,Carlos Augusto,BRA,['DF'],Inter,24,1999,19.2,0,22,6,27.3,1.15,0.31,0.00,0.00,17.1,0,0,0,1.0,1.0,0.05,-1.0,-1.0,2023-2024
24,Yann Aurel Bisseck,GER,['DF'],Inter,22,2000,10.0,2,12,4,33.3,1.19,0.40,0.17,0.50,12.7,0,0,0,0.9,0.9,0.07,+1.1,+1.1,2023-2024
25,Sardar Azmoun,IRN,"['FW', 'MF']",Roma,28,1995,6.5,3,16,7,43.8,2.46,1.08,0.19,0.43,13.1,0,0,0,2.9,2.9,0.20,+0.1,+0.1,2023-2024
26,Paulo Azzi,BRA,"['DF', 'MF']",Cagliari,29,1994,10.6,0,21,2,9.5,1.99,0.19,0.00,0.00,20.0,0,0,0,1.2,1.2,0.06,-1.2,-1.2,2023-2024
27,Oussama El Azzouzi,MAR,['MF'],Bologna,22,2001,6.1,2,2,2,100.0,0.33,0.33,1.00,1.00,9.5,0,0,0,0.5,0.5,0.24,+1.5,+1.5,2023-2024
28,Milan Badelj,CRO,['MF'],Genoa,34,1989,28.2,1,21,4,19.0,0.75,0.14,0.05,0.25,19.1,0,0,0,1.4,1.4,0.07,-0.4,-0.4,2023-2024
29,Jaime Báez,URU,"['FW', 'MF']",Frosinone,28,1995,5.6,1,9,2,22.2,1.62,0.36,0.11,0.50,23.5,1,0,0,0.5,0.5,0.05,+0.5,+0.5,2023-2024
30,Nicola Bagnolini,ITA,['GK'],Bologna,19,2004,0.1,0,0,0,,0.00,0.00,,,,0,0,0,0.0,0.0,,0.0,0.0,2023-2024
31,Nedim Bajrami,ALB,"['MF', 'FW']",Sassuolo,24,1999,14.6,2,32,9,28.1,2.20,0.62,0.06,0.22,21.8,3,0,0,2.5,2.5,0.08,-0.5,-0.5,2023-2024
32,Mitchel Bakker,NED,['DF'],Atalanta,23,2000,4.2,1,5,1,20.0,1.18,0.24,0.20,1.00,14.8,0,0,0,0.2,0.2,0.04,+0.8,+0.8,2023-2024
33,Tommaso Baldanzi,ITA,"['MF', 'FW']",Empoli,20,2003,8.3,2,14,6,42.9,1.69,0.72,0.14,0.33,20.0,0,0,0,2.1,2.1,0.15,-0.1,-0.1,2023-2024
34,Tommaso Baldanzi,ITA,"['FW', 'MF']",Roma,20,2003,5.8,0,15,3,20.0,2.61,0.52,0.00,0.00,18.0,0,0,0,0.9,0.9,0.06,-0.9,-0.9,2023-2024
35,Lameck Banda,ZAM,['FW'],Lecce,22,2001,15.0,2,50,23,46.0,3.33,1.53,0.04,0.09,19.8,1,0,0,3.6,3.6,0.07,-1.6,-1.6,2023-2024
36,Daniel Bandeira,POR,['MF'],Hellas Verona,23,2000,5.0,0,3,0,0.0,0.61,0.00,0.00,,28.5,0,0,0,0.1,0.1,0.02,-0.1,-0.1,2023-2024
37,Mattia Bani,ITA,['DF'],Genoa,29,1993,25.6,2,9,5,55.6,0.35,0.20,0.22,0.40,9.1,0,0,0,1.2,1.2,0.14,+0.8,+0.8,2023-2024
38,Antonín Barák,CZE,"['MF', 'FW']",Fiorentina,28,1994,9.0,2,20,8,40.0,2.23,0.89,0.10,0.25,16.9,1,0,0,1.5,1.5,0.08,+0.5,+0.5,2023-2024
39,Nicolò Barella,ITA,['MF'],Inter,26,1997,31.6,2,40,12,30.0,1.26,0.38,0.05,0.17,18.2,0,0,0,5.1,5.1,0.13,-3.1,-3.1,2023-2024
40,Enzo Barrenechea,ARG,['MF'],Frosinone,22,2001,31.2,0,20,3,15.0,0.64,0.10,0.00,0.00,22.8,2,0,0,0.6,0.6,0.03,-0.6,-0.6,2023-2024
41,Davide Bartesaghi,ITA,"['DF', 'MF']",Milan,17,2005,0.9,0,0,0,,0.00,0.00,,,,0,0,0,0.0,0.0,,0.0,0.0,2023-2024
42,Federico Baschirotto,ITA,['DF'],Lecce,26,1996,36.6,0,17,6,35.3,0.46,0.16,0.00,0.00,10.8,0,0,0,1.7,1.5,0.09,-1.7,-1.5,2023-2024
43,Toma Bašić,CRO,['MF'],Salernitana,26,1996,12.9,0,12,1,8.3,0.93,0.08,0.00,0.00,27.0,1,0,0,0.6,0.6,0.05,-0.6,-0.6,2023-2024
44,Alessandro Bastoni,ITA,['DF'],Inter,24,1999,25.2,1,15,6,40.0,0.60,0.24,0.07,0.17,13.3,0,0,0,1.2,1.2,0.08,-0.2,-0.2,2023-2024
45,Simone Bastoni,ITA,"['MF', 'DF']",Empoli,26,1996,8.3,1,7,1,14.3,0.85,0.12,0.14,1.00,21.9,2,0,0,0.4,0.4,0.06,+0.6,+0.6,2023-2024
46,Reda Belahyane,MAR,['MF'],Hellas Verona,19,2004,1.0,0,1,1,100.0,1.00,1.00,0.00,0.00,26.6,0,0,0,0.0,0.0,0.03,0.0,0.0,2023-2024
47,Raoul Bellanova,ITA,['DF'],Torino,23,2000,33.8,1,32,3,9.4,0.95,0.09,0.03,0.33,16.6,0,0,0,2.0,2.0,0.06,-1.0,-1.0,2023-2024
48,Andrea Belotti,ITA,['FW'],Fiorentina,29,1993,10.5,3,33,9,27.3,3.13,0.85,0.09,0.33,13.9,0,0,0,3.7,3.7,0.11,-0.7,-0.7,2023-2024
49,Andrea Belotti,ITA,['FW'],Roma,29,1993,7.5,3,15,8,53.3,1.99,1.06,0.20,0.38,13.9,0,0,0,2.4,2.4,0.16,+0.6,+0.6,2023-2024
50,Lucas Beltrán,ARG,"['FW', 'MF']",Fiorentina,22,2001,18.8,6,30,7,23.3,1.60,0.37,0.17,0.71,15.5,0,1,1,3.8,3.0,0.10,+2.2,+2.0,2023-2024
51,Ismaël Bennacer,ALG,['MF'],Milan,25,1997,12.8,2,11,1,9.1,0.86,0.08,0.09,1.00,21.6,1,1,1,1.7,0.9,0.08,+0.3,+0.1,2023-2024
52,Domenico Berardi,ITA,['FW'],Sassuolo,28,1994,15.9,9,46,19,41.3,2.89,1.19,0.09,0.21,23.3,2,5,5,6.5,2.6,0.06,+2.5,+1.4,2023-2024
53,Bartosz Bereszyński,POL,['DF'],Empoli,31,1992,19.6,0,3,1,33.3,0.15,0.05,0.00,0.00,27.8,0,0,0,0.1,0.1,0.02,-0.1,-0.1,2023-2024
54,Etrit Berisha,ALB,['GK'],Empoli,34,1989,14.0,0,0,0,,0.00,0.00,,,,0,0,0,0.0,0.0,,0.0,0.0,2023-2024
55,Medon Berisha,ALB,"['FW', 'MF']",Lecce,19,2003,2.3,0,2,0,0.0,0.88,0.00,0.00,,17.6,0,0,0,0.2,0.2,0.09,-0.2,-0.2,2023-2024
56,Victor Bernth Kristiansen,DEN,['DF'],Bologna,20,2002,25.6,0,6,2,33.3,0.23,0.08,0.00,0.00,18.8,0,0,0,0.3,0.3,0.04,-0.3,-0.3,2023-2024
57,Beto,GNB,['FW'],Udinese,25,1998,0.8,0,0,0,,0.00,0.00,,,,0,0,0,0.0,0.0,,0.0,0.0,2023-2024
58,Davide Bettella,ITA,['MF'],Monza,23,2000,0.0,0,0,0,,0.00,0.00,,,,0,0,0,0.0,0.0,,0.0,0.0,2023-2024
59,Sam Beukema,NED,['DF'],Bologna,24,1998,28.3,1,12,4,33.3,0.42,0.14,0.08,0.25,9.7,0,0,0,1.9,1.9,0.16,-0.9,-0.9,2023-2024
60,Jaka Bijol,SVN,['DF'],Udinese,24,1999,23.2,0,15,2,13.3,0.65,0.09,0.00,0.00,9.1,0,0,0,1.9,1.9,0.13,-1.9,-1.9,2023-2024
61,El Bilal Touré,MLI,['FW'],Atalanta,21,2001,4.4,2,12,4,33.3,2.74,0.91,0.17,0.50,15.2,0,0,0,1.2,1.2,0.10,+0.8,+0.8,2023-2024
62,Cristiano Biraghi,ITA,['DF'],Fiorentina,30,1992,26.2,2,16,5,31.3,0.61,0.19,0.13,0.40,28.1,7,0,1,1.6,0.8,0.05,+0.4,+1.2,2023-2024
63,Davide Biraschi,ITA,['DF'],Genoa,29,1994,1.0,1,1,1,100.0,1.00,1.00,1.00,1.00,9.6,0,0,0,0.1,0.1,0.10,+0.9,+0.9,2023-2024
64,Samuele Birindelli,ITA,['DF'],Monza,24,1999,22.4,0,25,9,36.0,1.12,0.40,0.00,0.00,18.1,0,0,0,1.1,1.1,0.04,-1.1,-1.1,2023-2024
65,Alexis Blin,FRA,['MF'],Lecce,26,1996,18.2,0,13,2,15.4,0.71,0.11,0.00,0.00,13.9,0,0,0,1.1,1.1,0.08,-1.1,-1.1,2023-2024
66,Jérôme Boateng,GER,['DF'],Salernitana,34,1988,2.6,0,0,0,,0.00,0.00,,,,0,0,0,0.0,0.0,,0.0,0.0,2023-2024
67,Emil Bohinen,NOR,['MF'],Genoa,24,1999,0.6,0,0,0,,0.00,0.00,,,,0,0,0,0.0,0.0,,0.0,0.0,2023-2024
68,Emil Bohinen,NOR,['MF'],Salernitana,24,1999,5.9,0,4,0,0.0,0.67,0.00,0.00,,24.3,0,0,0,0.1,0.1,0.02,-0.1,-0.1,2023-2024
69,Daniel Boloca,ROU,['MF'],Sassuolo,24,1998,22.5,1,13,4,30.8,0.58,0.18,0.08,0.25,26.3,0,0,0,0.5,0.5,0.04,+0.5,+0.5,2023-2024
70,Giacomo Bonaventura,ITA,['MF'],Fiorentina,33,1989,25.3,8,51,13,25.5,2.02,0.51,0.16,0.62,20.2,1,0,1,5.7,4.4,0.09,+2.3,+3.6,2023-2024
71,Federico Bonazzoli,ITA,"['FW', 'MF']",Hellas Verona,26,1997,11.3,3,27,13,48.1,2.39,1.15,0.11,0.23,18.6,0,0,0,2.9,2.9,0.11,+0.1,+0.1,2023-2024
72,Warren Bondo,FRA,['MF'],Monza,19,2003,16.4,1,17,4,23.5,1.04,0.24,0.06,0.25,20.8,0,0,0,0.9,0.9,0.06,+0.1,+0.1,2023-2024
73,Giovanni Bonfanti,ITA,['DF'],Atalanta,20,2003,1.0,0,1,0,0.0,1.01,0.00,0.00,,5.9,0,0,0,0.1,0.1,0.09,-0.1,-0.1,2023-2024
74,Kevin Bonifazi,ITA,['DF'],Bologna,27,1996,1.0,0,0,0,,0.00,0.00,,,,0,0,0,0.0,0.0,,0.0,0.0,2023-2024
75,Kevin Bonifazi,ITA,['DF'],Frosinone,27,1996,3.4,0,0,0,,0.00,0.00,,,,0,0,0,0.0,0.0,,0.0,0.0,2023-2024
76,Gennaro Borrelli,ITA,['FW'],Frosinone,23,2000,0.3,0,0,0,,0.00,0.00,,,,0,0,0,0.0,0.0,,0.0,0.0,2023-2024
77,Erik Botheim,NOR,"['FW', 'MF']",Salernitana,23,2000,3.5,0,1,0,0.0,0.28,0.00,0.00,,15.8,0,0,0,0.1,0.1,0.11,-0.1,-0.1,2023-2024
78,Mehdi Bourabia,MAR,['MF'],Frosinone,31,1991,2.2,0,2,0,0.0,0.90,0.00,0.00,,17.9,0,0,0,0.1,0.1,0.05,-0.1,-0.1,2023-2024
79,Edoardo Bove,ITA,['MF'],Roma,21,2002,19.8,0,19,6,31.6,0.96,0.30,0.00,0.00,17.8,0,0,0,2.0,2.0,0.10,-2.0,-2.0,2023-2024
80,Domagoj Bradarić,CRO,['DF'],Salernitana,23,1999,30.5,0,19,4,21.1,0.62,0.13,0.00,0.00,22.3,0,0,0,0.8,0.8,0.04,-0.8,-0.8,2023-2024
81,Josip Brekalo,CRO,['FW'],Fiorentina,25,1998,7.2,1,9,4,44.4,1.24,0.55,0.11,0.25,19.3,0,0,0,0.4,0.4,0.04,+0.6,+0.6,2023-2024
82,Gleison Bremer,BRA,['DF'],Juventus,26,1997,35.9,3,18,4,22.2,0.50,0.11,0.17,0.75,13.4,0,0,0,1.4,1.4,0.08,+1.6,+1.6,2023-2024
83,Brenner,BRA,"['MF', 'FW']",Udinese,23,2000,2.1,0,4,2,50.0,1.90,0.95,0.00,0.00,15.9,0,0,0,0.4,0.4,0.10,-0.4,-0.4,2023-2024
84,Marco Brescianini,ITA,['MF'],Frosinone,23,2000,25.8,4,31,10,32.3,1.20,0.39,0.13,0.40,19.9,2,0,0,2.3,2.3,0.07,+1.7,+1.7,2023-2024
85,Dylan Bronn,TUN,"['DF', 'MF']",Salernitana,28,1995,0.6,0,1,0,0.0,1.73,0.00,0.00,,13.2,0,0,0,0.0,0.0,0.03,0.0,0.0,2023-2024
86,Tajon Buchanan,CAN,['DF'],Inter,24,1999,1.8,1,4,1,25.0,2.24,0.56,0.25,1.00,18.9,0,0,0,0.2,0.2,0.05,+0.8,+0.8,2023-2024
87,Alessandro Buongiorno,ITA,['DF'],Torino,24,1999,28.1,3,13,6,46.2,0.46,0.21,0.23,0.50,9.5,0,0,0,1.6,1.6,0.12,+1.4,+1.4,2023-2024
88,Rareș-Cătălin Burnete,ROU,['FW'],Lecce,19,2004,0.1,0,0,0,,0.00,0.00,,,,0,0,0,0.0,0.0,,0.0,0.0,2023-2024
89,Jovane Cabral,CPV,"['MF', 'FW']",Salernitana,25,1998,7.5,1,25,9,36.0,3.32,1.19,0.04,0.11,20.2,0,0,0,1.2,1.2,0.05,-0.2,-0.2,2023-2024
90,Liberato Cacace,NZL,['DF'],Empoli,22,2000,21.2,0,13,2,15.4,0.61,0.09,0.00,0.00,24.6,0,0,0,0.4,0.4,0.03,-0.4,-0.4,2023-2024
91,Jens Cajuste,SWE,['MF'],Napoli,23,1999,11.3,0,16,3,18.8,1.42,0.27,0.00,0.00,16.5,0,0,0,1.5,1.5,0.09,-1.5,-1.5,2023-2024
92,Davide Calabria,ITA,['DF'],Milan,26,1996,24.3,1,21,8,38.1,0.86,0.33,0.05,0.13,18.3,0,0,0,1.3,1.3,0.06,-0.3,-0.3,2023-2024
93,Riccardo Calafiori,ITA,['DF'],Bologna,21,2002,26.1,2,17,6,35.3,0.65,0.23,0.12,0.33,17.9,0,0,0,1.4,1.4,0.08,+0.6,+0.6,2023-2024
94,Mattia Caldara,ITA,['DF'],Milan,29,1994,0.4,0,1,0,0.0,2.73,0.00,0.00,,5.4,0,0,0,0.2,0.2,0.21,-0.2,-0.2,2023-2024
95,Luca Caldirola,ITA,['DF'],Monza,32,1991,23.8,1,9,2,22.2,0.38,0.08,0.11,0.50,10.8,0,0,0,0.5,0.5,0.05,+0.5,+0.5,2023-2024
96,Hakan Çalhanoğlu,TUR,['MF'],Inter,29,1994,28.4,13,52,13,25.0,1.83,0.46,0.06,0.23,29.5,12,10,10,10.1,2.3,0.04,+2.9,+0.7,2023-2024
97,Francesco Camarda,ITA,['FW'],Milan,15,2008,0.2,0,0,0,,0.00,0.00,,,,0,0,0,0.0,0.0,,0.0,0.0,2023-2024
98,Nicolò Cambiaghi,ITA,"['FW', 'MF']",Empoli,22,2000,28.4,1,71,17,23.9,2.50,0.60,0.01,0.06,19.8,0,0,0,3.9,3.9,0.05,-2.9,-2.9,2023-2024
99,Andrea Cambiaso,ITA,"['DF', 'FW']",Juventus,23,2000,26.4,2,29,8,27.6,1.10,0.30,0.07,0.25,18.6,0,0,0,2.2,2.2,0.08,-0.2,-0.2,2023-2024
100,Matteo Cancellieri,ITA,"['FW', 'MF']",Empoli,21,2002,19.9,4,40,12,30.0,2.01,0.60,0.10,0.33,16.6,1,0,0,4.7,4.7,0.12,-0.7,-0.7,2023-2024
101,Antonio Candreva,ITA,"['MF', 'FW']",Salernitana,36,1987,30.6,6,64,20,31.3,2.09,0.65,0.08,0.25,21.2,3,1,1,4.9,4.1,0.06,+1.1,+0.9,2023-2024
102,Luigi Canotto,ITA,['FW'],Frosinone,29,1994,0.2,0,0,0,,0.00,0.00,,,,0,0,0,0.0,0.0,,0.0,0.0,2023-2024
103,Gianluca Caprari,ITA,"['MF', 'FW']",Monza,30,1993,3.2,0,8,0,0.0,2.53,0.00,0.00,,19.6,1,0,0,0.7,0.7,0.09,-0.7,-0.7,2023-2024
104,Elia Caprile,ITA,['GK'],Empoli,21,2001,23.0,0,0,0,,0.00,0.00,,,,0,0,0,0.0,0.0,,0.0,0.0,2023-2024
105,Francesco Caputo,ITA,['FW'],Empoli,35,1987,14.1,3,22,9,40.9,1.56,0.64,0.09,0.22,11.7,0,1,1,3.4,2.6,0.12,-0.4,-0.6,2023-2024
106,Andrea Carboni,ITA,['DF'],Monza,22,2001,16.5,1,18,4,22.2,1.09,0.24,0.06,0.25,15.4,0,0,0,1.2,1.2,0.07,-0.2,-0.2,2023-2024
107,Valentin Carboni,ARG,"['MF', 'FW']",Monza,18,2005,13.0,2,23,7,30.4,1.77,0.54,0.09,0.29,18.3,0,0,0,2.3,2.3,0.10,-0.3,-0.3,2023-2024
108,Marco Carnesecchi,ITA,['GK'],Atalanta,23,2000,26.9,0,0,0,,0.00,0.00,,,,0,0,0,0.0,0.0,,0.0,0.0,2023-2024
109,Nicolò Casale,ITA,['DF'],Lazio,25,1998,17.3,0,7,1,14.3,0.40,0.06,0.00,0.00,16.4,0,0,0,0.9,0.9,0.12,-0.9,-0.9,2023-2024
110,Giuseppe Caso,ITA,"['FW', 'MF']",Frosinone,24,1998,4.6,0,7,4,57.1,1.51,0.86,0.00,0.00,19.4,0,0,0,0.3,0.3,0.04,-0.3,-0.3,2023-2024
111,Valentín Castellanos,ARG,['FW'],Lazio,24,1998,18.7,4,54,19,35.2,2.89,1.02,0.07,0.21,13.3,1,0,0,7.3,7.3,0.14,-3.3,-3.3,2023-2024
112,Samu Castillejo,ESP,"['FW', 'MF']",Sassuolo,28,1995,6.0,0,6,2,33.3,1.01,0.34,0.00,0.00,16.6,0,0,0,0.3,0.3,0.04,-0.3,-0.3,2023-2024
113,Santiago Castro,ARG,['FW'],Bologna,18,2004,2.7,1,7,3,42.9,2.60,1.12,0.14,0.33,19.6,0,0,0,1.0,1.0,0.14,0.0,0.0,2023-2024
114,Gaetano Castrovilli,ITA,"['FW', 'MF']",Fiorentina,26,1997,4.1,1,5,2,40.0,1.23,0.49,0.20,0.50,14.9,0,0,0,0.3,0.3,0.07,+0.7,+0.7,2023-2024
115,Danilo Cataldi,ITA,['MF'],Lazio,28,1994,15.1,1,12,2,16.7,0.79,0.13,0.08,0.50,27.8,0,0,0,0.4,0.4,0.03,+0.6,+0.6,2023-2024
116,Emil Ceide,NOR,"['FW', 'MF']",Sassuolo,21,2001,2.0,0,2,0,0.0,1.02,0.00,0.00,,20.3,0,0,0,0.1,0.1,0.05,-0.1,-0.1,2023-2024
117,Zeki Çelik,TUR,['DF'],Roma,26,1997,7.5,0,2,1,50.0,0.27,0.13,0.00,0.00,11.1,0,0,0,0.2,0.2,0.08,-0.2,-0.2,2023-2024
118,Fabien Centonze,FRA,['DF'],Hellas Verona,27,1996,7.5,0,1,0,0.0,0.13,0.00,0.00,,33.3,0,0,0,0.0,0.0,0.02,0.0,0.0,2023-2024
119,Michele Cerofolini,ITA,['GK'],Frosinone,24,1999,7.5,0,0,0,,0.00,0.00,,,,0,0,0,0.0,0.0,,0.0,0.0,2023-2024
120,Alberto Cerri,ITA,['FW'],Empoli,27,1996,6.1,1,10,3,30.0,1.65,0.50,0.10,0.33,10.8,0,0,0,1.2,1.2,0.12,-0.2,-0.2,2023-2024
121,Leonardo Cerri,ITA,['DF'],Juventus,20,2003,0.1,0,0,0,,0.00,0.00,,,,0,0,0,0.0,0.0,,0.0,0.0,2023-2024
122,Charlys,BRA,['MF'],Hellas Verona,19,2004,0.3,0,0,0,,0.00,0.00,,,,0,0,0,0.0,0.0,,0.0,0.0,2023-2024
123,Walid Cheddira,MAR,['FW'],Frosinone,25,1998,23.6,7,59,26,44.1,2.50,1.10,0.10,0.23,14.1,0,1,1,9.0,8.2,0.14,-2.0,-2.2,2023-2024
124,Federico Chiesa,ITA,['FW'],Juventus,25,1997,24.4,9,74,25,33.8,3.03,1.02,0.11,0.32,19.2,5,1,1,6.4,5.6,0.08,+2.6,+2.4,2023-2024
125,Oliver Christensen,DEN,['GK'],Fiorentina,24,1999,4.0,0,0,0,,0.00,0.00,,,,0,0,0,0.0,0.0,,0.0,0.0,2023-2024
126,Samuel Chukwueze,NGA,['FW'],Milan,24,1999,11.3,1,28,8,28.6,2.48,0.71,0.04,0.13,17.7,0,0,0,1.7,1.7,0.06,-0.7,-0.7,2023-2024
127,Alphadjo Cissè,ITA,['FW'],Hellas Verona,16,2006,0.1,0,0,0,,0.00,0.00,,,,0,0,0,0.0,0.0,,0.0,0.0,2023-2024
128,Giorgio Cittadini,ITA,['DF'],Monza,21,2002,0.2,0,0,0,,0.00,0.00,,,,0,0,0,0.0,0.0,,0.0,0.0,2023-2024
129,Giorgio Cittadini,ITA,['DF'],Genoa,21,2002,1.2,0,0,0,,0.00,0.00,,,,0,0,0,0.0,0.0,,0.0,0.0,2023-2024
130,Patrick Ciurria,ITA,"['DF', 'MF']",Monza,28,1995,17.8,0,28,7,25.0,1.58,0.39,0.00,0.00,22.6,0,0,0,1.5,1.5,0.05,-1.5,-1.5,2023-2024
131,Lorenzo Colombo,ITA,['FW'],Monza,21,2002,15.1,4,37,10,27.0,2.45,0.66,0.11,0.40,17.2,0,0,0,3.6,3.6,0.10,+0.4,+0.4,2023-2024
132,Andrea Colpani,ITA,"['MF', 'FW']",Monza,24,1999,29.5,8,65,19,29.2,2.20,0.64,0.12,0.42,19.9,9,0,0,4.8,4.8,0.07,+3.2,+3.2,2023-2024
133,Pietro Comuzzo,ITA,"['DF', 'FW']",Fiorentina,18,2005,0.5,0,0,0,,0.00,0.00,,,,0,0,0,0.0,0.0,,0.0,0.0,2023-2024
134,Andrea Consigli,ITA,['GK'],Sassuolo,36,1987,35.0,0,0,0,,0.00,0.00,,,,0,0,0,0.0,0.0,,0.0,0.0,2023-2024
135,Nikita Contini Baranovsky,ITA,['GK'],Napoli,27,1996,0.2,0,0,0,,0.00,0.00,,,,0,0,0,0.0,0.0,,0.0,0.0,2023-2024
136,Diego Coppola,ITA,['DF'],Hellas Verona,19,2003,18.2,2,13,3,23.1,0.72,0.17,0.15,0.67,8.3,0,0,0,1.2,1.2,0.09,+0.8,+0.8,2023-2024
137,Tommaso Corazza,ITA,['DF'],Bologna,19,2004,2.2,0,1,0,0.0,0.46,0.00,0.00,,12.8,0,0,0,0.1,0.1,0.10,-0.1,-0.1,2023-2024
138,Jeppe Corfitzen,DEN,['FW'],Lecce,18,2004,0.1,0,0,0,,0.00,0.00,,,,0,0,0,0.0,0.0,,0.0,0.0,2023-2024
139,Giacomo Corona,ITA,['FW'],Empoli,19,2004,0.1,0,0,0,,0.00,0.00,,,,0,0,0,0.0,0.0,,0.0,0.0,2023-2024
140,João Costa,BRA,"['MF', 'FW']",Roma,18,2005,0.2,0,0,0,,0.00,0.00,,,,0,0,0,0.0,0.0,,0.0,0.0,2023-2024
141,Benoît Costil,FRA,['GK'],Salernitana,36,1987,13.0,0,0,0,,0.00,0.00,,,,0,0,0,0.0,0.0,,0.0,0.0,2023-2024
142,Lassana Coulibaly,MLI,['MF'],Salernitana,27,1996,23.1,0,13,3,23.1,0.56,0.13,0.00,0.00,20.5,0,0,0,0.6,0.6,0.05,-0.6,-0.6,2023-2024
143,Mamadou Coulibaly,SEN,['DF'],Salernitana,24,1999,0.0,0,0,0,,0.00,0.00,,,,0,0,0,0.0,0.0,,0.0,0.0,2023-2024
144,Alessio Cragno,ITA,['GK'],Sassuolo,29,1994,3.0,0,0,0,,0.00,0.00,,,,0,0,0,0.0,0.0,,0.0,0.0,2023-2024
145,Bryan Cristante,ITA,"['MF', 'DF']",Roma,28,1995,36.5,3,54,8,14.8,1.48,0.22,0.06,0.38,17.2,0,0,0,4.0,4.0,0.07,-1.0,-1.0,2023-2024
146,Juan Cruz,ARG,"['FW', 'MF']",Hellas Verona,24,1999,1.2,0,1,0,0.0,0.83,0.00,0.00,,26.3,0,0,0,0.0,0.0,0.04,0.0,0.0,2023-2024
147,Juan Cuadrado,COL,['DF'],Inter,35,1988,3.0,0,5,0,0.0,1.69,0.00,0.00,,19.7,0,0,0,0.2,0.2,0.04,-0.2,-0.2,2023-2024
148,Marvin Cuni,ALB,['FW'],Frosinone,22,2001,5.9,1,10,2,20.0,1.69,0.34,0.10,0.50,14.3,1,0,0,1.3,1.3,0.13,-0.3,-0.3,2023-2024
149,Danilo D'Ambrosio,ITA,['DF'],Monza,34,1988,17.1,0,14,4,28.6,0.82,0.23,0.00,0.00,15.0,0,0,0,0.7,0.7,0.05,-0.7,-0.7,2023-2024
150,Flavius Daniliuc,AUT,['DF'],Salernitana,22,2001,8.3,0,2,0,0.0,0.24,0.00,0.00,,15.4,0,0,0,0.2,0.2,0.12,-0.2,-0.2,2023-2024
151,Danilo,BRA,['DF'],Juventus,32,1991,27.2,1,17,2,11.8,0.62,0.07,0.06,0.50,19.1,0,0,0,1.3,1.3,0.08,-0.3,-0.3,2023-2024
152,Matteo Darmian,ITA,['DF'],Inter,33,1989,26.7,2,10,5,50.0,0.37,0.19,0.20,0.40,15.7,0,0,0,1.2,1.2,0.12,+0.8,+0.8,2023-2024
153,Juan David Cabal,COL,['DF'],Hellas Verona,22,2001,16.6,0,12,3,25.0,0.72,0.18,0.00,0.00,17.2,0,0,0,0.5,0.5,0.04,-0.5,-0.5,2023-2024
154,Keinan Davis,ENG,"['FW', 'MF']",Udinese,25,1998,2.1,1,6,3,50.0,2.90,1.45,0.17,0.33,14.9,0,0,0,0.5,0.5,0.08,+0.5,+0.5,2023-2024
155,Paweł Dawidowicz,POL,['DF'],Hellas Verona,28,1995,23.8,0,9,1,11.1,0.38,0.04,0.00,0.00,11.5,0,0,0,0.5,0.5,0.06,-0.5,-0.5,2023-2024
156,Charles De Ketelaere,BEL,"['FW', 'MF']",Atalanta,22,2001,22.5,10,44,24,54.5,1.95,1.07,0.20,0.38,14.2,0,1,1,7.1,6.3,0.14,+2.9,+2.7,2023-2024
157,Mattia De Sciglio,ITA,['DF'],Juventus,30,1992,0.5,0,0,0,,0.00,0.00,,,,0,0,0,0.0,0.0,,0.0,0.0,2023-2024
158,Lorenzo De Silvestri,ITA,['DF'],Bologna,35,1988,7.5,2,4,2,50.0,0.53,0.27,0.50,1.00,17.8,0,0,0,0.2,0.2,0.05,+1.8,+1.8,2023-2024
159,Koni De Winter,BEL,['DF'],Genoa,21,2002,26.4,0,11,1,9.1,0.42,0.04,0.00,0.00,9.9,0,0,0,0.8,0.8,0.07,-0.8,-0.8,2023-2024
160,Grégoire Defrel,MTQ,"['FW', 'MF']",Sassuolo,32,1991,8.4,1,12,3,25.0,1.43,0.36,0.08,0.33,21.5,0,0,0,1.0,1.0,0.08,0.0,0.0,2023-2024
161,Alessandro Deiola,ITA,['MF'],Cagliari,27,1995,17.9,1,25,6,24.0,1.40,0.34,0.04,0.17,17.2,2,0,0,2.5,2.5,0.10,-1.5,-1.5,2023-2024
162,Alessandro Dellavalle,ITA,['DF'],Torino,19,2004,0.2,0,0,0,,0.00,0.00,,,,0,0,0,0.0,0.0,,0.0,0.0,2023-2024
163,Diego Demme,GER,['MF'],Napoli,31,1991,0.8,0,0,0,,0.00,0.00,,,,0,0,0,0.0,0.0,,0.0,0.0,2023-2024
164,Leander Dendoncker,BEL,['MF'],Napoli,28,1995,0.3,0,1,0,0.0,3.75,0.00,0.00,,28.2,0,0,0,0.0,0.0,0.03,0.0,0.0,2023-2024
165,Mattia Destro,ITA,"['FW', 'MF']",Empoli,32,1991,4.1,0,11,4,36.4,2.70,0.98,0.00,0.00,15.0,0,0,0,1.2,1.2,0.11,-1.2,-1.2,2023-2024
166,Federico Di Francesco,ITA,"['FW', 'MF']",Lecce,29,1994,0.2,1,2,1,50.0,12.00,6.00,0.50,1.00,31.9,0,0,0,0.1,0.1,0.04,+0.9,+0.9,2023-2024
167,Raffaele Di Gennaro,ITA,['GK'],Inter,29,1993,0.3,0,0,0,,0.00,0.00,,,,0,0,0,0.0,0.0,,0.0,0.0,2023-2024
168,Michele Di Gregorio,ITA,['GK'],Monza,26,1997,31.9,0,0,0,,0.00,0.00,,,,0,0,0,0.0,0.0,,0.0,0.0,2023-2024
169,Giovanni Di Lorenzo,ITA,['DF'],Napoli,29,1993,35.9,1,37,6,16.2,1.03,0.17,0.03,0.17,13.4,0,0,0,3.1,3.1,0.08,-2.1,-2.1,2023-2024
170,Alessandro Di Pardo,ITA,"['DF', 'MF']",Cagliari,24,1999,4.0,0,3,0,0.0,0.75,0.00,0.00,,24.1,0,0,0,0.1,0.1,0.03,-0.1,-0.1,2023-2024
171,Boulaye Dia,SEN,"['FW', 'MF']",Salernitana,26,1996,12.7,4,28,9,32.1,2.20,0.71,0.11,0.33,16.0,0,1,1,3.9,3.1,0.11,+0.1,-0.1,2023-2024
172,Federico Dimarco,ITA,['DF'],Inter,25,1997,23.1,5,51,19,37.3,2.21,0.82,0.10,0.26,21.0,3,0,0,2.9,2.7,0.05,+2.1,+2.3,2023-2024
173,Tiago Djaló,POR,['DF'],Juventus,23,2000,0.2,0,0,0,,0.00,0.00,,,,0,0,0,0.0,0.0,,0.0,0.0,2023-2024
174,Koffi Djidji,CIV,['DF'],Torino,30,1992,8.4,0,2,0,0.0,0.24,0.00,0.00,,23.0,0,0,0,0.1,0.1,0.03,-0.1,-0.1,2023-2024
175,Berat Djimsiti,ALB,['DF'],Atalanta,30,1993,31.5,0,13,0,0.0,0.41,0.00,0.00,,10.6,0,0,0,0.8,0.8,0.06,-0.8,-0.8,2023-2024
176,Dodô,BRA,['DF'],Fiorentina,24,1998,5.8,0,2,1,50.0,0.34,0.17,0.00,0.00,19.9,0,0,0,0.1,0.1,0.04,-0.1,-0.1,2023-2024
177,Josh Doig,SCO,['DF'],Hellas Verona,21,2002,9.2,0,5,1,20.0,0.54,0.11,0.00,0.00,19.8,0,0,0,0.2,0.2,0.04,-0.2,-0.2,2023-2024
178,Josh Doig,SCO,['DF'],Sassuolo,21,2002,14.9,0,8,2,25.0,0.54,0.13,0.00,0.00,20.9,0,0,0,0.2,0.2,0.02,-0.2,-0.2,2023-2024
179,Nicolás Domínguez,ARG,['MF'],Bologna,25,1998,1.1,0,0,0,,0.00,0.00,,,,0,0,0,0.0,0.0,,0.0,0.0,2023-2024
180,Giulio Donati,ITA,['DF'],Monza,33,1990,0.4,0,1,1,100.0,2.50,2.50,0.00,0.00,27.3,0,0,0,0.0,0.0,0.02,0.0,0.0,2023-2024
181,Patrick Dorgu,DEN,"['DF', 'MF']",Lecce,18,2004,17.4,2,18,7,38.9,1.04,0.40,0.11,0.29,17.8,0,0,0,2.0,2.0,0.11,0.0,0.0,2023-2024
182,Alberto Dossena,ITA,['DF'],Cagliari,24,1998,33.1,2,24,6,25.0,0.73,0.18,0.08,0.33,11.3,0,0,0,2.2,2.2,0.09,-0.2,-0.2,2023-2024
183,Radu Drăgușin,ROU,['DF'],Genoa,21,2002,19.0,2,17,4,23.5,0.89,0.21,0.12,0.50,12.5,0,0,0,1.0,1.0,0.06,+1.0,+1.0,2023-2024
184,Ondrej Duda,SVK,['MF'],Hellas Verona,28,1994,27.3,1,23,6,26.1,0.84,0.22,0.04,0.17,23.5,3,0,1,2.2,1.4,0.06,-1.2,-0.4,2023-2024
185,Denzel Dumfries,NED,['DF'],Inter,27,1996,18.2,4,24,6,25.0,1.32,0.33,0.17,0.67,11.8,0,0,0,2.3,2.3,0.09,+1.7,+1.7,2023-2024
186,Alfred Duncan,GHA,['MF'],Fiorentina,30,1993,21.0,2,23,6,26.1,1.10,0.29,0.09,0.33,23.4,0,0,0,1.5,1.5,0.06,+0.5,+0.5,2023-2024
187,Paulo Dybala,ARG,"['FW', 'MF']",Roma,29,1993,21.8,13,52,16,30.8,2.39,0.74,0.12,0.38,21.2,5,7,7,10.6,5.1,0.10,+2.4,+0.9,2023-2024
188,Festy Ebosele,IRL,['DF'],Udinese,20,2002,18.9,0,16,5,31.3,0.85,0.26,0.00,0.00,21.1,0,0,0,0.8,0.8,0.05,-0.8,-0.8,2023-2024
189,Enzo Ebosse,CMR,['DF'],Udinese,24,1999,0.1,0,0,0,,0.00,0.00,,,,0,0,0,0.0,0.0,,0.0,0.0,2023-2024
190,Tyronne Ebuehi,NGA,['DF'],Empoli,27,1995,12.2,0,5,1,20.0,0.41,0.08,0.00,0.00,15.6,0,0,0,0.3,0.3,0.05,-0.3,-0.3,2023-2024
191,Éderson,BRA,['MF'],Atalanta,24,1999,31.9,6,38,11,28.9,1.19,0.35,0.16,0.55,18.1,0,0,0,3.5,3.5,0.09,+2.5,+2.5,2023-2024
192,Kingsley Ehizibue,NED,['DF'],Udinese,28,1995,10.6,0,18,3,16.7,1.70,0.28,0.00,0.00,18.5,0,0,0,1.3,1.3,0.07,-1.3,-1.3,2023-2024
193,Emmanuel Ekong,SWE,['FW'],Empoli,21,2002,0.1,0,0,0,,0.00,0.00,,,,0,0,0,0.0,0.0,,0.0,0.0,2023-2024
194,Caleb Ekuban,GHA,['FW'],Genoa,29,1994,12.6,4,27,12,44.4,2.15,0.95,0.15,0.33,14.7,0,0,0,2.9,2.9,0.11,+1.1,+1.1,2023-2024
195,Elif Elmas,MKD,"['FW', 'MF']",Napoli,23,1999,3.8,2,6,6,100.0,1.59,1.59,0.33,0.33,19.1,0,0,0,0.5,0.5,0.08,+1.5,+1.5,2023-2024
196,Martin Erlic,CRO,['DF'],Sassuolo,25,1998,29.1,1,8,3,37.5,0.28,0.10,0.13,0.33,10.2,0,0,0,1.0,1.0,0.12,0.0,0.0,2023-2024
197,Giovanni Fabbian,ITA,"['MF', 'FW']",Bologna,20,2003,11.7,5,28,10,35.7,2.38,0.85,0.18,0.50,14.5,0,0,0,4.2,4.2,0.15,+0.8,+0.8,2023-2024
198,Nicolò Fagioli,ITA,['MF'],Juventus,22,2001,4.9,0,6,2,33.3,1.24,0.41,0.00,0.00,20.1,1,0,0,0.4,0.4,0.06,-0.4,-0.4,2023-2024
199,Wladimiro Falcone,ITA,['GK'],Lecce,28,1995,38.0,0,0,0,,0.00,0.00,,,,0,0,0,0.0,0.0,,0.0,0.0,2023-2024
200,Davide Faraoni,ITA,['DF'],Hellas Verona,31,1991,6.7,0,7,1,14.3,1.05,0.15,0.00,0.00,17.0,0,0,0,0.4,0.4,0.06,-0.4,-0.4,2023-2024
201,Davide Faraoni,ITA,['DF'],Fiorentina,31,1991,4.4,0,3,1,33.3,0.69,0.23,0.00,0.00,18.5,0,0,0,0.1,0.1,0.03,-0.1,-0.1,2023-2024
202,Federico Fazio,ARG,['DF'],Salernitana,36,1987,15.1,1,8,2,25.0,0.53,0.13,0.13,0.50,11.5,0,0,0,0.4,0.4,0.05,+0.6,+0.6,2023-2024
203,Jacopo Fazzini,ITA,['MF'],Empoli,20,2003,13.7,1,23,4,17.4,1.68,0.29,0.04,0.25,19.8,2,0,0,1.2,1.2,0.05,-0.2,-0.2,2023-2024
204,Lewis Ferguson,SCO,['MF'],Bologna,23,1999,30.1,6,60,20,33.3,1.99,0.66,0.10,0.30,16.0,0,0,0,5.4,5.4,0.09,+0.6,+0.6,2023-2024
205,Andrea Ferraris,ITA,['MF'],Monza,20,2003,0.1,0,0,0,,0.00,0.00,,,,0,0,0,0.0,0.0,,0.0,0.0,2023-2024
206,João Ferreira,POR,['DF'],Udinese,22,2001,20.2,0,3,0,0.0,0.15,0.00,0.00,,17.1,0,0,0,0.1,0.1,0.04,-0.1,-0.1,2023-2024
207,Seydou Fini,ITA,"['DF', 'FW']",Genoa,17,2006,0.4,0,2,0,0.0,5.14,0.00,0.00,,18.3,0,0,0,0.1,0.1,0.07,-0.1,-0.1,2023-2024
208,Vincenzo Fiorillo,ITA,['GK'],Salernitana,33,1990,4.0,0,0,0,,0.00,0.00,,,,0,0,0,0.0,0.0,,0.0,0.0,2023-2024
209,Alessandro Florenzi,ITA,['DF'],Milan,32,1991,19.2,1,32,10,31.3,1.66,0.52,0.03,0.10,25.4,4,0,0,1.7,1.7,0.05,-0.7,-0.7,2023-2024
210,Michael Folorunsho,ITA,"['MF', 'FW']",Hellas Verona,25,1998,30.9,5,47,14,29.8,1.52,0.45,0.11,0.36,19.8,0,0,0,4.0,3.9,0.08,+1.0,+1.1,2023-2024
211,Davide Frattesi,ITA,['MF'],Inter,23,1999,10.6,6,32,13,40.6,3.02,1.23,0.19,0.46,11.4,0,0,0,7.1,7.1,0.22,-1.1,-1.1,2023-2024
212,Morten Frendrup,DEN,['MF'],Genoa,22,2001,34.9,2,30,4,13.3,0.86,0.11,0.07,0.50,20.5,0,0,0,1.7,1.7,0.06,+0.3,+0.3,2023-2024
213,Remo Freuler,SUI,['MF'],Bologna,31,1992,29.2,1,14,4,28.6,0.48,0.14,0.07,0.25,17.4,0,0,0,1.2,1.2,0.09,-0.2,-0.2,2023-2024
214,Gerardo Fusco,ITA,['FW'],Salernitana,18,2005,0.2,0,0,0,,0.00,0.00,,,,0,0,0,0.0,0.0,,0.0,0.0,2023-2024
215,Matteo Gabbia,ITA,['DF'],Milan,23,1999,14.2,2,11,5,45.5,0.78,0.35,0.18,0.40,12.4,0,0,0,1.6,1.6,0.14,+0.4,+0.4,2023-2024
216,Gianluca Gaetano,ITA,"['FW', 'MF']",Cagliari,23,2000,8.3,4,13,5,38.5,1.57,0.60,0.23,0.60,22.5,0,1,1,1.3,0.5,0.04,+2.7,+2.5,2023-2024
217,Gianluca Gaetano,ITA,['MF'],Napoli,23,2000,1.8,1,9,4,44.4,5.03,2.24,0.11,0.25,22.2,0,0,0,0.6,0.6,0.07,+0.4,+0.4,2023-2024
218,Roberto Gagliardini,ITA,"['MF', 'DF']",Monza,29,1994,26.2,1,36,9,25.0,1.37,0.34,0.03,0.11,17.8,1,0,0,2.9,2.9,0.08,-1.9,-1.9,2023-2024
219,Pablo Galdames Millán,CHI,"['MF', 'DF']",Genoa,26,1996,0.1,0,1,1,100.0,8.18,8.18,0.00,0.00,14.1,0,0,0,0.0,0.0,0.03,0.0,0.0,2023-2024
220,Antonino Gallo,ITA,['DF'],Lecce,23,2000,27.7,0,15,3,20.0,0.54,0.11,0.00,0.00,22.0,0,0,0,0.5,0.5,0.04,-0.5,-0.5,2023-2024
221,Luca Garritano,ITA,"['MF', 'DF']",Frosinone,29,1994,5.4,0,12,3,25.0,2.23,0.56,0.00,0.00,18.9,1,0,0,0.7,0.7,0.06,-0.7,-0.7,2023-2024
222,Federico Gatti,ITA,['DF'],Juventus,25,1998,29.3,4,35,7,20.0,1.19,0.24,0.11,0.57,14.3,0,0,0,5.5,5.5,0.16,-1.5,-1.5,2023-2024
223,Francesco Gelli,ITA,"['MF', 'DF']",Frosinone,26,1996,17.3,0,10,3,30.0,0.58,0.17,0.00,0.00,18.3,0,0,0,0.7,0.7,0.07,-0.7,-0.7,2023-2024
224,Luca Gemello,ITA,['GK'],Torino,23,2000,2.0,0,0,0,,0.00,0.00,,,,0,0,0,0.0,0.0,,0.0,0.0,2023-2024
225,Valentin Gendrey,FRA,['DF'],Lecce,23,2000,33.8,2,18,5,27.8,0.53,0.15,0.11,0.40,12.6,0,0,0,1.6,1.6,0.09,+0.4,+0.4,2023-2024
226,Farés Ghedjemis,FRA,"['FW', 'MF']",Frosinone,20,2002,2.0,0,3,2,66.7,1.48,0.99,0.00,0.00,17.5,0,0,0,0.1,0.1,0.04,-0.1,-0.1,2023-2024
227,Lautaro Gianetti,ARG,['DF'],Udinese,29,1993,7.0,1,3,2,66.7,0.43,0.29,0.33,0.50,9.7,0,0,0,0.4,0.4,0.13,+0.6,+0.6,2023-2024
228,Mario Gila,ESP,['DF'],Lazio,22,2000,20.1,0,8,2,25.0,0.40,0.10,0.00,0.00,16.2,0,0,0,0.5,0.5,0.07,-0.5,-0.5,2023-2024
229,Gvidas Gineitis,LTU,['MF'],Torino,19,2004,6.0,0,9,2,22.2,1.51,0.33,0.00,0.00,26.8,3,0,0,0.4,0.4,0.05,-0.4,-0.4,2023-2024
230,Olivier Giroud,FRA,['FW'],Milan,36,1986,26.3,15,72,29,40.3,2.74,1.10,0.15,0.38,12.6,2,4,5,14.2,10.2,0.14,+0.8,+0.8,2023-2024
231,Edoardo Goldaniga,ITA,['DF'],Cagliari,29,1993,11.2,0,4,3,75.0,0.36,0.27,0.00,0.00,7.9,0,0,0,0.5,0.5,0.14,-0.5,-0.5,2023-2024
232,Pierluigi Gollini,ITA,['GK'],Napoli,28,1995,7.0,0,1,0,0.0,0.14,0.00,0.00,,12.9,0,0,0,0.0,0.0,0.02,0.0,0.0,2023-2024
233,Papu Gómez,ARG,"['MF', 'FW']",Monza,35,1988,0.5,0,0,0,,0.00,0.00,,,,0,0,0,0.0,0.0,,0.0,0.0,2023-2024
234,Iron Gomis,FRA,['MF'],Salernitana,23,1999,1.5,0,3,1,33.3,2.01,0.67,0.00,0.00,17.1,0,0,0,0.6,0.6,0.19,-0.6,-0.6,2023-2024
235,Joan Gonzàlez,ESP,['MF'],Lecce,21,2002,14.3,1,13,5,38.5,0.91,0.35,0.08,0.20,18.3,0,0,0,1.2,1.2,0.09,-0.2,-0.2,2023-2024
236,Nicolás González,ARG,['FW'],Fiorentina,25,1998,21.3,12,84,33,39.3,3.95,1.55,0.13,0.33,16.6,2,1,3,10.4,8.0,0.10,+1.6,+3.0,2023-2024
237,Alberto Grassi,ITA,['MF'],Empoli,28,1995,20.1,0,23,5,21.7,1.15,0.25,0.00,0.00,20.0,1,0,0,1.1,1.1,0.05,-1.1,-1.1,2023-2024
238,Mattéo Guendouzi,FRA,['MF'],Lazio,24,1999,26.3,2,26,6,23.1,0.99,0.23,0.08,0.33,19.2,0,0,0,1.6,1.6,0.06,+0.4,+0.4,2023-2024
239,Axel Guessand,FRA,['DF'],Udinese,18,2004,0.5,0,1,0,0.0,2.00,0.00,0.00,,12.5,0,0,0,0.0,0.0,0.01,0.0,0.0,2023-2024
240,Albert Guðmundsson,ISL,"['FW', 'MF']",Genoa,26,1997,33.5,14,52,19,36.5,1.55,0.57,0.19,0.53,20.8,8,4,5,9.9,5.8,0.11,+4.1,+4.2,2023-2024
241,Emmanuel Gyasi,GHA,"['DF', 'FW']",Empoli,29,1994,20.9,1,16,6,37.5,0.77,0.29,0.06,0.17,10.5,0,0,0,3.5,3.5,0.22,-2.5,-2.5,2023-2024
242,Norbert Gyömbér,SVK,['DF'],Salernitana,31,1992,19.6,0,4,0,0.0,0.20,0.00,0.00,,13.7,0,0,0,0.2,0.2,0.04,-0.2,-0.2,2023-2024
243,Nicolas Haas,SUI,['MF'],Empoli,27,1996,1.0,0,1,1,100.0,1.00,1.00,0.00,0.00,14.5,0,0,0,0.1,0.1,0.10,-0.1,-0.1,2023-2024
244,Ridgeciano Haps,SUR,['DF'],Genoa,30,1993,8.6,0,4,0,0.0,0.47,0.00,0.00,,18.6,0,0,0,0.1,0.1,0.03,-0.1,-0.1,2023-2024
245,Abdou Harroui,NED,"['MF', 'FW']",Frosinone,25,1998,11.3,3,32,11,34.4,2.83,0.97,0.06,0.18,21.1,0,1,1,3.1,2.3,0.07,-0.1,-0.3,2023-2024
246,Hans Hateboer,NED,['DF'],Atalanta,29,1994,12.4,0,11,3,27.3,0.89,0.24,0.00,0.00,18.1,0,0,0,0.3,0.3,0.03,-0.3,-0.3,2023-2024
247,Pantelis Hatzidiakos,GRE,['DF'],Cagliari,26,1997,9.5,0,4,1,25.0,0.42,0.11,0.00,0.00,14.0,0,0,0,0.4,0.4,0.10,-0.4,-0.4,2023-2024
248,Silvan Hefti,SUI,"['MF', 'DF']",Genoa,25,1997,1.3,0,0,0,,0.00,0.00,,,,0,0,0,0.0,0.0,,0.0,0.0,2023-2024
249,Liam Henderson,SCO,['MF'],Empoli,27,1996,0.1,0,0,0,,0.00,0.00,,,,0,0,0,0.0,0.0,,0.0,0.0,2023-2024
250,Matheus Henrique,BRA,['MF'],Sassuolo,25,1997,27.8,2,19,7,36.8,0.68,0.25,0.11,0.29,20.7,0,0,0,2.3,2.3,0.12,-0.3,-0.3,2023-2024
251,Thomas Henry,FRA,['FW'],Hellas Verona,28,1994,3.7,3,13,7,53.8,3.50,1.89,0.23,0.43,13.9,0,0,1,3.3,2.5,0.19,-0.3,+0.5,2023-2024
252,Theo Hernández,FRA,['DF'],Milan,25,1997,31.0,5,55,16,29.1,1.77,0.52,0.07,0.25,20.7,2,1,2,4.9,3.4,0.06,+0.1,+0.6,2023-2024
253,Isak Hien,SWE,['DF'],Hellas Verona,24,1999,9.6,0,4,1,25.0,0.42,0.10,0.00,0.00,9.0,0,0,0,0.4,0.4,0.11,-0.4,-0.4,2023-2024
254,Isak Hien,SWE,['DF'],Atalanta,24,1999,10.4,0,4,2,50.0,0.38,0.19,0.00,0.00,9.1,0,0,0,0.2,0.2,0.05,-0.2,-0.2,2023-2024
255,Emil Holm,SWE,['DF'],Atalanta,23,2000,10.5,1,26,8,30.8,2.47,0.76,0.04,0.13,11.9,0,0,0,2.7,2.7,0.11,-1.7,-1.7,2023-2024
256,Martin Hongla,CMR,['MF'],Hellas Verona,25,1998,12.0,0,3,0,0.0,0.25,0.00,0.00,,23.6,0,0,0,0.1,0.1,0.05,-0.1,-0.1,2023-2024
257,Sydney van Hooijdonk,NED,['FW'],Bologna,23,2000,2.4,0,5,1,20.0,2.12,0.42,0.00,0.00,18.1,1,0,0,0.6,0.6,0.12,-0.6,-0.6,2023-2024
258,Dean Huijsen,ESP,['DF'],Roma,18,2005,5.7,2,6,2,33.3,1.06,0.35,0.33,1.00,11.0,0,0,0,0.4,0.4,0.07,+1.6,+1.6,2023-2024
259,Dean Huijsen,ESP,['DF'],Juventus,18,2005,0.1,0,0,0,,0.00,0.00,,,,0,0,0,0.0,0.0,,0.0,0.0,2023-2024
260,Elseid Hysaj,ALB,['DF'],Lazio,29,1994,13.3,0,2,1,50.0,0.15,0.08,0.00,0.00,18.1,0,0,0,0.2,0.2,0.12,-0.2,-0.2,2023-2024
261,Arijon Ibrahimović,GER,"['FW', 'DF']",Frosinone,17,2005,5.3,1,12,4,33.3,2.28,0.76,0.08,0.25,20.7,0,0,0,0.8,0.8,0.07,+0.2,+0.2,2023-2024
262,Jonathan Ikone,FRA,['FW'],Fiorentina,25,1998,18.7,3,39,15,38.5,2.09,0.80,0.08,0.20,16.1,0,0,0,4.6,4.6,0.12,-1.6,-1.6,2023-2024
263,Chukwubuikem Ikwuemesi,NGA,['FW'],Salernitana,21,2001,11.8,1,22,8,36.4,1.87,0.68,0.05,0.13,16.1,0,0,0,2.4,2.4,0.11,-1.4,-1.4,2023-2024
264,Ivan Ilić,SRB,['MF'],Torino,22,2001,23.3,3,27,11,40.7,1.16,0.47,0.11,0.27,22.4,6,0,0,2.1,2.1,0.08,+0.9,+0.9,2023-2024
265,Samuel Iling-Junior,ENG,"['DF', 'MF']",Juventus,19,2003,9.0,1,9,4,44.4,1.00,0.44,0.11,0.25,15.5,0,0,0,0.7,0.7,0.08,+0.3,+0.3,2023-2024
266,Ciro Immobile,ITA,['FW'],Lazio,33,1990,18.4,7,45,19,42.2,2.45,1.04,0.07,0.16,13.5,0,4,4,9.7,6.6,0.15,-2.7,-3.6,2023-2024
267,Gino Infantino,ARG,['MF'],Fiorentina,20,2003,1.1,0,1,0,0.0,0.94,0.00,0.00,,29.3,0,0,0,0.0,0.0,0.02,0.0,0.0,2023-2024
268,Gustav Isaksen,DEN,['FW'],Lazio,22,2001,11.9,3,23,9,39.1,1.93,0.75,0.13,0.33,20.0,3,0,0,1.6,1.6,0.07,+1.4,+1.4,2023-2024
269,Ardian Ismajli,ALB,['DF'],Empoli,26,1996,22.7,0,5,0,0.0,0.22,0.00,0.00,,10.0,0,0,0,0.3,0.3,0.06,-0.3,-0.3,2023-2024
270,Armando Izzo,ITA,['DF'],Monza,31,1992,18.3,0,5,3,60.0,0.27,0.16,0.00,0.00,12.1,0,0,0,0.7,0.7,0.14,-0.7,-0.7,2023-2024
271,Filip Jagiełło,POL,['MF'],Genoa,25,1997,0.4,0,0,0,,0.00,0.00,,,,0,0,0,0.0,0.0,,0.0,0.0,2023-2024
272,Jakub Jankto,CZE,"['MF', 'FW']",Cagliari,27,1996,9.7,1,12,5,41.7,1.24,0.52,0.08,0.20,13.4,0,0,0,1.5,1.5,0.12,-0.5,-0.5,2023-2024
273,Juan Jesus,BRA,['DF'],Napoli,32,1991,23.5,1,8,2,25.0,0.34,0.09,0.13,0.50,8.9,0,0,0,1.3,1.3,0.16,-0.3,-0.3,2023-2024
274,Álex Jiménez,ESP,['DF'],Milan,18,2005,0.8,0,0,0,,0.00,0.00,,,,0,0,0,0.0,0.0,,0.0,0.0,2023-2024
275,Kaio Jorge,BRA,['FW'],Frosinone,21,2002,9.0,3,25,12,48.0,2.77,1.33,0.08,0.17,14.9,1,1,2,5.4,3.8,0.16,-2.4,-1.8,2023-2024
276,Luka Jović,SRB,['FW'],Milan,25,1997,9.7,6,22,12,54.5,2.26,1.23,0.27,0.50,11.3,0,0,0,4.9,4.9,0.23,+1.1,+1.1,2023-2024
277,Hamed Junior Traorè,CIV,['MF'],Napoli,23,2000,4.2,0,10,3,30.0,2.36,0.71,0.00,0.00,22.6,0,0,0,0.9,0.9,0.09,-0.9,-0.9,2023-2024
278,Mohamed Kaba,FRA,['MF'],Lecce,21,2001,15.3,0,14,6,42.9,0.91,0.39,0.00,0.00,18.4,0,0,0,1.2,1.2,0.08,-1.2,-1.2,2023-2024
279,Christian Kabasele,BEL,['DF'],Udinese,32,1991,9.6,1,7,2,28.6,0.73,0.21,0.14,0.50,9.0,0,0,0,1.2,1.2,0.17,-0.2,-0.2,2023-2024
280,Yayah Kallon,SLE,['FW'],Hellas Verona,22,2001,0.0,0,0,0,,0.00,0.00,,,,0,0,0,0.0,0.0,,0.0,0.0,2023-2024
281,Pierre Kalulu,FRA,['DF'],Milan,23,2000,4.2,0,2,0,0.0,0.48,0.00,0.00,,11.2,0,0,0,0.1,0.1,0.03,-0.1,-0.1,2023-2024
282,Daichi Kamada,JPN,['MF'],Lazio,26,1996,17.2,2,29,8,27.6,1.69,0.47,0.07,0.25,20.7,0,0,0,1.8,1.8,0.06,+0.2,+0.2,2023-2024
283,Hassane Kamara,CIV,['DF'],Udinese,29,1994,24.7,1,26,8,30.8,1.05,0.32,0.04,0.13,20.9,0,0,0,1.9,1.9,0.07,-0.9,-0.9,2023-2024
284,Yann Karamoh,FRA,"['MF', 'FW']",Torino,25,1998,1.8,0,2,1,50.0,1.11,0.56,0.00,0.00,14.0,0,0,0,0.1,0.1,0.07,-0.1,-0.1,2023-2024
285,Jesper Karlsson,SWE,['FW'],Bologna,25,1998,3.8,0,6,4,66.7,1.57,1.05,0.00,0.00,26.8,1,0,0,0.4,0.4,0.07,-0.4,-0.4,2023-2024
286,Rick Karsdorp,NED,['DF'],Roma,28,1995,13.2,0,8,1,12.5,0.60,0.08,0.00,0.00,16.7,0,0,0,0.4,0.4,0.06,-0.4,-0.4,2023-2024
287,Grigoris Kastanos,CYP,"['MF', 'DF']",Salernitana,25,1998,16.4,3,30,10,33.3,1.82,0.61,0.10,0.30,20.6,1,0,0,2.9,2.9,0.10,+0.1,+0.1,2023-2024
288,Michael Kayode,ITA,['DF'],Fiorentina,19,2004,22.9,1,7,2,28.6,0.31,0.09,0.14,0.50,20.3,0,0,0,0.5,0.5,0.07,+0.5,+0.5,2023-2024
289,Moise Kean,ITA,['FW'],Juventus,23,2000,7.3,0,16,3,18.8,2.20,0.41,0.00,0.00,15.4,0,0,0,2.1,2.1,0.13,-2.1,-2.1,2023-2024
290,Simon Kjær,DEN,['DF'],Milan,34,1989,13.0,0,6,0,0.0,0.46,0.00,0.00,,11.0,0,0,0,0.5,0.5,0.08,-0.5,-0.5,2023-2024
291,Davy Klaassen,NED,['MF'],Inter,30,1993,2.3,0,1,0,0.0,0.44,0.00,0.00,,20.2,0,0,0,0.1,0.1,0.09,-0.1,-0.1,2023-2024
292,Sead Kolašinac,BIH,['DF'],Atalanta,30,1993,24.2,1,13,5,38.5,0.54,0.21,0.08,0.20,12.3,0,0,0,1.3,1.3,0.10,-0.3,-0.3,2023-2024
293,Teun Koopmeiners,NED,['MF'],Atalanta,25,1998,29.2,12,52,16,30.8,1.78,0.55,0.19,0.63,18.2,2,2,2,6.5,5.0,0.10,+5.5,+5.0,2023-2024
294,Filip Kostić,SRB,['DF'],Juventus,30,1992,20.2,0,21,2,9.5,1.04,0.10,0.00,0.00,22.1,0,0,0,0.7,0.7,0.03,-0.7,-0.7,2023-2024
295,Christian Kouamé,CIV,['FW'],Fiorentina,25,1997,12.1,2,24,7,29.2,1.98,0.58,0.08,0.29,17.0,0,0,0,1.9,1.9,0.08,+0.1,+0.1,2023-2024
296,Viktor Kovalenko,UKR,['MF'],Empoli,27,1996,6.8,1,11,4,36.4,1.62,0.59,0.09,0.25,13.9,0,0,0,0.9,0.9,0.08,+0.1,+0.1,2023-2024
297,Rasmus Kristensen,DEN,['DF'],Roma,26,1997,19.4,1,9,2,22.2,0.46,0.10,0.11,0.50,12.0,0,0,0,0.5,0.5,0.06,+0.5,+0.5,2023-2024
298,Thomas Kristensen,DEN,['DF'],Udinese,21,2002,23.3,0,10,3,30.0,0.43,0.13,0.00,0.00,11.2,0,0,0,1.1,1.1,0.11,-1.1,-1.1,2023-2024
299,Nikola Krstović,MNE,['FW'],Lecce,23,2000,26.4,7,89,20,22.5,3.38,0.76,0.07,0.30,15.9,2,1,3,11.6,9.2,0.10,-4.6,-3.2,2023-2024
300,Rade Krunić,BIH,['MF'],Milan,29,1993,7.6,0,2,0,0.0,0.26,0.00,0.00,,10.0,0,0,0,0.1,0.1,0.07,-0.1,-0.1,2023-2024
301,Marash Kumbulla,ALB,['DF'],Sassuolo,23,2000,4.0,0,0,0,,0.00,0.00,,,,0,0,0,0.0,0.0,,0.0,0.0,2023-2024
302,Justin Kumi,ITA,['FW'],Sassuolo,19,2004,0.0,0,0,0,,0.00,0.00,,,,0,0,0,0.0,0.0,,0.0,0.0,2023-2024
303,Berkan Kutlu,TUR,['MF'],Genoa,25,1998,2.2,0,4,1,25.0,1.81,0.45,0.00,0.00,16.9,0,0,0,0.2,0.2,0.04,-0.2,-0.2,2023-2024
304,Khvicha Kvaratskhelia,GEO,['FW'],Napoli,22,2001,30.4,11,128,45,35.2,4.21,1.48,0.09,0.24,18.8,4,0,0,11.1,11.1,0.09,-0.1,-0.1,2023-2024
305,Giorgi Kvernadze,GEO,"['FW', 'DF']",Frosinone,20,2003,0.7,0,0,0,,0.00,0.00,,,,0,0,0,0.0,0.0,,0.0,0.0,2023-2024
306,Giorgos Kyriakopoulos,GRE,['DF'],Monza,27,1996,19.0,0,24,2,8.3,1.26,0.11,0.00,0.00,20.8,1,0,0,1.2,1.2,0.05,-1.2,-1.2,2023-2024
307,Gianluca Lapadula,PER,['FW'],Cagliari,33,1990,13.4,3,34,10,29.4,2.54,0.75,0.06,0.20,14.2,2,1,1,4.8,4.1,0.12,-1.8,-2.1,2023-2024
308,Armand Lauriente,FRA,['FW'],Sassuolo,24,1998,32.3,5,84,30,35.7,2.60,0.93,0.06,0.17,21.6,11,0,0,5.7,5.7,0.07,-0.7,-0.7,2023-2024
309,Valentino Lazaro,AUT,"['DF', 'MF']",Torino,27,1996,22.2,0,17,4,23.5,0.77,0.18,0.00,0.00,16.2,3,0,0,1.7,1.7,0.10,-1.7,-1.7,2023-2024
310,Darko Lazović,SRB,"['FW', 'MF']",Hellas Verona,32,1990,21.4,3,33,13,39.4,1.54,0.61,0.06,0.15,20.7,2,1,1,2.8,2.0,0.06,+0.2,0.0,2023-2024
311,Manuel Lazzari,ITA,['DF'],Lazio,29,1993,18.6,0,8,2,25.0,0.43,0.11,0.00,0.00,22.1,0,0,0,1.0,1.0,0.13,-1.0,-1.0,2023-2024
312,Nicola Leali,ITA,['GK'],Genoa,30,1993,2.0,0,0,0,,0.00,0.00,,,,0,0,0,0.0,0.0,,0.0,0.0,2023-2024
313,Rafael Leão,POR,['FW'],Milan,24,1999,27.9,9,70,24,34.3,2.51,0.86,0.13,0.38,17.1,0,0,0,10.0,10.0,0.14,-1.0,-1.0,2023-2024
314,Jesper Lindstrøm,DEN,"['FW', 'MF']",Napoli,23,2000,4.8,0,14,2,14.3,2.93,0.42,0.00,0.00,21.4,1,0,0,0.7,0.7,0.05,-0.7,-0.7,2023-2024
315,Karol Linetty,POL,['MF'],Torino,28,1995,20.6,0,16,1,6.3,0.78,0.05,0.00,0.00,25.4,0,0,0,0.5,0.5,0.03,-0.5,-0.5,2023-2024
316,Luca Lipani,ITA,['MF'],Sassuolo,18,2005,4.3,0,3,1,33.3,0.70,0.23,0.00,0.00,13.7,0,0,0,0.1,0.1,0.03,-0.1,-0.1,2023-2024
317,Pol Lirola,ESP,['DF'],Frosinone,25,1997,17.1,2,9,3,33.3,0.53,0.18,0.22,0.67,19.0,0,0,0,1.3,1.3,0.15,+0.7,+0.7,2023-2024
318,Marcin Listkowski,POL,['FW'],Lecce,25,1998,0.1,0,1,0,0.0,11.25,0.00,0.00,,24.5,0,0,0,0.0,0.0,0.04,0.0,0.0,2023-2024
319,Diego Llorente,ESP,['DF'],Roma,29,1993,24.1,1,9,4,44.4,0.37,0.17,0.11,0.25,19.8,1,0,0,0.3,0.3,0.04,+0.7,+0.7,2023-2024
320,Stanislav Lobotka,SVK,['MF'],Napoli,28,1994,36.5,0,14,4,28.6,0.38,0.11,0.00,0.00,26.9,0,0,0,0.6,0.6,0.04,-0.6,-0.6,2023-2024
321,Manuel Locatelli,ITA,['MF'],Juventus,25,1998,33.4,1,24,3,12.5,0.72,0.09,0.04,0.33,22.3,0,0,0,1.3,1.3,0.06,-0.3,-0.3,2023-2024
322,Ruben Loftus-Cheek,ENG,['MF'],Milan,27,1996,23.0,6,40,14,35.0,1.74,0.61,0.15,0.43,16.6,0,0,0,3.7,3.7,0.09,+2.3,+2.3,2023-2024
323,Ademola Lookman,NGA,"['FW', 'MF']",Atalanta,25,1997,21.0,11,67,24,35.8,3.18,1.14,0.16,0.46,14.3,0,0,0,9.1,9.1,0.14,+1.9,+1.9,2023-2024
324,Maxime Lopez,FRA,['MF'],Fiorentina,25,1997,8.9,0,4,2,50.0,0.45,0.23,0.00,0.00,20.7,0,0,0,0.2,0.2,0.05,-0.2,-0.2,2023-2024
325,Maxime Lopez,FRA,['MF'],Sassuolo,25,1997,1.6,0,0,0,,0.00,0.00,,,,0,0,0,0.0,0.0,,0.0,0.0,2023-2024
326,Matteo Lovato,ITA,['DF'],Torino,23,2000,6.0,0,1,0,0.0,0.17,0.00,0.00,,12.4,0,0,0,0.0,0.0,0.03,0.0,0.0,2023-2024
327,Matteo Lovato,ITA,['DF'],Salernitana,23,2000,10.5,0,1,0,0.0,0.10,0.00,0.00,,10.9,0,0,0,0.0,0.0,0.03,0.0,0.0,2023-2024
328,Sandi Lovrić,SVN,['MF'],Udinese,25,1998,22.1,1,43,12,27.9,1.95,0.54,0.02,0.08,22.1,2,0,0,3.5,3.5,0.08,-2.5,-2.5,2023-2024
329,Lorenzo Lucca,ITA,['FW'],Udinese,22,2000,28.8,8,61,25,41.0,2.12,0.87,0.13,0.32,12.9,1,0,0,7.8,7.8,0.13,+0.2,+0.2,2023-2024
330,Jhon Lucumí,COL,['DF'],Bologna,25,1998,24.6,0,11,2,18.2,0.45,0.08,0.00,0.00,16.1,0,0,0,0.8,0.8,0.08,-0.8,-0.8,2023-2024
331,José Luis Palomino,ARG,['DF'],Atalanta,33,1990,0.3,0,0,0,,0.00,0.00,,,,0,0,0,0.0,0.0,,0.0,0.0,2023-2024
332,Romelu Lukaku,BEL,['FW'],Roma,30,1993,29.3,13,64,27,42.2,2.18,0.92,0.20,0.48,14.1,0,0,1,9.8,9.0,0.14,+3.2,+4.0,2023-2024
333,Karlo Lulić,CRO,['MF'],Frosinone,27,1996,0.2,0,0,0,,0.00,0.00,,,,0,0,0,0.0,0.0,,0.0,0.0,2023-2024
334,Sebastiano Luperto,ITA,['DF'],Empoli,26,1996,37.8,1,19,3,15.8,0.50,0.08,0.05,0.33,15.1,0,0,0,1.7,1.7,0.09,-0.7,-0.7,2023-2024
335,Mateus Lusuardi,BRA,['DF'],Frosinone,19,2004,2.4,0,1,0,0.0,0.41,0.00,0.00,,9.9,0,0,0,0.1,0.1,0.07,-0.1,-0.1,2023-2024
336,Zito Luvumbo,ANG,"['FW', 'MF']",Cagliari,21,2002,21.6,4,51,16,31.4,2.36,0.74,0.08,0.25,17.3,0,0,0,4.0,4.0,0.08,0.0,0.0,2023-2024
337,Charalampos Lykogiannis,GRE,['DF'],Bologna,29,1993,10.0,2,15,4,26.7,1.49,0.40,0.13,0.50,21.9,4,0,0,1.3,1.3,0.08,+0.7,+0.7,2023-2024
338,Giulio Maggiore,ITA,['MF'],Salernitana,25,1998,20.0,4,23,10,43.5,1.15,0.50,0.17,0.40,14.2,0,0,0,2.3,2.3,0.10,+1.7,+1.7,2023-2024
339,Giangiacomo Magnani,ITA,['DF'],Hellas Verona,27,1995,27.2,0,11,2,18.2,0.41,0.07,0.00,0.00,13.4,0,0,0,0.5,0.5,0.05,-0.5,-0.5,2023-2024
340,Mike Maignan,FRA,['GK'],Milan,28,1995,29.0,0,0,0,,0.00,0.00,,,,0,0,0,0.0,0.0,,0.0,0.0,2023-2024
341,Antoine Makoumbou,CGO,['MF'],Cagliari,25,1998,30.0,1,8,2,25.0,0.27,0.07,0.13,0.50,21.4,0,0,0,0.7,0.7,0.09,+0.3,+0.3,2023-2024
342,Daniel Maldini,ITA,"['MF', 'FW']",Monza,21,2001,3.7,4,12,5,41.7,3.24,1.35,0.33,0.80,20.0,1,0,0,1.3,1.3,0.11,+2.7,+2.7,2023-2024
343,Daniel Maldini,ITA,"['FW', 'MF']",Empoli,21,2001,2.9,0,9,2,22.2,3.08,0.68,0.00,0.00,26.4,2,0,0,0.3,0.3,0.03,-0.3,-0.3,2023-2024
344,Youssef Maleh,MAR,['MF'],Empoli,24,1998,28.9,0,18,2,11.1,0.62,0.07,0.00,0.00,20.1,2,0,0,1.6,1.6,0.09,-1.6,-1.6,2023-2024
345,Ruslan Malinovskyi,UKR,['MF'],Genoa,30,1993,17.2,4,39,13,33.3,2.27,0.76,0.10,0.31,29.6,10,0,0,1.1,1.1,0.03,+2.9,+2.9,2023-2024
346,Gianluca Mancini,ITA,['DF'],Roma,27,1996,31.9,4,19,7,36.8,0.60,0.22,0.21,0.57,12.2,0,0,0,1.9,1.9,0.10,+2.1,+2.1,2023-2024
347,Marco Mancosu,ITA,"['MF', 'FW']",Cagliari,34,1988,1.7,0,6,0,0.0,3.46,0.00,0.00,,29.7,1,0,1,1.2,0.5,0.08,-1.2,-0.5,2023-2024
348,Christos Mandas,GRE,['GK'],Lazio,21,2001,8.0,0,0,0,,0.00,0.00,,,,0,0,0,0.0,0.0,,0.0,0.0,2023-2024
349,Rolando Mandragora,ITA,['MF'],Fiorentina,26,1997,17.6,3,30,11,36.7,1.70,0.62,0.10,0.27,20.6,1,0,0,3.5,3.5,0.12,-0.5,-0.5,2023-2024
350,Kostas Manolas,GRE,['DF'],Salernitana,32,1991,5.4,0,2,0,0.0,0.37,0.00,0.00,,9.9,0,0,0,0.1,0.1,0.07,-0.1,-0.1,2023-2024
351,Riccardo Marchizza,ITA,['DF'],Frosinone,25,1998,12.8,0,8,3,37.5,0.63,0.24,0.00,0.00,24.4,0,0,0,0.4,0.4,0.05,-0.4,-0.4,2023-2024
352,Gian Marco Ferrari,ITA,['DF'],Sassuolo,31,1992,25.2,1,16,6,37.5,0.63,0.24,0.06,0.17,12.2,0,0,0,1.6,1.6,0.10,-0.6,-0.6,2023-2024
353,Pablo Marí,ESP,['DF'],Monza,29,1993,29.1,0,8,1,12.5,0.28,0.03,0.00,0.00,13.9,0,0,0,0.4,0.4,0.05,-0.4,-0.4,2023-2024
354,Mirko Marić,CRO,['FW'],Monza,28,1995,3.2,1,7,2,28.6,2.20,0.63,0.14,0.50,10.4,0,0,0,0.9,0.9,0.12,+0.1,+0.1,2023-2024
355,Răzvan Marin,ROU,['MF'],Empoli,27,1996,20.2,0,35,9,25.7,1.73,0.45,0.00,0.00,29.7,10,0,0,1.1,1.1,0.03,-1.1,-1.1,2023-2024
356,Agustín Martegani,ARG,['MF'],Salernitana,23,2000,8.1,1,15,4,26.7,1.85,0.49,0.07,0.25,24.3,0,0,0,0.6,0.6,0.04,+0.4,+0.4,2023-2024
357,Aarón Martín,ESP,['DF'],Genoa,26,1997,15.3,0,5,0,0.0,0.33,0.00,0.00,,24.8,2,0,0,0.2,0.2,0.03,-0.2,-0.2,2023-2024
358,Tommaso Martinelli,ITA,['GK'],Fiorentina,17,2006,1.0,0,0,0,,0.00,0.00,,,,0,0,0,0.0,0.0,,0.0,0.0,2023-2024
359,Josep Martinez,ESP,['GK'],Genoa,25,1998,36.0,0,0,0,,0.00,0.00,,,,0,0,0,0.0,0.0,,0.0,0.0,2023-2024
360,Lautaro Martínez,ARG,['FW'],Inter,25,1997,29.5,24,105,44,41.9,3.56,1.49,0.21,0.50,14.2,0,2,3,17.6,15.3,0.15,+6.4,+6.7,2023-2024
361,Lucas Martínez Quarta,ARG,['DF'],Fiorentina,27,1996,25.5,5,24,7,29.2,0.94,0.27,0.21,0.71,10.2,0,0,0,2.7,2.7,0.11,+2.3,+2.3,2023-2024
362,Adam Marušić,MNE,['DF'],Lazio,30,1992,34.4,1,8,3,37.5,0.23,0.09,0.13,0.33,19.9,0,0,0,0.4,0.4,0.05,+0.6,+0.6,2023-2024
363,Adam Masina,MAR,['DF'],Udinese,29,1994,0.7,0,1,1,100.0,1.41,1.41,0.00,0.00,21.9,0,0,0,0.1,0.1,0.06,-0.1,-0.1,2023-2024
364,Adam Masina,MAR,['DF'],Torino,29,1994,11.4,0,5,1,20.0,0.44,0.09,0.00,0.00,13.4,0,0,0,0.2,0.2,0.05,-0.2,-0.2,2023-2024
365,Alan Matturro,URU,['DF'],Genoa,18,2004,1.2,0,1,0,0.0,0.85,0.00,0.00,,7.5,0,0,0,0.1,0.1,0.07,-0.1,-0.1,2023-2024
366,Luca Mazzitelli,ITA,['MF'],Frosinone,27,1995,24.6,5,49,18,36.7,2.00,0.73,0.10,0.28,23.0,3,0,0,2.3,2.3,0.05,+2.7,+2.7,2023-2024
367,Pasquale Mazzocchi,ITA,['DF'],Salernitana,28,1995,14.1,0,8,1,12.5,0.57,0.07,0.00,0.00,28.6,1,0,0,0.3,0.3,0.04,-0.3,-0.3,2023-2024
368,Pasquale Mazzocchi,ITA,['DF'],Napoli,28,1995,4.8,0,5,1,20.0,1.05,0.21,0.00,0.00,24.5,0,0,0,0.2,0.2,0.03,-0.2,-0.2,2023-2024
369,Jordi Mboula,ESP,"['FW', 'MF']",Hellas Verona,24,1999,3.4,0,4,1,25.0,1.17,0.29,0.00,0.00,15.9,0,0,0,0.2,0.2,0.05,-0.2,-0.2,2023-2024
370,Weston McKennie,USA,"['MF', 'DF']",Juventus,24,1998,28.8,0,23,5,21.7,0.80,0.17,0.00,0.00,10.5,0,0,0,3.0,3.0,0.13,-3.0,-3.0,2023-2024
371,Arthur Melo,BRA,['MF'],Fiorentina,26,1996,22.1,2,11,5,45.5,0.50,0.23,0.09,0.20,28.6,0,1,1,1.0,0.3,0.02,+1.0,+0.7,2023-2024
372,Leonardo Mendicino,ITA,['MF'],Atalanta,17,2006,0.0,0,0,0,,0.00,0.00,,,,0,0,0,0.0,0.0,,0.0,0.0,2023-2024
373,Alex Meret,ITA,['GK'],Napoli,26,1997,30.8,0,0,0,,0.00,0.00,,,,0,0,0,0.0,0.0,,0.0,0.0,2023-2024
374,Junior Messias,BRA,"['MF', 'DF']",Genoa,32,1991,11.7,1,22,3,13.6,1.88,0.26,0.05,0.33,18.2,1,0,0,1.6,1.6,0.07,-0.6,-0.6,2023-2024
375,Nikola Milenković,SRB,['DF'],Fiorentina,25,1997,27.9,0,10,3,30.0,0.36,0.11,0.00,0.00,19.9,0,0,0,0.4,0.4,0.04,-0.4,-0.4,2023-2024
376,Arkadiusz Milik,POL,['FW'],Juventus,29,1994,10.2,4,37,13,35.1,3.62,1.27,0.11,0.31,13.6,3,0,0,5.1,5.1,0.14,-1.1,-1.1,2023-2024
377,Vanja Milinković-Savić,SRB,['GK'],Torino,26,1997,36.0,0,0,0,,0.00,0.00,,,,0,0,0,0.0,0.0,,0.0,0.0,2023-2024
378,Yerry Mina,COL,"['DF', 'MF']",Fiorentina,28,1994,0.5,0,1,0,0.0,2.05,0.00,0.00,,15.8,0,0,0,0.1,0.1,0.06,-0.1,-0.1,2023-2024
379,Yerry Mina,COL,['DF'],Cagliari,28,1994,13.5,2,2,1,50.0,0.15,0.07,0.50,1.00,17.2,0,1,1,1.3,0.5,0.25,+0.7,+0.5,2023-2024
380,Aleksei Miranchuk,RUS,"['MF', 'FW']",Atalanta,27,1995,13.1,3,37,21,56.8,2.83,1.61,0.08,0.14,16.4,0,0,0,5.4,5.4,0.15,-2.4,-2.4,2023-2024
381,Kevin Miranda,ITA,['DF'],Sassuolo,20,2003,0.2,0,0,0,,0.00,0.00,,,,0,0,0,0.0,0.0,,0.0,0.0,2023-2024
382,Antonio Mirante,ITA,['GK'],Milan,40,1983,2.0,0,0,0,,0.00,0.00,,,,0,0,0,0.0,0.0,,0.0,0.0,2023-2024
383,Fabio Miretti,ITA,['MF'],Juventus,19,2003,12.3,1,20,3,15.0,1.63,0.24,0.05,0.33,20.4,0,0,0,1.2,1.2,0.06,-0.2,-0.2,2023-2024
384,Filippo Missori,ITA,['DF'],Sassuolo,19,2004,3.0,0,4,1,25.0,1.35,0.34,0.00,0.00,16.6,0,0,0,0.3,0.3,0.07,-0.3,-0.3,2023-2024
385,Stefan Mitrović,SRB,"['FW', 'MF']",Hellas Verona,20,2002,4.3,0,7,1,14.3,1.61,0.23,0.00,0.00,15.1,0,0,0,0.4,0.4,0.06,-0.4,-0.4,2023-2024
386,Henrikh Mkhitaryan,ARM,['MF'],Inter,34,1989,30.9,2,39,6,15.4,1.26,0.19,0.05,0.33,19.5,0,0,0,3.6,3.6,0.09,-1.6,-1.6,2023-2024
387,Ilario Monterisi,ITA,['DF'],Frosinone,21,2001,16.3,2,5,3,60.0,0.31,0.18,0.40,0.67,8.7,0,0,0,1.1,1.1,0.22,+0.9,+0.9,2023-2024
388,Lorenzo Montipò,ITA,['GK'],Hellas Verona,27,1996,37.0,0,0,0,,0.00,0.00,,,,0,0,0,0.0,0.0,,0.0,0.0,2023-2024
389,Nikola Moro,CRO,['MF'],Bologna,25,1998,9.3,1,11,1,9.1,1.18,0.11,0.09,1.00,22.1,1,0,0,0.7,0.7,0.06,+0.3,+0.3,2023-2024
390,Dany Mota,POR,"['FW', 'MF']",Monza,25,1998,22.8,4,38,11,28.9,1.67,0.48,0.11,0.36,14.4,0,0,0,3.6,3.6,0.09,+0.4,+0.4,2023-2024
391,Samuele Mulattieri,ITA,"['FW', 'MF']",Sassuolo,22,2000,5.1,0,13,5,38.5,2.53,0.97,0.00,0.00,11.5,0,0,0,1.6,1.6,0.12,-1.6,-1.6,2023-2024
392,Luis Muriel,COL,"['FW', 'MF']",Atalanta,32,1991,4.5,2,23,9,39.1,5.06,1.98,0.09,0.22,23.6,4,0,0,1.5,1.5,0.07,+0.5,+0.5,2023-2024
393,Yunus Musah,USA,"['MF', 'FW']",Milan,20,2002,16.4,0,14,5,35.7,0.85,0.30,0.00,0.00,20.7,0,0,0,0.6,0.6,0.04,-0.6,-0.6,2023-2024
394,Juan Musso,ARG,['GK'],Atalanta,29,1994,11.0,0,0,0,,0.00,0.00,,,,0,0,0,0.0,0.0,,0.0,0.0,2023-2024
395,Kingstone Mutandwa,ZAM,"['FW', 'MF']",Cagliari,20,2003,0.4,1,2,1,50.0,4.62,2.31,0.50,1.00,19.1,0,0,0,0.1,0.1,0.04,+0.9,+0.9,2023-2024
396,Obite N'Dicka,CIV,['DF'],Roma,23,1999,24.1,0,9,1,11.1,0.37,0.04,0.00,0.00,13.2,0,0,0,1.0,1.0,0.11,-1.0,-1.0,2023-2024
397,Nahitan Nández,URU,"['MF', 'DF']",Cagliari,27,1995,26.0,2,22,5,22.7,0.85,0.19,0.05,0.20,18.1,0,1,1,3.7,2.9,0.13,-1.7,-1.9,2023-2024
398,Natan,BRA,['DF'],Napoli,22,2001,10.6,0,6,1,16.7,0.57,0.09,0.00,0.00,14.1,0,0,0,0.4,0.4,0.07,-0.4,-0.4,2023-2024
399,Lapo Nava,ITA,['GK'],Milan,19,2004,0.0,0,0,0,,0.00,0.00,,,,0,0,0,0.0,0.0,,0.0,0.0,2023-2024
400,Michel Ndary Adopo,FRA,['MF'],Atalanta,23,2000,1.2,0,1,1,100.0,0.83,0.83,0.00,0.00,9.4,0,0,0,0.1,0.1,0.07,-0.1,-0.1,2023-2024
401,Dan Ndoye,SUI,"['FW', 'MF']",Bologna,22,2000,19.7,1,41,16,39.0,2.08,0.81,0.02,0.06,16.7,0,0,0,4.9,4.9,0.13,-3.9,-3.9,2023-2024
402,Cyril Ngonge,BEL,"['FW', 'MF']",Hellas Verona,23,2000,15.9,6,42,14,33.3,2.64,0.88,0.14,0.43,18.2,4,0,0,4.2,3.4,0.08,+1.8,+2.6,2023-2024
403,Cyril Ngonge,BEL,['FW'],Napoli,23,2000,3.5,1,17,5,29.4,4.86,1.43,0.06,0.20,17.7,2,0,0,1.0,1.0,0.06,0.0,0.0,2023-2024
404,M'Baye Niang,SEN,['FW'],Empoli,28,1994,7.9,6,20,5,25.0,2.54,0.64,0.10,0.40,16.9,0,4,4,5.4,2.3,0.11,+0.6,-0.3,2023-2024
405,Hans Nicolussi Caviglia,ITA,['MF'],Juventus,23,2000,3.0,0,3,0,0.0,1.01,0.00,0.00,,25.9,1,0,0,0.1,0.1,0.04,-0.1,-0.1,2023-2024
406,Joseph Nonge,BEL,['MF'],Juventus,18,2005,0.3,0,0,0,,0.00,0.00,,,,0,0,0,0.0,0.0,,0.0,0.0,2023-2024
407,Tijjani Noslin,NED,"['FW', 'MF']",Hellas Verona,24,1999,14.9,5,36,15,41.7,2.42,1.01,0.14,0.33,17.4,0,0,0,3.6,3.6,0.10,+1.4,+1.4,2023-2024
408,Simeon Nwankwo,NGA,['FW'],Salernitana,31,1992,7.6,3,13,7,53.8,1.71,0.92,0.23,0.43,10.6,0,0,0,2.7,2.7,0.21,+0.3,+0.3,2023-2024
409,M'Bala Nzola,ANG,['FW'],Fiorentina,26,1996,17.2,3,31,12,38.7,1.80,0.70,0.06,0.17,12.5,0,1,1,4.5,3.7,0.12,-1.5,-1.7,2023-2024
410,Adam Obert,SVK,['DF'],Cagliari,20,2002,10.5,0,3,3,100.0,0.29,0.29,0.00,0.00,18.8,0,0,0,0.1,0.1,0.05,-0.1,-0.1,2023-2024
411,Pedro Obiang,EQG,['MF'],Sassuolo,31,1992,5.0,0,2,0,0.0,0.40,0.00,0.00,,28.8,0,0,0,0.0,0.0,0.02,0.0,0.0,2023-2024
412,Guillermo Ochoa,MEX,['GK'],Salernitana,38,1985,21.0,0,0,0,,0.00,0.00,,,,0,0,0,0.0,0.0,,0.0,0.0,2023-2024
413,Jens Odgaard,DEN,"['FW', 'MF']",Bologna,24,1999,4.8,2,11,2,18.2,2.30,0.42,0.18,1.00,18.9,0,0,0,1.5,1.5,0.13,+0.5,+0.5,2023-2024
414,Noah Okafor,SUI,"['FW', 'MF']",Milan,23,2000,9.9,6,22,14,63.6,2.23,1.42,0.27,0.43,13.9,0,0,0,3.8,3.8,0.17,+2.2,+2.2,2023-2024
415,David Okereke,NGA,"['FW', 'MF']",Torino,25,1997,2.8,0,8,5,62.5,2.86,1.79,0.00,0.00,19.8,0,0,0,0.2,0.2,0.03,-0.2,-0.2,2023-2024
416,Caleb Okoli,ITA,['DF'],Frosinone,22,2001,32.4,0,13,3,23.1,0.40,0.09,0.00,0.00,11.7,0,0,0,0.6,0.6,0.05,-0.6,-0.6,2023-2024
417,Maduka Okoye,NGA,['GK'],Udinese,23,1999,21.0,0,0,0,,0.00,0.00,,,,0,0,0,0.0,0.0,,0.0,0.0,2023-2024
418,Mathías Olivera,URU,['DF'],Napoli,25,1997,17.4,1,12,1,8.3,0.69,0.06,0.08,1.00,11.7,0,0,0,0.5,0.5,0.05,+0.5,+0.5,2023-2024
419,Gaetano Oristanio,ITA,"['FW', 'MF']",Cagliari,20,2002,12.3,2,23,5,21.7,1.87,0.41,0.09,0.40,18.9,1,0,0,1.8,1.8,0.08,+0.2,+0.2,2023-2024
420,Riccardo Orsolini,ITA,"['FW', 'MF']",Bologna,26,1997,19.9,10,55,22,40.0,2.76,1.10,0.15,0.36,18.1,5,2,3,7.4,5.0,0.09,+2.6,+3.0,2023-2024
421,Victor Osimhen,NGA,['FW'],Napoli,24,1998,22.0,15,85,36,42.4,3.86,1.63,0.14,0.33,13.4,0,3,5,15.4,11.4,0.13,-0.4,+0.6,2023-2024
422,Remi Oudin,FRA,"['MF', 'FW']",Lecce,26,1996,20.2,3,34,8,23.5,1.68,0.40,0.09,0.38,23.8,4,0,0,1.8,1.8,0.05,+1.2,+1.2,2023-2024
423,Anthony Oyono,GAB,['DF'],Frosinone,22,2001,13.3,0,4,1,25.0,0.30,0.08,0.00,0.00,19.1,0,0,0,0.1,0.1,0.03,-0.1,-0.1,2023-2024
424,Simone Pafundi,ITA,['MF'],Udinese,17,2006,0.1,0,0,0,,0.00,0.00,,,,0,0,0,0.0,0.0,,0.0,0.0,2023-2024
425,Riccardo Pagano,ITA,"['MF', 'DF']",Roma,18,2004,0.6,0,1,0,0.0,1.76,0.00,0.00,,22.8,0,0,0,0.1,0.1,0.06,-0.1,-0.1,2023-2024
426,Christos Papadopoulos,GRE,['FW'],Genoa,18,2004,0.0,0,0,0,,0.00,0.00,,,,0,0,0,0.0,0.0,,0.0,0.0,2023-2024
427,Leandro Paredes,ARG,['MF'],Roma,29,1994,29.3,3,29,3,10.3,0.99,0.10,0.00,0.00,28.6,4,3,3,3.3,1.0,0.03,-0.3,-1.0,2023-2024
428,Fabiano Parisi,ITA,['DF'],Fiorentina,22,2000,16.2,0,12,2,16.7,0.74,0.12,0.00,0.00,19.4,0,0,0,0.9,0.9,0.08,-0.9,-0.9,2023-2024
429,Mario Pašalić,CRO,['MF'],Atalanta,28,1995,22.8,6,38,16,42.1,1.67,0.70,0.11,0.25,14.5,0,2,2,7.1,5.5,0.15,-1.1,-1.5,2023-2024
430,Triantafyllos Pasaridīs,GRE,['DF'],Salernitana,27,1996,5.0,0,0,0,,0.00,0.00,,,,0,0,0,0.0,0.0,,0.0,0.0,2023-2024
431,Patric,ESP,['DF'],Lazio,30,1993,17.9,2,6,2,33.3,0.34,0.11,0.33,1.00,19.5,0,0,0,1.4,1.4,0.23,+0.6,+0.6,2023-2024
432,Rui Patrício,POR,['GK'],Roma,35,1988,23.0,0,0,0,,0.00,0.00,,,,0,0,0,0.0,0.0,,0.0,0.0,2023-2024
433,Benjamin Pavard,FRA,['DF'],Inter,27,1996,18.6,0,15,5,33.3,0.81,0.27,0.00,0.00,18.7,0,0,0,0.7,0.7,0.05,-0.7,-0.7,2023-2024
434,Leonardo Pavoletti,ITA,['FW'],Cagliari,34,1988,7.0,4,25,9,36.0,3.58,1.29,0.16,0.44,11.3,0,0,0,2.6,2.6,0.10,+1.4,+1.4,2023-2024
435,Martín Payero,ARG,['MF'],Udinese,24,1998,20.0,2,38,8,21.1,1.90,0.40,0.05,0.25,22.9,1,0,0,1.5,1.5,0.04,+0.5,+0.5,2023-2024
436,Marcus Pedersen,NOR,['DF'],Sassuolo,23,2000,17.9,0,3,0,0.0,0.17,0.00,0.00,,24.9,0,0,0,0.1,0.1,0.03,-0.1,-0.1,2023-2024
437,Pedro,ESP,"['FW', 'MF']",Lazio,36,1987,9.1,1,11,4,36.4,1.21,0.44,0.09,0.25,20.0,1,0,0,1.5,1.5,0.14,-0.5,-0.5,2023-2024
438,Pietro Pellegri,ITA,['FW'],Torino,22,2001,8.4,1,13,4,30.8,1.55,0.48,0.08,0.25,10.2,0,0,0,1.0,1.0,0.08,0.0,0.0,2023-2024
439,Lorenzo Pellegrini,ITA,['MF'],Roma,27,1996,20.7,8,46,19,41.3,2.23,0.92,0.15,0.37,19.8,5,1,1,4.8,4.0,0.09,+3.2,+3.0,2023-2024
440,Luca Pellegrini,ITA,['DF'],Lazio,24,1999,8.7,1,7,1,14.3,0.80,0.11,0.14,1.00,26.6,1,0,0,0.2,0.2,0.03,+0.8,+0.8,2023-2024
441,Marco Pellegrino,ARG,['DF'],Salernitana,21,2002,6.1,0,2,0,0.0,0.33,0.00,0.00,,11.9,0,0,0,0.0,0.0,0.02,0.0,0.0,2023-2024
442,Marco Pellegrino,ARG,['DF'],Milan,21,2002,0.8,0,1,1,100.0,1.32,1.32,0.00,0.00,12.9,0,0,0,0.0,0.0,0.02,0.0,0.0,2023-2024
443,Pepín,EQG,"['MF', 'FW']",Monza,26,1996,2.7,0,5,0,0.0,1.87,0.00,0.00,,26.2,2,0,0,0.2,0.2,0.03,-0.2,-0.2,2023-2024
444,Pedro Pereira,POR,['DF'],Monza,25,1998,9.3,0,3,0,0.0,0.32,0.00,0.00,,14.9,0,0,0,0.2,0.2,0.06,-0.2,-0.2,2023-2024
445,Roberto Pereyra,ARG,"['FW', 'MF']",Udinese,32,1991,20.6,4,26,8,30.8,1.26,0.39,0.12,0.38,15.9,0,1,1,3.5,2.7,0.11,+0.5,+0.3,2023-2024
446,Nehuén Pérez,ARG,['DF'],Udinese,23,2000,36.0,0,20,2,10.0,0.56,0.06,0.00,0.00,12.3,0,0,0,1.3,1.3,0.07,-1.3,-1.3,2023-2024
447,Simone Perilli,ITA,['GK'],Hellas Verona,28,1995,1.0,0,0,0,,0.00,0.00,,,,0,0,0,0.0,0.0,,0.0,0.0,2023-2024
448,Mattia Perin,ITA,['GK'],Juventus,30,1992,2.5,0,0,0,,0.00,0.00,,,,0,0,0,0.0,0.0,,0.0,0.0,2023-2024
449,Samuele Perisan,ITA,['GK'],Empoli,25,1997,1.0,0,0,0,,0.00,0.00,,,,0,0,0,0.0,0.0,,0.0,0.0,2023-2024
450,Matteo Pessina,ITA,['MF'],Monza,26,1997,35.8,6,22,8,36.4,0.61,0.22,0.09,0.25,20.2,0,4,5,6.3,2.4,0.11,-0.3,-0.4,2023-2024
451,Andrea Petagna,ITA,['FW'],Cagliari,28,1995,11.1,1,20,8,40.0,1.81,0.72,0.05,0.13,13.7,0,0,0,1.6,1.6,0.08,-0.6,-0.6,2023-2024
452,Giuseppe Pezzella,ITA,['DF'],Empoli,25,1997,12.1,0,3,2,66.7,0.25,0.17,0.00,0.00,20.5,0,0,0,0.2,0.2,0.06,-0.2,-0.2,2023-2024
453,Roberto Piccoli,ITA,['FW'],Empoli,22,2001,0.4,0,1,0,0.0,2.31,0.00,0.00,,16.3,0,0,0,0.1,0.1,0.05,-0.1,-0.1,2023-2024
454,Roberto Piccoli,ITA,['FW'],Lecce,22,2001,15.3,5,56,20,35.7,3.66,1.31,0.07,0.20,16.5,1,1,1,6.4,5.6,0.10,-1.4,-1.6,2023-2024
455,Santiago Pierotti,ARG,"['MF', 'FW']",Lecce,22,2001,2.2,0,7,3,42.9,3.15,1.35,0.00,0.00,17.0,0,0,0,0.5,0.5,0.07,-0.5,-0.5,2023-2024
456,Niccolò Pierozzi,ITA,['DF'],Salernitana,21,2001,9.7,1,8,2,25.0,0.83,0.21,0.13,0.50,15.8,0,0,0,0.2,0.2,0.03,+0.8,+0.8,2023-2024
457,Andrea Pinamonti,ITA,['FW'],Sassuolo,24,1999,34.2,11,80,19,23.8,2.34,0.56,0.11,0.47,16.4,0,2,3,8.9,6.6,0.08,+2.1,+2.4,2023-2024
458,Carlo Pinsoglio,ITA,['GK'],Juventus,33,1990,0.5,0,0,0,,0.00,0.00,,,,0,0,0,0.0,0.0,,0.0,0.0,2023-2024
459,Lorenzo Pirola,ITA,['DF'],Salernitana,21,2002,22.1,1,15,4,26.7,0.68,0.18,0.07,0.25,13.8,0,0,0,0.9,0.9,0.06,+0.1,+0.1,2023-2024
460,Niccolò Pisilli,ITA,['MF'],Roma,18,2004,0.1,0,0,0,,0.00,0.00,,,,0,0,0,0.0,0.0,,0.0,0.0,2023-2024
461,Tommaso Pobega,ITA,['MF'],Milan,24,1999,3.5,0,5,4,80.0,1.41,1.13,0.00,0.00,16.9,0,0,0,0.2,0.2,0.04,-0.2,-0.2,2023-2024
462,Paul Pogba,FRA,['MF'],Juventus,30,1993,0.6,0,0,0,,0.00,0.00,,,,0,0,0,0.0,0.0,,0.0,0.0,2023-2024
463,Matteo Politano,ITA,['FW'],Napoli,29,1993,26.2,8,72,15,20.8,2.75,0.57,0.08,0.40,21.5,4,2,3,7.1,4.8,0.07,+0.9,+1.2,2023-2024
464,Marin Pongračić,CRO,['DF'],Lecce,25,1997,35.8,0,13,3,23.1,0.36,0.08,0.00,0.00,13.5,0,0,0,1.2,1.2,0.09,-1.2,-1.2,2023-2024
465,Stefan Posch,AUT,['DF'],Bologna,26,1997,26.8,1,18,4,22.2,0.67,0.15,0.06,0.25,19.3,0,0,0,1.2,1.2,0.07,-0.2,-0.2,2023-2024
466,Matteo Prati,ITA,['MF'],Cagliari,19,2003,21.9,1,36,10,27.8,1.64,0.46,0.03,0.10,22.6,2,0,0,2.0,2.0,0.06,-1.0,-1.0,2023-2024
467,Ivan Provedel,ITA,['GK'],Lazio,29,1994,30.0,0,0,0,,0.00,0.00,,,,0,0,0,0.0,0.0,,0.0,0.0,2023-2024
468,Christian Pulisic,USA,"['FW', 'MF']",Milan,24,1998,28.9,12,65,31,47.7,2.25,1.07,0.18,0.39,15.7,0,0,0,8.0,8.0,0.12,+4.0,+4.0,2023-2024
469,George Pușcaș,ROU,['FW'],Genoa,27,1996,2.1,0,11,5,45.5,5.18,2.36,0.00,0.00,12.9,0,0,0,2.1,2.1,0.19,-2.1,-2.1,2023-2024
470,Domingos Quina,POR,['MF'],Udinese,23,1999,0.1,0,0,0,,0.00,0.00,,,,0,0,0,0.0,0.0,,0.0,0.0,2023-2024
471,Adrien Rabiot,FRA,['MF'],Juventus,28,1995,29.5,5,38,16,42.1,1.29,0.54,0.13,0.31,16.9,0,0,0,3.5,3.4,0.09,+1.5,+1.6,2023-2024
472,Uroš Račić,SRB,['MF'],Sassuolo,25,1998,9.1,1,17,4,23.5,1.87,0.44,0.06,0.25,24.3,2,0,0,0.8,0.8,0.05,+0.2,+0.2,2023-2024
473,Nemanja Radonjić,SRB,"['MF', 'FW']",Torino,27,1996,4.2,3,12,5,41.7,2.89,1.20,0.25,0.60,16.6,0,0,0,1.7,1.7,0.14,+1.3,+1.3,2023-2024
474,Boris Radunović,SRB,['GK'],Cagliari,27,1996,7.0,0,0,0,,0.00,0.00,,,,0,0,0,0.0,0.0,,0.0,0.0,2023-2024
475,Hamza Rafia,TUN,['MF'],Lecce,24,1999,13.4,1,16,3,18.8,1.20,0.22,0.06,0.33,22.6,0,0,0,0.8,0.8,0.05,+0.2,+0.2,2023-2024
476,Ylber Ramadani,ALB,['MF'],Lecce,27,1996,33.0,1,31,6,19.4,0.94,0.18,0.03,0.17,27.6,0,0,0,1.0,1.0,0.03,0.0,0.0,2023-2024
477,Luca Ranieri,ITA,['DF'],Fiorentina,24,1999,22.9,2,10,3,30.0,0.44,0.13,0.20,0.67,8.8,0,0,0,0.9,0.9,0.09,+1.1,+1.1,2023-2024
478,Filippo Ranocchia,ITA,"['MF', 'DF']",Empoli,22,2001,5.3,0,6,2,33.3,1.13,0.38,0.00,0.00,26.6,2,0,0,0.2,0.2,0.04,-0.2,-0.2,2023-2024
479,Giacomo Raspadori,ITA,"['FW', 'MF']",Napoli,23,2000,17.6,5,60,24,40.0,3.41,1.36,0.08,0.21,18.8,4,0,1,5.9,4.5,0.07,-0.9,+0.5,2023-2024
480,Federico Ravaglia,ITA,['GK'],Bologna,23,1999,5.9,0,0,0,,0.00,0.00,,,,0,0,0,0.0,0.0,,0.0,0.0,2023-2024
481,Tijjani Reijnders,NED,['MF'],Milan,25,1998,31.3,3,44,9,20.5,1.40,0.29,0.07,0.33,20.1,0,0,0,3.2,3.2,0.07,-0.2,-0.2,2023-2024
482,Reinier,BRA,"['MF', 'FW']",Frosinone,21,2002,11.8,2,14,6,42.9,1.19,0.51,0.14,0.33,16.3,0,0,0,1.3,1.3,0.09,+0.7,+0.7,2023-2024
483,Mateo Retegui,ITA,['FW'],Genoa,24,1999,24.6,7,62,22,35.5,2.52,0.89,0.10,0.27,14.3,0,1,1,5.8,5.0,0.08,+1.2,+1.0,2023-2024
484,Samuele Ricci,ITA,['MF'],Torino,21,2001,26.6,1,30,5,16.7,1.13,0.19,0.03,0.20,22.7,0,0,0,1.3,1.3,0.04,-0.3,-0.3,2023-2024
485,Ricardo Rodríguez,SUI,['DF'],Torino,30,1992,30.8,1,11,2,18.2,0.36,0.06,0.09,0.50,27.2,2,0,0,0.3,0.3,0.03,+0.7,+0.7,2023-2024
486,Alessio Romagnoli,ITA,['DF'],Lazio,28,1995,26.8,0,11,5,45.5,0.41,0.19,0.00,0.00,12.0,0,0,0,0.6,0.6,0.05,-0.6,-0.6,2023-2024
487,Simone Romagnoli,ITA,['DF'],Frosinone,33,1990,30.2,1,12,1,8.3,0.40,0.03,0.08,1.00,8.8,0,0,0,1.2,1.2,0.10,-0.2,-0.2,2023-2024
488,Luka Romero,ARG,"['FW', 'MF']",Milan,18,2004,1.0,0,1,0,0.0,1.02,0.00,0.00,,9.5,0,0,0,0.1,0.1,0.09,-0.1,-0.1,2023-2024
489,Marten de Roon,NED,"['MF', 'DF']",Atalanta,32,1991,28.9,0,16,3,18.8,0.55,0.10,0.00,0.00,24.5,0,0,0,0.6,0.6,0.04,-0.6,-0.6,2023-2024
490,Francesco Rossi,ITA,['GK'],Atalanta,32,1991,0.1,0,0,0,,0.00,0.00,,,,0,0,0,0.0,0.0,,0.0,0.0,2023-2024
491,Nicolò Rovella,ITA,['MF'],Lazio,21,2001,14.6,0,5,1,20.0,0.34,0.07,0.00,0.00,26.4,1,0,0,0.6,0.6,0.12,-0.6,-0.6,2023-2024
492,Amir Rrahmani,KVX,['DF'],Napoli,29,1994,28.9,3,25,8,32.0,0.87,0.28,0.12,0.38,12.0,0,0,0,2.2,2.2,0.09,+0.8,+0.8,2023-2024
493,Ruan,BRA,['DF'],Sassuolo,24,1999,16.8,0,7,2,28.6,0.42,0.12,0.00,0.00,10.6,0,0,0,0.5,0.5,0.07,-0.5,-0.5,2023-2024
494,Daniele Rugani,ITA,['DF'],Juventus,29,1994,13.2,2,8,2,25.0,0.61,0.15,0.25,1.00,7.3,0,0,0,1.6,1.6,0.30,+0.4,+0.4,2023-2024
495,Matteo Ruggeri,ITA,['DF'],Atalanta,21,2002,27.2,0,12,4,33.3,0.44,0.15,0.00,0.00,16.9,0,0,0,0.5,0.5,0.04,-0.5,-0.5,2023-2024
496,Mário Rui,POR,['DF'],Napoli,32,1991,13.4,0,5,2,40.0,0.37,0.15,0.00,0.00,31.7,0,0,0,0.1,0.1,0.03,-0.1,-0.1,2023-2024
497,Stefano Sabelli,ITA,['DF'],Genoa,30,1993,27.0,0,9,3,33.3,0.33,0.11,0.00,0.00,18.6,0,0,0,0.8,0.8,0.08,-0.8,-0.8,2023-2024
498,Alexis Saelemaekers,BEL,"['FW', 'MF']",Bologna,24,1999,21.0,4,29,10,34.5,1.38,0.48,0.14,0.40,23.2,4,0,0,2.6,2.6,0.09,+1.4,+1.4,2023-2024
499,Lazar Samardzic,SRB,['MF'],Udinese,21,2002,26.4,6,56,16,28.6,2.12,0.61,0.09,0.31,25.7,13,1,1,3.5,2.8,0.05,+2.5,+2.2,2023-2024
500,Junior Sambia,FRA,"['DF', 'MF']",Salernitana,26,1996,11.5,1,12,4,33.3,1.05,0.35,0.08,0.25,25.9,5,0,0,0.5,0.5,0.04,+0.5,+0.5,2023-2024
501,Antonio Sanabria,PAR,"['FW', 'MF']",Torino,27,1996,23.7,5,52,14,26.9,2.19,0.59,0.06,0.21,12.7,0,2,2,9.3,7.7,0.15,-4.3,-4.7,2023-2024
502,Renato Sanches,POR,['MF'],Roma,25,1997,1.6,1,2,1,50.0,1.23,0.62,0.50,1.00,19.1,0,0,0,0.1,0.1,0.04,+0.9,+0.9,2023-2024
503,Alexis Sánchez,CHI,"['FW', 'MF']",Inter,34,1988,8.5,2,17,5,29.4,2.01,0.59,0.06,0.20,16.4,2,1,1,3.2,2.5,0.14,-1.2,-1.5,2023-2024
504,Alex Sandro,BRA,['DF'],Juventus,32,1991,8.0,1,5,1,20.0,0.62,0.12,0.20,1.00,8.2,0,0,0,0.4,0.4,0.08,+0.6,+0.6,2023-2024
505,Nicola Sansone,ITA,"['FW', 'MF']",Lecce,31,1991,8.5,2,23,5,21.7,2.70,0.59,0.09,0.40,18.9,2,0,0,2.8,2.8,0.12,-0.8,-0.8,2023-2024
506,Riccardo Saponara,ITA,"['FW', 'MF']",Hellas Verona,31,1991,3.8,0,5,1,20.0,1.32,0.26,0.00,0.00,25.6,0,0,0,0.1,0.1,0.02,-0.1,-0.1,2023-2024
507,Zanos Savva,CYP,"['DF', 'MF']",Torino,17,2005,0.3,1,1,1,100.0,3.21,3.21,1.00,1.00,8.2,0,0,0,0.2,0.2,0.16,+0.8,+0.8,2023-2024
508,Saba Sazonov,GEO,['DF'],Torino,21,2002,4.0,0,1,0,0.0,0.25,0.00,0.00,,3.0,0,0,0,0.2,0.2,0.16,-0.2,-0.2,2023-2024
509,Giorgio Scalvini,ITA,['DF'],Atalanta,19,2003,28.3,1,19,6,31.6,0.67,0.21,0.05,0.17,14.6,0,0,0,1.4,1.4,0.08,-0.4,-0.4,2023-2024
510,Gianluca Scamacca,ITA,['FW'],Atalanta,24,1999,16.1,12,60,26,43.3,3.72,1.61,0.20,0.46,15.1,0,0,0,6.5,6.5,0.11,+5.5,+5.5,2023-2024
511,Perr Schuurs,NED,['DF'],Torino,23,1999,8.6,1,7,1,14.3,0.82,0.12,0.14,1.00,25.5,0,0,0,0.7,0.7,0.10,+0.3,+0.3,2023-2024
512,Simone Scuffet,ITA,['GK'],Cagliari,27,1996,31.0,0,0,0,,0.00,0.00,,,,0,0,0,0.0,0.0,,0.0,0.0,2023-2024
513,Demba Seck,SEN,['MF'],Torino,22,2001,4.7,0,9,2,22.2,1.91,0.42,0.00,0.00,17.6,0,0,0,0.3,0.3,0.04,-0.3,-0.3,2023-2024
514,Demba Seck,SEN,"['FW', 'MF']",Frosinone,22,2001,3.3,0,7,2,28.6,2.11,0.60,0.00,0.00,16.8,0,0,0,1.1,1.1,0.16,-1.1,-1.1,2023-2024
515,Nikola Sekulov,ITA,['FW'],Juventus,21,2002,0.1,0,0,0,,0.00,0.00,,,,0,0,0,0.0,0.0,,0.0,0.0,2023-2024
516,Vivaldo Semedo,POR,['FW'],Udinese,18,2005,0.1,0,0,0,,0.00,0.00,,,,0,0,0,0.0,0.0,,0.0,0.0,2023-2024
517,Stefano Sensi,ITA,['MF'],Inter,27,1995,0.5,0,2,0,0.0,3.91,0.00,0.00,,28.5,1,0,0,0.1,0.1,0.04,-0.1,-0.1,2023-2024
518,Suat Serdar,GER,['MF'],Hellas Verona,26,1997,18.4,0,22,7,31.8,1.19,0.38,0.00,0.00,22.4,0,0,0,1.0,1.0,0.05,-1.0,-1.0,2023-2024
519,Andres Sfait,ROU,"['DF', 'MF']",Salernitana,18,2004,0.3,0,0,0,,0.00,0.00,,,,0,0,0,0.0,0.0,,0.0,0.0,2023-2024
520,Stephan El Shaarawy,ITA,"['FW', 'DF']",Roma,30,1992,19.3,3,40,10,25.0,2.07,0.52,0.08,0.30,19.1,1,0,0,2.5,2.5,0.06,+0.5,+0.5,2023-2024
521,Eldor Shomurodov,UZB,"['FW', 'MF']",Cagliari,28,1995,10.4,3,21,7,33.3,2.02,0.67,0.14,0.43,11.9,0,0,0,3.5,3.5,0.19,-0.5,-0.5,2023-2024
522,Steven Shpendi,ALB,"['FW', 'MF']",Empoli,20,2003,4.6,0,7,3,42.9,1.53,0.66,0.00,0.00,16.8,0,0,0,0.4,0.4,0.06,-0.4,-0.4,2023-2024
523,Marco Silvestri,ITA,['GK'],Udinese,32,1991,17.0,0,0,0,,0.00,0.00,,,,0,0,0,0.0,0.0,,0.0,0.0,2023-2024
524,Giovanni Simeone,ARG,['FW'],Napoli,28,1995,8.9,1,35,12,34.3,3.94,1.35,0.03,0.08,14.6,0,0,0,3.4,3.4,0.10,-2.4,-2.4,2023-2024
525,Jan-Carlo Simic,SRB,['DF'],Milan,18,2005,1.6,1,2,1,50.0,1.23,0.62,0.50,1.00,6.2,0,0,0,0.6,0.6,0.31,+0.4,+0.4,2023-2024
526,Leo Skiri Østigård,NOR,['DF'],Napoli,23,1999,18.1,1,7,1,14.3,0.39,0.06,0.14,1.00,13.2,0,0,0,0.6,0.6,0.09,+0.4,+0.4,2023-2024
527,Łukasz Skorupski,POL,['GK'],Bologna,32,1991,32.0,0,0,0,,0.00,0.00,,,,0,0,0,0.0,0.0,,0.0,0.0,2023-2024
528,Chris Smalling,ENG,['DF'],Roma,33,1989,4.3,0,1,1,100.0,0.23,0.23,0.00,0.00,7.1,0,0,0,0.0,0.0,0.05,0.0,0.0,2023-2024
529,Andrea Sodero,ITA,['MF'],Empoli,18,2004,0.1,0,0,0,,0.00,0.00,,,,0,0,0,0.0,0.0,,0.0,0.0,2023-2024
530,Ola Solbakken,NOR,['FW'],Roma,24,1998,0.3,0,0,0,,0.00,0.00,,,,0,0,0,0.0,0.0,,0.0,0.0,2023-2024
531,Daniele Sommariva,ITA,['GK'],Genoa,26,1997,0.1,0,0,0,,0.00,0.00,,,,0,0,0,0.0,0.0,,0.0,0.0,2023-2024
532,Yann Sommer,SUI,['GK'],Inter,34,1988,34.0,0,0,0,,0.00,0.00,,,,0,0,0,0.0,0.0,,0.0,0.0,2023-2024
533,Brandon Soppy,FRA,['DF'],Torino,21,2002,2.0,0,1,0,0.0,0.51,0.00,0.00,,25.1,0,0,0,0.0,0.0,0.01,0.0,0.0,2023-2024
534,Alessandro Sorrentino,ITA,['GK'],Monza,21,2002,6.1,0,0,0,,0.00,0.00,,,,0,0,0,0.0,0.0,,0.0,0.0,2023-2024
535,Riccardo Sottil,ITA,['FW'],Fiorentina,24,1999,12.3,2,34,13,38.2,2.77,1.06,0.06,0.15,17.0,1,0,0,2.6,2.6,0.08,-0.6,-0.6,2023-2024
536,Matìas Soulé,ARG,"['FW', 'MF']",Frosinone,20,2003,34.7,11,77,18,23.4,2.22,0.52,0.08,0.33,22.2,7,5,6,10.5,5.7,0.07,+0.5,+0.3,2023-2024
537,Djed Spence,ENG,['DF'],Genoa,22,2000,9.5,0,2,0,0.0,0.21,0.00,0.00,,11.9,0,0,0,0.2,0.2,0.09,-0.2,-0.2,2023-2024
538,Leonardo Spinazzola,ITA,['DF'],Roma,30,1993,14.6,1,8,3,37.5,0.55,0.21,0.13,0.33,23.6,0,0,0,0.2,0.2,0.03,+0.8,+0.8,2023-2024
539,Marco Sportiello,ITA,['GK'],Milan,31,1992,7.0,0,0,0,,0.00,0.00,,,,0,0,0,0.0,0.0,,0.0,0.0,2023-2024
540,Trivante Stewart,JAM,"['FW', 'MF']",Salernitana,23,2000,1.1,0,2,1,50.0,1.80,0.90,0.00,0.00,22.7,0,0,0,0.1,0.1,0.04,-0.1,-0.1,2023-2024
541,Gabriel Strefezza,BRA,['FW'],Lecce,26,1997,12.4,1,27,5,18.5,2.19,0.40,0.00,0.00,22.8,1,1,1,2.5,1.7,0.06,-1.5,-1.7,2023-2024
542,Kevin Strootman,NED,['MF'],Genoa,33,1990,13.4,0,1,0,0.0,0.07,0.00,0.00,,24.5,0,0,0,0.1,0.1,0.08,-0.1,-0.1,2023-2024
543,Isaac Success,NGA,"['FW', 'MF']",Udinese,27,1996,9.8,1,18,4,22.2,1.84,0.41,0.06,0.25,16.9,0,0,1,2.7,1.9,0.11,-1.7,-0.9,2023-2024
544,Ibrahim Sulemana,GHA,['MF'],Cagliari,20,2003,14.9,2,13,3,23.1,0.87,0.20,0.15,0.67,23.2,0,0,0,0.8,0.8,0.06,+1.2,+1.2,2023-2024
545,Tomáš Suslov,SVK,"['MF', 'FW']",Hellas Verona,21,2002,23.2,3,51,15,29.4,2.19,0.65,0.04,0.13,25.8,4,1,1,3.5,2.6,0.05,-0.5,-0.6,2023-2024
546,Mile Svilar,SRB,['GK'],Roma,23,1999,15.0,0,0,0,,0.00,0.00,,,,0,0,0,0.0,0.0,,0.0,0.0,2023-2024
547,Karol Świderski,POL,"['FW', 'MF']",Hellas Verona,26,1997,5.6,2,15,6,40.0,2.68,1.07,0.13,0.33,13.7,0,0,0,1.7,1.7,0.12,+0.3,+0.3,2023-2024
548,Wojciech Szczęsny,POL,['GK'],Juventus,33,1990,35.0,0,0,0,,0.00,0.00,,,,0,0,0,0.0,0.0,,0.0,0.0,2023-2024
549,Przemysław Szymiński,POL,['MF'],Frosinone,29,1994,0.1,0,0,0,,0.00,0.00,,,,0,0,0,0.0,0.0,,0.0,0.0,2023-2024
550,Adrien Tameze,CMR,"['DF', 'MF']",Torino,29,1994,23.8,0,9,0,0.0,0.38,0.00,0.00,,13.0,0,0,0,0.7,0.7,0.08,-0.7,-0.7,2023-2024
551,Elayis Tavsan,NED,"['MF', 'FW']",Hellas Verona,22,2001,0.6,0,3,1,33.3,5.40,1.80,0.00,0.00,23.9,0,0,0,0.1,0.1,0.03,-0.1,-0.1,2023-2024
552,Loum Tchaouna,FRA,"['FW', 'MF']",Salernitana,19,2003,23.3,4,44,15,34.1,1.89,0.64,0.09,0.27,20.3,0,0,0,2.6,2.6,0.06,+1.4,+1.4,2023-2024
553,Jackson Tchatchoua,CMR,['DF'],Hellas Verona,21,2001,19.2,0,0,0,,0.00,0.00,,,,0,0,0,0.0,0.0,,0.0,0.0,2023-2024
554,Filippo Terracciano,ITA,['DF'],Hellas Verona,20,2003,14.4,0,8,3,37.5,0.56,0.21,0.00,0.00,21.3,0,0,0,0.3,0.3,0.04,-0.3,-0.3,2023-2024
555,Filippo Terracciano,ITA,"['DF', 'FW']",Milan,20,2003,0.8,0,0,0,,0.00,0.00,,,,0,0,0,0.0,0.0,,0.0,0.0,2023-2024
556,Pietro Terracciano,ITA,['GK'],Fiorentina,33,1990,33.0,0,0,0,,0.00,0.00,,,,0,0,0,0.0,0.0,,0.0,0.0,2023-2024
557,Florian Thauvin,FRA,['FW'],Udinese,30,1993,19.0,5,47,14,29.8,2.47,0.74,0.09,0.29,18.2,4,1,1,4.7,3.9,0.08,+0.3,+0.1,2023-2024
558,Malick Thiaw,GER,['DF'],Milan,21,2001,18.0,0,5,1,20.0,0.28,0.06,0.00,0.00,12.7,0,0,0,0.6,0.6,0.12,-0.6,-0.6,2023-2024
559,Morten Thorsby,NOR,['MF'],Genoa,27,1996,12.9,2,13,6,46.2,1.01,0.47,0.15,0.33,12.2,0,0,0,1.8,1.8,0.14,+0.2,+0.2,2023-2024
560,Kristian Thorstvedt,NOR,['MF'],Sassuolo,24,1999,26.6,6,42,15,35.7,1.58,0.56,0.14,0.40,15.8,0,0,0,4.4,4.4,0.10,+1.6,+1.6,2023-2024
561,Marcus Thuram,FRA,['FW'],Inter,25,1997,29.9,13,77,29,37.7,2.58,0.97,0.17,0.45,11.8,0,0,0,14.3,14.3,0.19,-1.3,-1.3,2023-2024
562,Antonio Tikvić,CRO,['DF'],Udinese,19,2004,0.0,0,0,0,,0.00,0.00,,,,0,0,0,0.0,0.0,,0.0,0.0,2023-2024
563,Jeremy Toljan,GER,['DF'],Sassuolo,28,1994,23.1,0,12,3,25.0,0.52,0.13,0.00,0.00,18.6,0,0,0,0.6,0.6,0.05,-0.6,-0.6,2023-2024
564,Rafael Tolói,ITA,['DF'],Atalanta,32,1990,10.7,0,3,0,0.0,0.28,0.00,0.00,,19.5,0,0,0,0.1,0.1,0.02,-0.1,-0.1,2023-2024
565,Fikayo Tomori,ENG,['DF'],Milan,25,1997,23.6,4,17,7,41.2,0.72,0.30,0.24,0.57,9.9,0,0,0,3.7,3.7,0.22,+0.3,+0.3,2023-2024
566,Ahmed Touba,ALG,['DF'],Lecce,25,1998,3.1,0,1,0,0.0,0.32,0.00,0.00,,7.1,0,0,0,0.0,0.0,0.03,0.0,0.0,2023-2024
567,Chaka Traorè,CIV,['FW'],Milan,18,2004,0.2,1,1,1,100.0,4.50,4.50,1.00,1.00,17.3,0,0,0,0.1,0.1,0.08,+0.9,+0.9,2023-2024
568,Stefano Turati,ITA,['GK'],Frosinone,21,2001,30.5,0,0,0,,0.00,0.00,,,,0,0,0,0.0,0.0,,0.0,0.0,2023-2024
569,Kacper Urbanski,POL,"['MF', 'FW']",Bologna,18,2004,10.3,0,17,6,35.3,1.65,0.58,0.00,0.00,17.6,0,0,0,1.1,1.1,0.07,-1.1,-1.1,2023-2024
570,Emanuele Valeri,ITA,['DF'],Frosinone,24,1998,13.1,0,19,3,15.8,1.45,0.23,0.00,0.00,24.4,0,0,0,0.9,0.9,0.05,-0.9,-0.9,2023-2024
571,Johan Vásquez,MEX,['DF'],Genoa,24,1998,31.7,1,34,10,29.4,1.07,0.32,0.03,0.10,13.6,0,0,0,1.9,1.9,0.05,-0.9,-0.9,2023-2024
572,Matías Vecino,URU,['MF'],Lazio,31,1991,12.8,6,33,11,33.3,2.58,0.86,0.18,0.55,15.7,0,0,0,3.7,3.7,0.11,+2.3,+2.3,2023-2024
573,Lorenzo Venuti,ITA,['DF'],Lecce,28,1995,4.0,0,3,1,33.3,0.74,0.25,0.00,0.00,25.9,0,0,0,0.1,0.1,0.03,-0.1,-0.1,2023-2024
574,Simone Verdi,ITA,['FW'],Torino,31,1992,0.0,0,0,0,,0.00,0.00,,,,0,0,0,0.0,0.0,,0.0,0.0,2023-2024
575,Emanuel Vignato,ITA,"['MF', 'FW']",Salernitana,22,2000,3.5,0,1,0,0.0,0.29,0.00,0.00,,15.6,0,0,0,0.0,0.0,0.03,0.0,0.0,2023-2024
576,Samuele Vignato,ITA,"['MF', 'FW']",Monza,19,2004,3.8,1,7,4,57.1,1.84,1.05,0.14,0.25,15.1,0,0,0,1.7,1.7,0.24,-0.7,-0.7,2023-2024
577,Matías Viña,URU,['DF'],Sassuolo,25,1997,11.3,0,8,2,25.0,0.71,0.18,0.00,0.00,22.3,0,0,0,0.3,0.3,0.04,-0.3,-0.3,2023-2024
578,Rúben Vinagre,POR,"['DF', 'FW']",Hellas Verona,24,1999,3.1,0,2,0,0.0,0.64,0.00,0.00,,31.5,0,0,0,0.0,0.0,0.02,0.0,0.0,2023-2024
579,Nicolas Viola,ITA,"['MF', 'FW']",Cagliari,33,1989,13.4,5,37,11,29.7,2.76,0.82,0.14,0.45,22.3,6,0,1,3.4,2.6,0.07,+1.6,+2.4,2023-2024
580,Mattia Viti,ITA,['DF'],Sassuolo,21,2002,10.9,1,4,1,25.0,0.37,0.09,0.25,1.00,6.3,0,0,0,1.0,1.0,0.24,0.0,0.0,2023-2024
581,Vitinha,POR,"['FW', 'MF']",Genoa,23,2000,3.2,2,14,5,35.7,4.42,1.58,0.14,0.40,14.4,0,0,0,1.1,1.1,0.08,+0.9,+0.9,2023-2024
582,Dušan Vlahović,SRB,['FW'],Juventus,23,2000,25.6,16,106,35,33.0,4.14,1.37,0.13,0.40,15.8,7,2,4,16.6,13.3,0.13,-0.6,+0.7,2023-2024
583,Nikola Vlašić,CRO,"['MF', 'FW']",Torino,25,1997,29.0,3,46,11,23.9,1.59,0.38,0.07,0.27,20.1,1,0,0,2.4,2.4,0.05,+0.6,+0.6,2023-2024
584,Alessandro Vogliacco,ITA,['DF'],Genoa,24,1998,13.0,0,5,0,0.0,0.38,0.00,0.00,,13.9,0,0,0,0.4,0.4,0.08,-0.4,-0.4,2023-2024
585,Mërgim Vojvoda,KVX,['DF'],Torino,28,1995,15.3,0,9,4,44.4,0.59,0.26,0.00,0.00,21.0,0,0,0,0.4,0.4,0.04,-0.4,-0.4,2023-2024
586,Cristian Volpato,ITA,"['MF', 'FW']",Sassuolo,19,2003,7.2,1,12,6,50.0,1.67,0.84,0.08,0.17,23.2,0,0,0,0.5,0.5,0.04,+0.5,+0.5,2023-2024
587,Stefan de Vrij,NED,['DF'],Inter,31,1992,17.6,1,10,3,30.0,0.57,0.17,0.10,0.33,12.3,0,0,0,0.6,0.6,0.06,+0.4,+0.4,2023-2024
588,Walace,BRA,['MF'],Udinese,28,1995,36.0,2,27,9,33.3,0.75,0.25,0.07,0.22,27.3,0,0,0,0.8,0.8,0.03,+1.2,+1.2,2023-2024
589,Sebastian Walukiewicz,POL,['DF'],Empoli,23,2000,22.8,0,4,2,50.0,0.18,0.09,0.00,0.00,18.5,0,0,0,0.1,0.1,0.04,-0.1,-0.1,2023-2024
590,Timothy Weah,USA,"['DF', 'FW']",Juventus,23,2000,14.0,0,12,2,16.7,0.86,0.14,0.00,0.00,20.0,0,0,0,1.5,1.5,0.13,-1.5,-1.5,2023-2024
591,Shon Weissman,ISR,"['FW', 'DF']",Salernitana,27,1996,5.5,1,6,1,16.7,1.09,0.18,0.17,1.00,11.2,0,0,0,1.0,1.0,0.17,0.0,0.0,2023-2024
592,Mateusz Wieteska,POL,['DF'],Cagliari,26,1997,10.7,0,4,0,0.0,0.37,0.00,0.00,,9.8,0,0,0,0.3,0.3,0.08,-0.3,-0.3,2023-2024
593,Kenan Yıldız,TUR,"['FW', 'MF']",Juventus,18,2005,10.6,2,19,7,36.8,1.80,0.66,0.11,0.29,16.6,0,0,0,1.6,1.6,0.09,+0.4,+0.4,2023-2024
594,Mattia Zaccagni,ITA,"['FW', 'MF']",Lazio,28,1995,21.7,6,42,13,31.0,1.93,0.60,0.14,0.46,17.6,3,0,0,4.7,4.7,0.12,+1.3,+1.3,2023-2024
595,Nicola Zalewski,POL,"['DF', 'FW']",Roma,21,2002,10.8,0,16,1,6.3,1.49,0.09,0.00,0.00,19.8,0,0,0,0.8,0.8,0.05,-0.8,-0.8,2023-2024
596,Andre-Frank Zambo Anguissa,CMR,['MF'],Napoli,27,1995,31.0,0,33,6,18.2,1.07,0.19,0.00,0.00,16.6,0,0,0,3.4,3.3,0.10,-3.4,-3.3,2023-2024
597,Alessandro Zanoli,ITA,['DF'],Salernitana,22,2000,10.2,0,3,1,33.3,0.29,0.10,0.00,0.00,12.7,0,0,0,0.2,0.2,0.06,-0.2,-0.2,2023-2024
598,Alessandro Zanoli,ITA,"['DF', 'FW']",Napoli,22,2000,0.6,0,0,0,,0.00,0.00,,,,0,0,0,0.0,0.0,,0.0,0.0,2023-2024
599,Duván Zapata,COL,['FW'],Torino,32,1991,32.0,12,99,38,38.4,3.09,1.19,0.12,0.32,13.3,0,0,0,10.9,10.9,0.11,+1.1,+1.1,2023-2024
600,Duván Zapata,COL,['FW'],Atalanta,32,1991,1.2,1,5,2,40.0,4.02,1.61,0.20,0.50,12.3,0,0,0,0.4,0.4,0.08,+0.6,+0.6,2023-2024
601,Gabriele Zappa,ITA,['DF'],Cagliari,23,1999,28.5,1,19,5,26.3,0.67,0.18,0.05,0.20,18.7,0,0,0,1.5,1.5,0.08,-0.5,-0.5,2023-2024
602,Davide Zappacosta,ITA,['DF'],Atalanta,31,1992,20.7,2,37,10,27.0,1.78,0.48,0.05,0.20,17.1,0,0,0,2.2,2.2,0.06,-0.2,-0.2,2023-2024
603,Oier Zarraga,ESP,['MF'],Udinese,24,1999,4.5,2,6,2,33.3,1.34,0.45,0.33,1.00,19.7,0,0,0,0.6,0.6,0.10,+1.4,+1.4,2023-2024
604,Jordan Zemura,ZIM,['DF'],Udinese,23,1999,11.5,1,5,3,60.0,0.43,0.26,0.20,0.33,13.0,0,0,0,0.8,0.8,0.16,+0.2,+0.2,2023-2024
605,Alessio Zerbin,ITA,"['DF', 'FW']",Monza,24,1999,7.6,0,6,2,33.3,0.79,0.26,0.00,0.00,20.1,0,0,0,0.4,0.4,0.06,-0.4,-0.4,2023-2024
606,Alessio Zerbin,ITA,"['FW', 'DF']",Napoli,24,1999,1.7,0,3,1,33.3,1.80,0.60,0.00,0.00,18.7,0,0,0,0.2,0.2,0.08,-0.2,-0.2,2023-2024
607,Kevin Zeroli,ITA,['MF'],Milan,18,2005,0.3,0,0,0,,0.00,0.00,,,,0,0,0,0.0,0.0,,0.0,0.0,2023-2024
608,Piotr Zieliński,POL,['MF'],Napoli,29,1994,21.4,3,29,8,27.6,1.36,0.37,0.07,0.25,21.4,3,1,1,2.6,1.8,0.06,+0.4,+0.2,2023-2024
609,David Zima,CZE,['DF'],Torino,22,2000,1.0,0,0,0,,0.00,0.00,,,,0,0,0,0.0,0.0,,0.0,0.0,2023-2024
610,Joshua Zirkzee,NED,['FW'],Bologna,22,2001,30.7,11,84,29,34.5,2.74,0.95,0.11,0.31,17.8,3,2,2,9.0,7.4,0.09,+2.0,+1.6,2023-2024
611,Nadir Zortea,ITA,['DF'],Frosinone,24,1999,14.0,1,10,4,40.0,0.72,0.29,0.10,0.25,22.3,0,0,0,0.4,0.4,0.04,+0.6,+0.6,2023-2024
612,Nadir Zortea,ITA,['DF'],Atalanta,24,1999,1.7,1,2,1,50.0,1.21,0.60,0.50,1.00,22.2,0,0,0,0.1,0.1,0.04,+0.9,+0.9,2023-2024
613,Szymon Żurkowski,POL,['MF'],Empoli,25,1997,9.6,4,16,6,37.5,1.66,0.62,0.25,0.67,18.1,0,0,0,1.0,1.0,0.06,+3.0,+3.0,2023-2024
614,Milan Đurić,BIH,['FW'],Hellas Verona,33,1990,13.4,5,22,13,59.1,1.64,0.97,0.18,0.31,12.5,0,1,3,4.5,2.2,0.10,+0.5,+1.8,2023-2024
615,Milan Đurić,BIH,['FW'],Monza,33,1990,14.0,4,26,6,23.1,1.86,0.43,0.15,0.67,10.7,0,0,0,3.0,3.0,0.11,+1.0,+1.0,2023-2024
616,Mateusz Łęgowski,POL,['MF'],Salernitana,20,2003,12.7,0,7,1,14.3,0.55,0.08,0.00,0.00,20.5,0,0,0,0.2,0.2,0.03,-0.2,-0.2,2023-2024
