Rk,Player,Nation,Pos,Squad,Age,Born,90s,SCA,SCA90,SCA_PassLive,SCA_PassDead,SCA_TO,SCA_Sh,SCA_Fld,SCA_Def,GCA,GCA90,GCA_PassLive,GCA_PassDead,GCA_TO,GCA_Sh,GCA_Fld,GCA_Def,Season
1,Max Aarons,ENG,"['DF', 'MF']",Valencia,24,2000,1.3,1,0.75,1,0,0,0,0,0,0,0.00,0,0,0,0,0,0,2024-2025
2,Rodrigo Abajas,ESP,['DF'],Valencia,21,2003,0.7,0,0.00,0,0,0,0,0,0,0,0.00,0,0,0,0,0,0,2024-2025
3,Nabil Aberdin,FRA,['MF'],Getafe,21,2002,2.9,3,1.03,3,0,0,0,0,0,0,0.00,0,0,0,0,0,0,2024-2025
4,Abdel Abqar,MAR,['DF'],Alavés,25,1999,27.4,25,0.91,20,0,0,2,1,2,3,0.11,2,0,0,0,1,0,2024-2025
5,Akor Adams,NGA,['FW'],Sevilla,24,2000,1.5,0,0.00,0,0,0,0,0,0,0,0.00,0,0,0,0,0,0,2024-2025
6,Adrián,ESP,['GK'],Betis,37,1987,19.0,0,0.00,0,0,0,0,0,0,0,0.00,0,0,0,0,0,0,2024-2025
7,Julen Agirrezabala,ESP,['GK'],Athletic Club,23,2000,13.4,3,0.22,3,0,0,0,0,0,0,0.00,0,0,0,0,0,0,2024-2025
8,Lucien Agoume,FRA,['MF'],Sevilla,22,2002,23.5,60,2.55,57,0,1,1,0,1,5,0.21,4,0,0,1,0,0,2024-2025
9,Álvaro Aguado,ESP,['MF'],Espanyol,28,1996,4.9,16,3.25,13,1,1,1,0,0,1,0.20,1,0,0,0,0,0,2024-2025
10,Lorenzo Aguado,ESP,['DF'],Real Madrid,21,2002,0.1,0,0.00,0,0,0,0,0,0,0,0.00,0,0,0,0,0,0,2024-2025
11,Nayef Aguerd,MAR,['DF'],Real Sociedad,28,1996,19.6,16,0.82,13,1,0,2,0,0,1,0.05,1,0,0,0,0,0,2024-2025
12,Joseph Aidoo,GHA,['DF'],Valladolid,28,1995,6.5,1,0.15,1,0,0,0,0,0,0,0.00,0,0,0,0,0,0,2024-2025
13,Joseph Aidoo,GHA,['DF'],Celta Vigo,28,1995,0.0,0,0.00,0,0,0,0,0,0,0,0.00,0,0,0,0,0,0,2024-2025
14,Ilias Akhomach,MAR,"['MF', 'FW']",Villarreal,20,2004,6.5,29,4.38,17,0,5,1,6,0,1,0.15,0,0,0,0,1,0,2024-2025
15,David Alaba,AUT,['DF'],Real Madrid,32,1992,3.5,2,0.57,2,0,0,0,0,0,0,0.00,0,0,0,0,0,0,2024-2025
16,Ibrahim Alani,NGA,['MF'],Valladolid,18,2006,1.8,0,0.00,0,0,0,0,0,0,0,0.00,0,0,0,0,0,0,2024-2025
17,Raúl Albiol,ESP,['DF'],Villarreal,38,1985,13.2,5,0.38,4,0,0,1,0,0,3,0.23,3,0,0,0,0,0,2024-2025
18,Omar Alderete,PAR,['DF'],Getafe,27,1996,33.0,37,1.12,28,1,1,5,1,1,4,0.12,2,0,0,1,1,0,2024-2025
19,Carles Aleñá,ESP,"['MF', 'FW']",Getafe,26,1998,5.0,8,1.60,7,0,0,0,1,0,0,0.00,0,0,0,0,0,0,2024-2025
20,Carles Aleñá,ESP,"['MF', 'FW']",Alavés,26,1998,12.1,44,3.64,27,7,3,3,4,0,4,0.33,2,1,0,0,1,0,2024-2025
21,Alfon,ESP,"['FW', 'MF']",Celta Vigo,25,1999,15.2,59,3.87,32,0,12,9,6,0,7,0.46,4,0,0,2,1,0,2024-2025
22,Tadeo Allende,ARG,['FW'],Celta Vigo,25,1999,0.0,0,0.00,0,0,0,0,0,0,0,0.00,0,0,0,0,0,0,2024-2025
23,Domingos André Ribeiro Almeida,POR,"['MF', 'FW']",Valencia,24,2000,22.0,86,3.92,54,17,1,3,9,2,6,0.27,5,1,0,0,0,0,2024-2025
24,Iker Almena,ESP,"['FW', 'DF']",Girona,20,2004,0.5,3,5.63,2,0,1,0,0,0,2,3.75,1,0,1,0,0,0,2024-2025
25,Marcos Alonso,ESP,['DF'],Celta Vigo,33,1990,29.4,46,1.56,38,3,1,3,0,1,6,0.20,6,0,0,0,0,0,2024-2025
26,Adrià Altimira,ESP,"['DF', 'FW']",Leganés,23,2001,18.1,21,1.16,14,1,1,0,5,0,1,0.06,1,0,0,0,0,0,2024-2025
27,Sergi Altimira,ESP,['MF'],Betis,22,2001,21.9,52,2.37,40,0,3,2,1,6,1,0.05,1,0,0,0,0,0,2024-2025
28,Hugo Álvarez,ESP,"['MF', 'DF']",Celta Vigo,21,2003,17.5,46,2.63,38,0,5,3,0,0,9,0.52,7,0,2,0,0,0,2024-2025
29,Julián Álvarez,ARG,['FW'],Atlético Madrid,24,2000,27.9,108,3.87,76,9,9,9,2,3,15,0.54,10,1,0,3,0,1,2024-2025
30,Yeray Álvarez,ESP,['DF'],Athletic Club,29,1995,19.8,18,0.91,15,0,0,0,0,3,2,0.10,2,0,0,0,0,0,2024-2025
31,Selim Amallah,MAR,['MF'],Valladolid,27,1996,15.3,32,2.09,16,8,6,1,0,1,1,0.07,1,0,0,0,0,0,2024-2025
32,Amath,SEN,"['FW', 'DF']",Valladolid,28,1996,4.2,13,3.11,10,0,2,1,0,0,1,0.24,1,0,0,0,0,0,2024-2025
33,Marcos André,BRA,['FW'],Valladolid,27,1996,13.2,19,1.44,15,0,3,0,1,0,1,0.08,1,0,0,0,0,0,2024-2025
34,Leandro Antonetti,PUR,['FW'],Sevilla,21,2003,0.3,0,0.00,0,0,0,0,0,0,0,0.00,0,0,0,0,0,0,2024-2025
35,Antoniu,ESP,"['FW', 'MF']",Espanyol,21,2002,11.4,24,2.11,11,0,6,0,5,2,1,0.09,1,0,0,0,0,0,2024-2025
36,Antony,BRA,['FW'],Betis,24,2000,15.1,77,5.09,61,4,5,4,3,0,9,0.60,6,0,1,2,0,0,2024-2025
37,Anuar,MAR,"['MF', 'FW']",Valladolid,29,1995,19.1,25,1.31,17,1,2,0,5,0,4,0.21,1,0,2,0,1,0,2024-2025
38,Aritz Arambarri,ESP,['DF'],Leganés,26,1998,2.0,1,0.51,1,0,0,0,0,0,0,0.00,0,0,0,0,0,0,2024-2025
39,Mauro Arambarri,URU,['MF'],Getafe,28,1995,29.6,54,1.83,34,0,3,6,9,2,3,0.10,1,0,0,2,0,0,2024-2025
40,Jon Aramburu,VEN,['DF'],Real Sociedad,22,2002,27.3,33,1.21,26,3,1,0,1,2,2,0.07,2,0,0,0,0,0,2024-2025
41,Ronald Araújo,URU,['DF'],Barcelona,25,1999,8.4,12,1.43,11,0,0,1,0,0,2,0.24,1,0,0,1,0,0,2024-2025
42,Adu Ares,ESP,['FW'],Athletic Club,22,2001,0.2,1,4.74,1,0,0,0,0,0,0,0.00,0,0,0,0,0,0,2024-2025
43,Jesús Areso,ESP,['DF'],Osasuna,25,1999,34.2,73,2.13,55,12,2,1,3,0,9,0.26,7,2,0,0,0,0,2024-2025
44,David Argüelles,ESP,['MF'],Getafe,22,2002,0.1,0,0.00,0,0,0,0,0,0,0,0.00,0,0,0,0,0,0,2024-2025
45,José Arnaiz,ESP,"['FW', 'MF']",Osasuna,29,1995,1.5,9,6.04,6,1,0,1,1,0,0,0.00,0,0,0,0,0,0,2024-2025
46,Sergio Arribas,ESP,['DF'],Betis,21,2003,1.0,0,0.00,0,0,0,0,0,0,0,0.00,0,0,0,0,0,0,2024-2025
47,Takuma Asano,JPN,"['FW', 'MF']",Mallorca,29,1994,11.7,22,1.88,16,0,2,2,2,0,2,0.17,2,0,0,0,0,0,2024-2025
48,Raúl Asencio,ESP,['DF'],Real Madrid,21,2003,18.6,12,0.65,11,0,1,0,0,0,1,0.05,1,0,0,0,0,0,2024-2025
49,Iago Aspas,ESP,"['FW', 'MF']",Celta Vigo,36,1987,19.4,74,3.82,66,1,2,3,2,0,13,0.67,11,0,0,1,1,0,2024-2025
50,Yaser Asprilla,COL,"['FW', 'MF']",Girona,20,2003,15.6,61,3.91,45,7,7,1,1,0,7,0.45,5,2,0,0,0,0,2024-2025
51,Ezequiel Ávila,ARG,['FW'],Betis,30,1994,7.5,31,4.12,24,0,1,2,4,0,3,0.40,3,0,0,0,0,0,2024-2025
52,Adam Aznou,MAR,['DF'],Valladolid,18,2006,9.7,16,1.64,11,3,2,0,0,0,0,0.00,0,0,0,0,0,0,2024-2025
53,César Azpilicueta,ESP,['DF'],Atlético Madrid,34,1989,9.7,8,0.82,5,2,0,0,0,1,1,0.10,1,0,0,0,0,0,2024-2025
54,Papa Ba,ESP,['MF'],Girona,19,2004,0.5,2,3.75,1,0,1,0,0,0,0,0.00,0,0,0,0,0,0,2024-2025
55,Loïc Bade,FRA,['DF'],Sevilla,24,2000,29.8,23,0.77,20,0,1,2,0,0,2,0.07,2,0,0,0,0,0,2024-2025
56,Alex Baena,ESP,"['MF', 'FW']",Villarreal,23,2001,28.8,169,5.86,108,41,4,11,4,1,21,0.73,17,2,1,0,1,0,2024-2025
57,Eric Bailly,CIV,['DF'],Villarreal,30,1994,6.9,2,0.29,1,0,0,1,0,0,0,0.00,0,0,0,0,0,0,2024-2025
58,Stefan Bajcetic,ESP,"['MF', 'DF']",Las Palmas,19,2004,10.8,14,1.30,10,0,0,2,2,0,1,0.09,0,0,0,1,0,0,2024-2025
59,Cédric Bakambu,COD,['FW'],Betis,33,1991,7.9,11,1.39,9,0,0,1,1,0,3,0.38,2,0,0,0,1,0,2024-2025
60,Alejandro Balde,ESP,['DF'],Barcelona,20,2003,25.4,76,2.99,60,3,3,3,7,0,12,0.47,10,0,0,0,2,0,2024-2025
61,Iván Balliu,ALB,['DF'],Rayo Vallecano,32,1992,13.3,19,1.43,14,3,0,1,1,0,1,0.08,1,0,0,0,0,0,2024-2025
62,Jonathan Bamba,CIV,"['FW', 'MF']",Celta Vigo,28,1996,9.0,28,3.11,24,0,2,2,0,0,4,0.44,4,0,0,0,0,0,2024-2025
63,Adrian Baquerin,ESP,['FW'],Valladolid,17,2007,0.5,1,1.87,1,0,0,0,0,0,0,0.00,0,0,0,0,0,0,2024-2025
64,Valentín Barco,ARG,"['DF', 'FW']",Sevilla,20,2004,3.2,10,3.12,5,4,0,1,0,0,0,0.00,0,0,0,0,0,0,2024-2025
65,Borna Barišić,CRO,['DF'],Leganés,31,1992,0.1,0,0.00,0,0,0,0,0,0,0,0.00,0,0,0,0,0,0,2024-2025
66,Kike Barja,ESP,"['FW', 'MF']",Osasuna,27,1997,3.5,18,5.14,9,4,3,0,2,0,2,0.57,1,0,0,0,1,0,2024-2025
67,Enzo Barrenechea,ARG,['MF'],Valencia,23,2001,24.3,45,1.85,35,1,0,1,4,4,8,0.33,5,1,0,0,1,1,2024-2025
68,Ander Barrenetxea,ESP,"['MF', 'FW']",Real Sociedad,22,2001,14.0,42,2.99,31,1,2,5,1,2,6,0.43,4,0,0,2,0,0,2024-2025
69,Pablo Barrios,ESP,['MF'],Atlético Madrid,21,2003,25.9,66,2.55,58,1,1,3,1,2,11,0.43,11,0,0,0,0,0,2024-2025
70,Thierno Barry,FRA,['FW'],Villarreal,21,2002,25.8,46,1.78,32,0,3,6,3,2,6,0.23,5,0,1,0,0,0,2024-2025
71,Marc Bartra,ESP,['DF'],Betis,33,1991,23.3,13,0.56,10,0,1,2,0,0,3,0.13,1,0,0,2,0,0,2024-2025
72,Aboubacar Bassinga,CIV,['MF'],Las Palmas,19,2005,0.0,0,0.00,0,0,0,0,0,0,0,0.00,0,0,0,0,0,0,2024-2025
73,Augusto Batalla,ARG,['GK'],Rayo Vallecano,28,1996,32.0,7,0.22,6,1,0,0,0,0,0,0.00,0,0,0,0,0,0,2024-2025
74,Rafael Bauza,ESP,['MF'],Espanyol,19,2005,2.0,1,0.49,0,0,1,0,0,0,0,0.00,0,0,0,0,0,0,2024-2025
75,Sheraldo Becker,SUR,"['FW', 'MF']",Real Sociedad,29,1995,11.1,21,1.90,17,0,2,1,1,0,1,0.09,1,0,0,0,0,0,2024-2025
76,Donny van de Beek,NED,['MF'],Girona,27,1997,15.8,28,1.77,27,0,0,1,0,0,2,0.13,2,0,0,0,0,0,2024-2025
77,Luken Beitia,ESP,['DF'],Real Sociedad,20,2004,0.1,0,0.00,0,0,0,0,0,0,0,0.00,0,0,0,0,0,0,2024-2025
78,Ismael Bekhoucha,MAR,"['MF', 'DF']",Getafe,19,2004,0.8,1,1.30,1,0,0,0,0,0,0,0.00,0,0,0,0,0,0,2024-2025
79,Héctor Bellerín,ESP,['DF'],Betis,29,1995,6.4,12,1.86,11,0,1,0,0,0,2,0.31,2,0,0,0,0,0,2024-2025
80,Jude Bellingham,ENG,['MF'],Real Madrid,21,2003,27.6,105,3.80,85,1,5,8,3,3,13,0.47,11,0,0,1,1,0,2024-2025
81,Fran Beltrán,ESP,['MF'],Celta Vigo,25,1999,26.9,43,1.60,38,0,1,4,0,0,4,0.15,4,0,0,0,0,0,2024-2025
82,Carlos Benavídez,URU,['MF'],Alavés,26,1998,5.4,11,2.04,9,0,1,0,0,1,3,0.56,3,0,0,0,0,0,2024-2025
83,Iker Benito,ESP,"['FW', 'MF']",Osasuna,21,2002,0.4,1,2.43,1,0,0,0,0,0,0,0.00,0,0,0,0,0,0,2024-2025
84,Yuri Berchiche,ESP,['DF'],Athletic Club,34,1990,22.7,40,1.76,33,3,0,1,1,2,2,0.09,2,0,0,0,0,0,2024-2025
85,Álex Berenguer,ESP,"['FW', 'MF']",Athletic Club,29,1995,26.0,98,3.77,64,19,9,2,2,2,14,0.54,6,4,2,1,1,0,2024-2025
86,Marc Bernal,ESP,['MF'],Barcelona,17,2007,2.7,1,0.37,0,1,0,0,0,0,0,0.00,0,0,0,0,0,0,2024-2025
87,Juan Bernat,ESP,"['DF', 'MF']",Villarreal,31,1993,2.4,8,3.40,7,0,0,1,0,0,1,0.42,1,0,0,0,0,0,2024-2025
88,Juan Bernat,ESP,"['MF', 'DF']",Getafe,31,1993,7.8,10,1.29,10,0,0,0,0,0,1,0.13,1,0,0,0,0,0,2024-2025
89,Juan Berrocal,ESP,['DF'],Getafe,25,1999,11.8,6,0.51,4,1,0,0,0,1,1,0.08,1,0,0,0,0,0,2024-2025
90,Antonio Blanco,ESP,['MF'],Alavés,24,2000,30.3,45,1.49,38,3,0,1,1,2,1,0.03,1,0,0,0,0,0,2024-2025
91,Daley Blind,NED,['DF'],Girona,34,1990,30.9,47,1.52,43,2,0,0,0,2,7,0.23,6,0,0,0,0,1,2024-2025
92,Adama Boiro,ESP,"['DF', 'FW']",Athletic Club,22,2002,12.2,16,1.31,12,1,1,1,1,0,0,0.00,0,0,0,0,0,0,2024-2025
93,Enzo Boyomo,CMR,['DF'],Osasuna,22,2001,33.2,13,0.39,12,0,0,1,0,0,1,0.03,1,0,0,0,0,0,2024-2025
94,Enzo Boyomo,CMR,['DF'],Valladolid,22,2001,3.0,1,0.33,1,0,0,0,0,0,0,0.00,0,0,0,0,0,0,2024-2025
95,Darko Brašanac,SRB,['MF'],Leganés,32,1992,18.0,34,1.89,28,0,1,3,2,0,2,0.11,2,0,0,0,0,0,2024-2025
96,Abel Bretones,ESP,['DF'],Osasuna,23,2000,23.0,39,1.69,29,2,5,0,1,2,4,0.17,2,0,1,0,0,1,2024-2025
97,Tajon Buchanan,CAN,['MF'],Villarreal,25,1999,4.6,13,2.80,9,1,1,1,1,0,2,0.43,2,0,0,0,0,0,2024-2025
98,Ante Budimir,CRO,['FW'],Osasuna,33,1991,32.8,46,1.40,25,0,3,9,9,0,14,0.43,3,0,1,2,8,0,2024-2025
99,Manu Bueno,ESP,"['MF', 'FW']",Sevilla,20,2004,1.6,1,0.64,1,0,0,0,0,0,0,0.00,0,0,0,0,0,0,2024-2025
100,Endika Buján,ESP,['FW'],Athletic Club,21,2003,0.1,0,0.00,0,0,0,0,0,0,0,0.00,0,0,0,0,0,0,2024-2025
101,Pau Cabanes,ESP,"['MF', 'FW']",Villarreal,19,2005,1.8,12,6.63,8,0,1,0,3,0,2,1.10,1,0,0,0,1,0,2024-2025
102,Pau Cabanes,ESP,"['MF', 'FW']",Alavés,19,2005,2.1,6,2.87,4,0,1,0,1,0,0,0.00,0,0,0,0,0,0,2024-2025
103,Leandro Cabrera,URU,['DF'],Espanyol,33,1991,31.9,21,0.66,17,0,0,2,1,1,7,0.22,4,0,0,2,1,0,2024-2025
104,Fernando Calero,ESP,"['DF', 'MF']",Espanyol,28,1995,7.9,6,0.76,5,0,0,0,0,1,0,0.00,0,0,0,0,0,0,2024-2025
105,Eduardo Camavinga,FRA,"['MF', 'DF']",Real Madrid,21,2002,12.2,31,2.54,25,1,2,0,3,0,2,0.16,2,0,0,0,0,0,2024-2025
106,Sergio Camello,ESP,['FW'],Rayo Vallecano,23,2001,12.6,38,3.02,27,0,7,2,1,1,5,0.40,2,0,2,0,0,1,2024-2025
107,José Campaña,ESP,['MF'],Las Palmas,31,1993,13.2,39,2.95,34,5,0,0,0,0,4,0.30,4,0,0,0,0,0,2024-2025
108,Peio Canales,ESP,"['MF', 'FW']",Athletic Club,19,2005,2.9,10,3.47,5,4,0,0,0,1,0,0.00,0,0,0,0,0,0,2024-2025
109,Antonio Candela,ITA,['DF'],Valladolid,24,2000,10.1,8,0.79,7,1,0,0,0,0,0,0.00,0,0,0,0,0,0,2024-2025
110,Sergi Canós,ESP,"['MF', 'FW']",Valencia,27,1997,4.1,19,4.60,13,1,0,4,1,0,1,0.24,1,0,0,0,0,0,2024-2025
111,Dani Cárdenas,ESP,['GK'],Rayo Vallecano,27,1997,6.0,1,0.17,0,1,0,0,0,0,0,0.00,0,0,0,0,0,0,2024-2025
112,Irvin Cardona,MLT,"['FW', 'MF']",Espanyol,26,1997,6.7,20,2.97,16,1,0,2,1,0,3,0.45,2,0,0,1,0,0,2024-2025
113,Marc Cardona,ESP,"['FW', 'DF']",Las Palmas,29,1995,1.5,4,2.73,2,0,0,2,0,0,0,0.00,0,0,0,0,0,0,2024-2025
114,Sergi Cardona,ESP,['DF'],Villarreal,25,1999,32.7,79,2.41,71,3,1,4,0,0,13,0.40,13,0,0,0,0,0,2024-2025
115,Johnny Cardoso,USA,['MF'],Betis,22,2001,23.8,35,1.47,29,0,5,0,0,1,1,0.04,1,0,0,0,0,0,2024-2025
116,José Carlos González,ESP,['DF'],Las Palmas,18,2006,0.1,0,0.00,0,0,0,0,0,0,0,0.00,0,0,0,0,0,0,2024-2025
117,Carmona,ESP,['DF'],Sevilla,22,2002,32.7,54,1.65,38,6,3,2,3,2,1,0.03,1,0,0,0,0,0,2024-2025
118,Sergio Carreira,ESP,"['MF', 'DF']",Celta Vigo,23,2000,18.4,36,1.96,32,1,3,0,0,0,4,0.22,4,0,0,0,0,0,2024-2025
119,Dani Carvajal,ESP,['DF'],Real Madrid,32,1992,6.8,12,1.77,10,2,0,0,0,0,2,0.30,1,1,0,0,0,0,2024-2025
120,William Carvalho,POR,['MF'],Betis,32,1992,5.4,14,2.60,14,0,0,0,0,0,0,0.00,0,0,0,0,0,0,2024-2025
121,Marc Casado,ESP,['MF'],Barcelona,20,2003,17.9,45,2.51,40,0,0,1,2,2,6,0.34,6,0,0,0,0,0,2024-2025
122,Catena,ESP,['DF'],Osasuna,29,1994,34.2,29,0.85,23,3,0,1,2,0,6,0.18,4,0,0,1,1,0,2024-2025
123,Maximiliano Caufriez,BEL,['DF'],Valencia,27,1997,1.0,0,0.00,0,0,0,0,0,0,0,0.00,0,0,0,0,0,0,2024-2025
124,Dani Ceballos,ESP,['MF'],Real Madrid,27,1996,13.5,57,4.22,50,5,1,0,1,0,5,0.37,4,1,0,0,0,0,2024-2025
125,Franco Cervi,ARG,"['FW', 'MF']",Celta Vigo,30,1994,3.0,5,1.65,5,0,0,0,0,0,0,0.00,0,0,0,0,0,0,2024-2025
126,Raúl Chasco,ESP,['DF'],Valladolid,20,2003,1.4,2,1.38,2,0,0,0,0,0,1,0.69,1,0,0,0,0,0,2024-2025
127,Pep Chavarría,ESP,"['DF', 'FW']",Rayo Vallecano,26,1998,28.7,61,2.12,50,4,1,3,2,1,2,0.07,2,0,0,0,0,0,2024-2025
128,Walid Cheddira,MAR,['FW'],Espanyol,26,1998,7.1,20,2.81,10,0,2,4,4,0,5,0.70,1,0,1,1,2,0,2024-2025
129,Chema,ESP,['MF'],Real Madrid,19,2005,0.1,0,0.00,0,0,0,0,0,0,0,0.00,0,0,0,0,0,0,2024-2025
130,Julián Chicco,ARG,"['MF', 'DF']",Leganés,26,1998,3.4,5,1.49,3,0,1,1,0,0,1,0.30,1,0,0,0,0,0,2024-2025
131,Chiquinho,POR,"['MF', 'FW']",Mallorca,24,2000,1.6,7,4.29,0,2,3,1,1,0,1,0.61,0,1,0,0,0,0,2024-2025
132,Andreas Christensen,DEN,['DF'],Barcelona,28,1996,2.8,1,0.35,1,0,0,0,0,0,0,0.00,0,0,0,0,0,0,2024-2025
133,Jasper Cillessen,NED,['GK'],Las Palmas,35,1989,25.9,1,0.04,1,0,0,0,0,0,0,0.00,0,0,0,0,0,0,2024-2025
134,Pathé Ciss,SEN,"['MF', 'DF']",Rayo Vallecano,30,1994,23.8,47,1.98,35,3,2,2,2,3,2,0.08,1,0,0,1,0,0,2024-2025
135,Seydouba Cissé,GUI,['MF'],Leganés,23,2001,27.1,47,1.74,38,1,1,2,5,0,5,0.18,3,0,0,0,2,0,2024-2025
136,Silvi Clúa,ESP,['MF'],Girona,19,2005,1.8,2,1.10,1,0,0,0,0,1,0,0.00,0,0,0,0,0,0,2024-2025
137,Eray Cömert,SUI,"['DF', 'MF']",Valladolid,26,1998,19.8,12,0.61,12,0,0,0,0,0,0,0.00,0,0,0,0,0,0,2024-2025
138,Santi Comesaña,ESP,['MF'],Villarreal,27,1996,28.4,78,2.74,69,2,1,2,0,4,11,0.39,9,0,0,1,0,1,2024-2025
139,Diego Conde,ESP,['GK'],Villarreal,25,1998,21.8,3,0.14,1,2,0,0,0,0,1,0.05,1,0,0,0,0,0,2024-2025
140,Tomás Conechny,ARG,"['FW', 'MF']",Alavés,26,1998,9.4,14,1.48,13,0,0,1,0,0,0,0.00,0,0,0,0,0,0,2024-2025
141,Copete,ESP,['DF'],Mallorca,24,1999,17.0,10,0.59,9,1,0,0,0,0,1,0.06,1,0,0,0,0,0,2024-2025
142,Iker Córdoba,ESP,['DF'],Valencia,18,2005,0.2,1,6.43,1,0,0,0,0,0,0,0.00,0,0,0,0,0,0,2024-2025
143,Ángel Correa,ARG,"['FW', 'MF']",Atlético Madrid,29,1995,8.9,35,3.92,21,1,4,4,3,2,5,0.56,3,0,2,0,0,0,2024-2025
144,Thierry Correia,POR,['DF'],Valencia,25,1999,8.5,16,1.87,12,1,2,0,1,0,0,0.00,0,0,0,0,0,0,2024-2025
145,Coba da Costa,ESP,"['MF', 'FW']",Getafe,22,2002,11.2,37,3.31,28,0,5,2,1,1,4,0.36,3,0,0,1,0,0,2024-2025
146,Logan Costa,CPV,['DF'],Villarreal,23,2001,28.7,22,0.76,20,0,0,1,1,0,2,0.07,1,0,0,0,1,0,2024-2025
147,Samu Costa,POR,['MF'],Mallorca,23,2000,29.4,56,1.90,41,1,3,6,4,1,6,0.20,4,1,0,1,0,0,2024-2025
148,Thibaut Courtois,BEL,['GK'],Real Madrid,32,1992,30.0,4,0.13,3,1,0,0,0,0,0,0.00,0,0,0,0,0,0,2024-2025
149,Juan Cruz Armada,ESP,['DF'],Osasuna,32,1992,16.6,14,0.84,10,3,0,1,0,0,1,0.06,1,0,0,0,0,0,2024-2025
150,Juan Cruz,ESP,"['FW', 'MF']",Leganés,24,2000,25.1,51,2.03,34,6,2,5,2,2,6,0.24,6,0,0,0,0,0,2024-2025
151,Pau Cubarsí,ESP,['DF'],Barcelona,17,2007,29.1,35,1.20,34,0,0,1,0,0,6,0.21,5,0,0,1,0,0,2024-2025
152,Cucho,COL,['FW'],Betis,25,1999,12.7,46,3.64,32,0,5,5,3,1,8,0.63,5,0,1,0,2,0,2024-2025
153,Arnaut Danjuma,NED,['FW'],Villarreal,27,1997,2.2,2,0.90,2,0,0,0,0,0,0,0.00,0,0,0,0,0,0,2024-2025
154,Arnaut Danjuma,NED,"['FW', 'MF']",Girona,27,1997,14.8,40,2.70,26,6,5,2,1,0,0,0.00,0,0,0,0,0,0,2024-2025
155,Sergi Darder,ESP,"['MF', 'FW']",Mallorca,30,1993,30.5,96,3.15,46,44,2,4,0,0,7,0.23,5,2,0,0,0,0,2024-2025
156,Rodrigo De Paul,ARG,['MF'],Atlético Madrid,30,1994,23.4,90,3.84,77,6,1,3,2,1,13,0.56,12,0,0,0,1,0,2024-2025
157,Mouctar Diakhaby,GUI,['DF'],Valencia,27,1996,7.3,4,0.55,2,0,0,2,0,0,1,0.14,1,0,0,0,0,0,2024-2025
158,Assane Diao,SEN,['FW'],Betis,18,2005,3.1,7,2.28,6,0,0,1,0,0,2,0.65,2,0,0,0,0,0,2024-2025
159,Moussa Diarra,MLI,['DF'],Alavés,23,2000,20.7,18,0.87,14,0,0,0,4,0,4,0.19,2,0,0,0,2,0,2024-2025
160,Brahim Díaz,MAR,"['FW', 'MF']",Real Madrid,24,1999,15.4,56,3.64,43,0,6,5,1,1,12,0.78,7,0,1,3,0,1,2024-2025
161,Daniel Díaz,ESP,['MF'],Real Sociedad,18,2006,0.1,0,0.00,0,0,0,0,0,0,0,0.00,0,0,0,0,0,0,2024-2025
162,Pedro Díaz,ESP,['MF'],Rayo Vallecano,26,1998,13.5,50,3.72,33,7,5,5,0,0,5,0.37,1,0,2,2,0,0,2024-2025
163,Diego,ESP,['FW'],Leganés,24,2000,13.3,12,0.90,7,0,0,2,3,0,1,0.08,0,0,0,0,1,0,2024-2025
164,Stole Dimitrievski,MKD,['GK'],Valencia,30,1993,4.0,0,0.00,0,0,0,0,0,0,0,0.00,0,0,0,0,0,0,2024-2025
165,Yan Diomandé,CIV,"['MF', 'FW']",Leganés,17,2006,6.1,37,6.11,25,0,8,2,1,1,5,0.83,2,0,3,0,0,0,2024-2025
166,Álvaro djaló,GNB,['FW'],Athletic Club,24,1999,7.3,12,1.64,5,0,1,1,5,0,1,0.14,0,0,0,0,1,0,2024-2025
167,Djené,TOG,"['DF', 'MF']",Getafe,32,1991,28.3,21,0.74,18,1,0,0,1,1,1,0.04,1,0,0,0,0,0,2024-2025
168,Marko Dmitrović,SRB,['GK'],Leganés,32,1992,32.0,6,0.19,3,3,0,0,0,0,0,0.00,0,0,0,0,0,0,2024-2025
169,Marc Domenech,ESP,"['FW', 'MF']",Mallorca,18,2006,3.4,7,2.09,5,0,0,2,0,0,0,0.00,0,0,0,0,0,0,2024-2025
170,Carlos Dominguez,ESP,['DF'],Celta Vigo,23,2001,13.1,6,0.46,6,0,0,0,0,0,0,0.00,0,0,0,0,0,0,2024-2025
171,Israel Domínguez,ESP,['FW'],Sevilla,21,2003,0.2,0,0.00,0,0,0,0,0,0,0,0.00,0,0,0,0,0,0,2024-2025
172,Sergi Dominguez,ESP,['DF'],Barcelona,19,2005,1.9,0,0.00,0,0,0,0,0,0,0,0.00,0,0,0,0,0,0,2024-2025
173,Anastasios Douvikas,GRE,['FW'],Celta Vigo,24,1999,7.8,11,1.41,5,0,2,1,3,0,1,0.13,1,0,0,0,0,0,2024-2025
174,Domingos Duarte,POR,['DF'],Getafe,29,1995,20.7,9,0.44,9,0,0,0,0,0,0,0.00,0,0,0,0,0,0,2024-2025
175,Duk,CPV,"['MF', 'FW']",Leganés,24,2000,2.0,7,3.54,5,0,1,1,0,0,1,0.51,0,0,0,1,0,0,2024-2025
176,Pablo Durán,ESP,"['FW', 'MF']",Celta Vigo,23,2001,15.5,30,1.94,22,0,2,4,2,0,4,0.26,3,0,0,1,0,0,2024-2025
177,Hugo Duro,ESP,['FW'],Valencia,24,1999,24.1,29,1.20,19,0,1,4,5,0,5,0.21,1,0,0,1,3,0,2024-2025
178,Chidera Ejuke,NGA,['FW'],Sevilla,26,1998,10.7,45,4.19,28,5,9,0,3,0,2,0.19,2,0,0,0,0,0,2024-2025
179,Aritz Elustondo,ESP,['DF'],Real Sociedad,30,1994,16.2,11,0.68,11,0,0,0,0,0,1,0.06,1,0,0,0,0,0,2024-2025
180,Adri Embarba,ESP,"['FW', 'MF']",Rayo Vallecano,32,1992,17.9,46,2.58,28,10,1,1,6,0,2,0.11,2,0,0,0,0,0,2024-2025
181,Endrick,BRA,['FW'],Real Madrid,18,2006,4.0,8,1.96,6,0,1,0,1,0,2,0.49,0,0,1,0,1,0,2024-2025
182,Alfonso Espino,URU,['DF'],Rayo Vallecano,32,1992,9.3,13,1.40,8,4,1,0,0,0,1,0.11,1,0,0,0,0,0,2024-2025
183,Dario Essugo,POR,['MF'],Las Palmas,19,2005,21.5,36,1.67,25,0,3,3,3,2,1,0.05,1,0,0,0,0,0,2024-2025
184,Etienne Eto'o,CMR,['FW'],Rayo Vallecano,21,2002,0.4,0,0.00,0,0,0,0,0,0,0,0.00,0,0,0,0,0,0,2024-2025
185,Karl Etta Eyong,CMR,"['MF', 'FW']",Villarreal,20,2003,0.4,1,2.43,0,0,0,0,1,0,0,0.00,0,0,0,0,0,0,2024-2025
186,Edu Expósito,ESP,['MF'],Espanyol,27,1996,11.6,44,3.79,22,15,2,2,3,0,2,0.17,0,2,0,0,0,0,2024-2025
187,Abde Ezzalzouli,MAR,"['FW', 'MF']",Betis,22,2001,22.0,66,2.99,43,0,10,8,4,1,7,0.32,4,0,0,2,1,0,2024-2025
188,Ansu Fati,ESP,['FW'],Barcelona,21,2002,2.6,11,4.25,9,0,0,2,0,0,0,0.00,0,0,0,0,0,0,2024-2025
189,Nabil Fekir,FRA,['MF'],Betis,31,1993,2.0,12,6.00,9,2,0,0,0,1,1,0.50,0,1,0,0,0,0,2024-2025
190,Kiko Femenía,ESP,['DF'],Villarreal,33,1991,24.7,43,1.74,35,3,2,0,0,3,5,0.20,5,0,0,0,0,0,2024-2025
191,Aitor Fernández,ESP,['GK'],Osasuna,33,1991,1.0,0,0.00,0,0,0,0,0,0,0,0.00,0,0,0,0,0,0,2024-2025
192,Álvaro Fernández,ESP,['GK'],Sevilla,26,1998,8.3,3,0.36,3,0,0,0,0,0,0,0.00,0,0,0,0,0,0,2024-2025
193,Pelayo Fernandez,ESP,['DF'],Rayo Vallecano,21,2003,1.1,0,0.00,0,0,0,0,0,0,0,0.00,0,0,0,0,0,0,2024-2025
194,Roberto Férnandez,ESP,['FW'],Espanyol,22,2002,16.6,28,1.68,18,0,3,2,4,1,3,0.18,0,0,0,0,2,1,2024-2025
195,Valery Fernández,ESP,"['MF', 'FW']",Mallorca,24,1999,3.4,5,1.45,4,0,0,0,0,1,3,0.87,2,0,0,0,0,1,2024-2025
196,André Ferreira,POR,['GK'],Valladolid,28,1996,6.0,1,0.17,0,1,0,0,0,0,0,0.00,0,0,0,0,0,0,2024-2025
197,Mateo Flores,ESP,['MF'],Betis,20,2004,1.7,2,1.18,2,0,0,0,0,0,0,0.00,0,0,0,0,0,0,2024-2025
198,Pablo Fornals,ESP,"['MF', 'FW']",Betis,28,1996,20.3,88,4.33,78,5,2,3,0,0,9,0.44,9,0,0,0,0,0,2024-2025
199,Héctor Fort,ESP,['DF'],Barcelona,17,2006,6.5,16,2.46,15,1,0,0,0,0,1,0.15,1,0,0,0,0,0,2024-2025
200,Dimitri Foulquier,FRA,['DF'],Valencia,31,1993,25.5,36,1.41,26,4,1,3,0,2,4,0.16,3,0,0,1,0,0,2024-2025
201,Juan Foyth,ARG,['DF'],Villarreal,26,1998,16.9,20,1.19,19,0,0,1,0,0,1,0.06,1,0,0,0,0,0,2024-2025
202,Fran,ESP,['GK'],Real Madrid,19,2005,1.0,0,0.00,0,0,0,0,0,0,0,0.00,0,0,0,0,0,0,2024-2025
203,Alejandro Francés,ESP,['DF'],Girona,21,2002,13.0,16,1.23,15,0,0,1,0,0,1,0.08,1,0,0,0,0,0,2024-2025
204,Enric Franquesa,ESP,"['DF', 'FW']",Leganés,27,1997,6.8,6,0.88,4,0,0,1,0,1,0,0.00,0,0,0,0,0,0,2024-2025
205,Jorge de Frutos,ESP,"['FW', 'MF']",Rayo Vallecano,27,1997,27.7,62,2.24,48,0,6,2,4,2,10,0.36,5,0,3,0,1,1,2024-2025
206,Darío Fuentes,ESP,['DF'],Sevilla,21,2003,0.1,0,0.00,0,0,0,0,0,0,0,0.00,0,0,0,0,0,0,2024-2025
207,Manuel Fuster,ESP,"['FW', 'MF']",Las Palmas,26,1997,11.1,56,5.02,44,8,1,1,1,1,6,0.54,5,0,0,0,0,1,2024-2025
208,Javi Galán,ESP,['DF'],Atlético Madrid,29,1994,19.8,33,1.66,30,1,1,0,1,0,6,0.30,6,0,0,0,0,0,2024-2025
209,Iñigo Ruiz de Galarreta,ESP,['MF'],Athletic Club,30,1993,16.4,50,3.04,43,4,2,1,0,0,6,0.37,4,2,0,0,0,0,2024-2025
210,Conor Gallagher,ENG,['MF'],Atlético Madrid,24,2000,18.1,32,1.76,24,0,4,0,3,1,8,0.44,5,0,1,0,1,1,2024-2025
211,Facundo Garcés,MAS,['DF'],Alavés,24,1999,7.5,3,0.40,1,0,0,2,0,0,0,0.00,0,0,0,0,0,0,2024-2025
212,Álvaro García,ESP,"['FW', 'MF']",Rayo Vallecano,31,1992,28.4,104,3.66,82,0,2,13,5,2,7,0.25,6,0,0,1,0,0,2024-2025
213,Eric García,ESP,"['DF', 'MF']",Barcelona,23,2001,17.4,32,1.84,29,0,0,3,0,0,7,0.40,6,0,0,1,0,0,2024-2025
214,Fran Garcia,ESP,['DF'],Real Madrid,24,1999,24.1,56,2.32,50,0,1,3,0,2,3,0.12,3,0,0,0,0,0,2024-2025
215,Gonzalo García,ESP,"['FW', 'DF']",Real Madrid,20,2004,0.6,2,3.21,2,0,0,0,0,0,1,1.61,1,0,0,0,0,0,2024-2025
216,Joan García,ESP,['GK'],Espanyol,23,2001,38.0,9,0.24,5,4,0,0,0,0,1,0.03,0,1,0,0,0,0,2024-2025
217,Pablo Garcia,ESP,['FW'],Betis,18,2006,0.4,2,4.62,1,0,1,0,0,0,0,0.00,0,0,0,0,0,0,2024-2025
218,Rubén García,ESP,"['FW', 'MF']",Osasuna,31,1993,26.8,104,3.88,62,32,2,4,4,0,12,0.45,8,1,0,1,2,0,2024-2025
219,Unai García,ESP,['DF'],Osasuna,32,1992,0.7,0,0.00,0,0,0,0,0,0,0,0.00,0,0,0,0,0,0,2024-2025
220,Yarek Gasiorowski,ESP,['DF'],Valencia,19,2005,10.5,7,0.67,5,1,0,0,1,0,0,0.00,0,0,0,0,0,0,2024-2025
221,Gavi,ESP,"['MF', 'FW']",Barcelona,19,2004,12.1,39,3.24,37,0,1,1,0,0,4,0.33,4,0,0,0,0,0,2024-2025
222,Paulo Gazzaniga,ARG,['GK'],Girona,32,1992,35.5,1,0.03,1,0,0,0,0,0,0,0.00,0,0,0,0,0,0,2024-2025
223,Bryan Gil,ESP,"['FW', 'MF']",Girona,23,2001,19.1,56,2.93,39,3,8,1,4,1,5,0.26,5,0,0,0,0,0,2024-2025
224,Dani Gómez,ESP,['FW'],Valencia,26,1998,5.9,6,1.02,4,0,0,1,0,1,0,0.00,0,0,0,0,0,0,2024-2025
225,Moi Gómez,ESP,"['MF', 'FW']",Osasuna,30,1994,8.8,19,2.15,16,3,0,0,0,0,0,0.00,0,0,0,0,0,0,2024-2025
226,Sergi Gómez,ESP,['DF'],Espanyol,32,1992,7.4,4,0.54,4,0,0,0,0,0,0,0.00,0,0,0,0,0,0,2024-2025
227,Sergio Gómez,ESP,"['MF', 'DF']",Real Sociedad,23,2000,30.4,102,3.35,51,44,1,3,2,1,10,0.33,7,3,0,0,0,0,2024-2025
228,Unai Gómez,ESP,"['MF', 'FW']",Athletic Club,21,2003,14.3,23,1.61,15,4,1,2,1,0,3,0.21,2,0,0,1,0,0,2024-2025
229,Fabio González,ESP,['MF'],Las Palmas,27,1997,0.6,2,3.40,2,0,0,0,0,0,1,1.70,1,0,0,0,0,0,2024-2025
230,Peter González,DOM,"['MF', 'FW']",Getafe,22,2002,5.3,13,2.44,7,1,0,3,1,1,1,0.19,1,0,0,0,0,0,2024-2025
231,Urko González,ESP,['MF'],Espanyol,23,2001,15.3,23,1.51,19,0,2,1,1,0,5,0.33,5,0,0,0,0,0,2024-2025
232,Urko González,ESP,['MF'],Real Sociedad,23,2001,0.5,1,2.00,1,0,0,0,0,0,0,0.00,0,0,0,0,0,0,2024-2025
233,Andoni Gorosabel,ESP,['DF'],Athletic Club,27,1996,16.5,32,1.94,29,2,1,0,0,0,2,0.12,2,0,0,0,0,0,2024-2025
234,José Gragera,ESP,['MF'],Espanyol,23,2000,6.3,7,1.11,4,0,0,0,1,2,0,0.00,0,0,0,0,0,0,2024-2025
235,Dominik Greif,SVK,['GK'],Mallorca,27,1997,31.0,5,0.16,3,2,0,0,0,0,0,0.00,0,0,0,0,0,0,2024-2025
236,Antoine Griezmann,FRA,"['FW', 'MF']",Atlético Madrid,33,1991,27.4,93,3.39,69,15,0,6,2,1,13,0.47,12,0,0,1,0,0,2024-2025
237,Florian Grillitsch,AUT,['MF'],Valladolid,28,1995,6.9,22,3.17,19,0,1,0,2,0,1,0.14,1,0,0,0,0,0,2024-2025
238,Vicente Guaita,ESP,['GK'],Celta Vigo,37,1987,34.0,3,0.09,1,2,0,0,0,0,1,0.03,1,0,0,0,0,0,2024-2025
239,Sergi Guardiola,ESP,['FW'],Rayo Vallecano,33,1991,4.0,9,2.24,9,0,0,0,0,0,0,0.00,0,0,0,0,0,0,2024-2025
240,Nemanja Gudelj,SRB,"['MF', 'DF']",Sevilla,32,1991,27.7,34,1.23,19,11,1,0,1,2,2,0.07,0,2,0,0,0,0,2024-2025
241,Javier Guerra,ESP,['MF'],Valencia,21,2003,28.7,74,2.58,56,5,5,4,3,1,6,0.21,4,0,0,2,0,0,2024-2025
242,Ander Guevara,ESP,['MF'],Alavés,27,1997,21.6,41,1.89,39,1,1,0,0,0,5,0.23,5,0,0,0,0,0,2024-2025
243,Pape Gueye,SEN,['MF'],Villarreal,25,1999,24.7,49,1.98,41,2,0,3,1,2,9,0.36,7,1,0,1,0,0,2024-2025
244,Hugo Guillamón,ESP,['MF'],Valencia,24,2000,4.0,7,1.73,6,0,1,0,0,0,1,0.25,1,0,0,0,0,0,2024-2025
245,Carlos Guirao,ESP,['MF'],Betis,21,2003,1.2,0,0.00,0,0,0,0,0,0,0,0.00,0,0,0,0,0,0,2024-2025
246,Arda Güler,TUR,"['MF', 'FW']",Real Madrid,19,2005,13.9,79,5.69,52,13,8,4,1,1,11,0.79,4,3,1,2,1,0,2024-2025
247,Gerard Gumbau,ESP,['MF'],Rayo Vallecano,29,1994,9.4,29,3.07,19,9,1,0,0,0,1,0.11,1,0,0,0,0,0,2024-2025
248,Jon Guridi,ESP,"['MF', 'FW']",Alavés,29,1995,23.1,48,2.08,35,3,3,4,1,2,8,0.35,5,0,2,1,0,0,2024-2025
249,Gorka Guruzeta,ESP,['FW'],Athletic Club,27,1996,20.4,29,1.42,23,1,0,4,0,1,1,0.05,1,0,0,0,0,0,2024-2025
250,Miguel Gutiérrez,ESP,"['DF', 'MF']",Girona,23,2001,27.3,74,2.71,55,13,1,3,1,1,8,0.29,6,1,0,1,0,0,2024-2025
251,Munir El Haddadi,MAR,"['FW', 'MF']",Leganés,28,1995,9.6,21,2.20,13,0,1,2,5,0,2,0.21,1,0,0,1,0,0,2024-2025
252,Sébastien Haller,CIV,['FW'],Leganés,30,1994,4.5,4,0.89,3,0,1,0,0,0,0,0.00,0,0,0,0,0,0,2024-2025
253,Henrique,BRA,['DF'],Valladolid,30,1994,3.9,6,1.53,5,0,0,0,1,0,0,0.00,0,0,0,0,0,0,2024-2025
254,Javi Hernández ,ESP,['DF'],Leganés,26,1998,26.5,41,1.54,31,6,0,1,2,1,3,0.11,1,0,0,1,1,0,2024-2025
255,Aridane Hernández,ESP,['DF'],Rayo Vallecano,35,1989,11.4,9,0.79,7,2,0,0,0,0,0,0.00,0,0,0,0,0,0,2024-2025
256,Jorge Herrando,ESP,['DF'],Osasuna,23,2001,15.2,13,0.86,10,0,0,3,0,0,0,0.00,0,0,0,0,0,0,2024-2025
257,Ander Herrera,ESP,['MF'],Athletic Club,34,1989,3.0,11,3.64,10,0,0,1,0,0,0,0.00,0,0,0,0,0,0,2024-2025
258,Sergio Herrera,ESP,['GK'],Osasuna,31,1993,37.0,6,0.16,4,2,0,0,0,0,0,0.00,0,0,0,0,0,0,2024-2025
259,Yangel Herrera,VEN,['MF'],Girona,26,1998,25.1,50,1.99,38,2,1,3,4,2,6,0.24,6,0,0,0,0,0,2024-2025
260,Juan Herzog,ESP,['DF'],Las Palmas,21,2003,14.6,3,0.21,2,1,0,0,0,0,0,0.00,0,0,0,0,0,0,2024-2025
261,Omar El Hilali,MAR,['DF'],Espanyol,20,2003,35.0,28,0.80,24,1,1,1,1,0,3,0.09,3,0,0,0,0,0,2024-2025
262,Roger Hinojo,ESP,['DF'],Espanyol,19,2005,0.1,0,0.00,0,0,0,0,0,0,0,0.00,0,0,0,0,0,0,2024-2025
263,Dinko Horkaš,CRO,['GK'],Las Palmas,25,1999,12.1,2,0.17,1,1,0,0,0,0,0,0.00,0,0,0,0,0,0,2024-2025
264,Pablo Ibáñez,ESP,['MF'],Osasuna,25,1998,14.4,20,1.39,14,0,1,1,3,1,4,0.28,3,0,0,0,1,0,2024-2025
265,Stanis Idumbo,BEL,"['FW', 'MF']",Sevilla,19,2005,3.2,7,2.21,7,0,0,0,0,0,1,0.32,1,0,0,0,0,0,2024-2025
266,Iglesias,ESP,['DF'],Getafe,26,1998,32.1,59,1.84,30,16,4,3,5,1,5,0.16,2,1,0,1,0,1,2024-2025
267,Borja Iglesias,ESP,['FW'],Celta Vigo,31,1993,21.7,36,1.66,25,1,0,5,5,0,7,0.32,3,0,0,1,3,0,2024-2025
268,Kelechi Iheanacho,NGA,['FW'],Sevilla,27,1996,4.4,12,2.70,8,0,1,3,0,0,0,0.00,0,0,0,0,0,0,2024-2025
269,Isco,ESP,['MF'],Betis,32,1992,17.2,111,6.46,75,24,3,4,3,2,14,0.81,10,4,0,0,0,0,2024-2025
270,Diego Iturralde,ESP,['FW'],Sevilla,21,2003,0.4,0,0.00,0,0,0,0,0,0,0,0.00,0,0,0,0,0,0,2024-2025
271,Ivan Jaime Pajuelo,ESP,['MF'],Valencia,23,2000,3.3,12,3.65,9,1,1,0,1,0,0,0.00,0,0,0,0,0,0,2024-2025
272,Karl Jakob Hein,EST,['GK'],Valladolid,22,2002,31.0,4,0.13,2,2,0,0,0,0,0,0.00,0,0,0,0,0,0,2024-2025
273,Adnan Januzaj,BEL,"['MF', 'FW']",Las Palmas,29,1995,6.6,37,5.57,20,9,0,3,5,0,5,0.75,2,0,0,2,1,0,2024-2025
274,Mikel Jauregizar,ESP,['MF'],Athletic Club,20,2003,24.9,73,2.93,55,6,1,4,3,4,9,0.36,7,0,0,0,2,0,2024-2025
275,John Joe,IRL,"['MF', 'FW']",Getafe,20,2003,0.5,0,0.00,0,0,0,0,0,0,0,0.00,0,0,0,0,0,0,2024-2025
276,Jofre,ESP,"['MF', 'FW']",Espanyol,23,2001,24.1,56,2.33,38,0,6,5,7,0,5,0.21,4,0,0,0,1,0,2024-2025
277,Frenkie de Jong,NED,['MF'],Barcelona,27,1997,12.7,43,3.39,39,0,2,1,0,1,11,0.87,9,0,2,0,0,0,2024-2025
278,Joan Jordán,ESP,['MF'],Alavés,30,1994,15.7,55,3.50,32,20,0,1,2,0,3,0.19,2,1,0,0,0,0,2024-2025
279,Juanmi,ESP,"['FW', 'MF']",Getafe,31,1993,7.7,9,1.16,7,0,1,0,0,1,1,0.13,1,0,0,0,0,0,2024-2025
280,Juanmi,ESP,"['FW', 'MF']",Betis,31,1993,2.7,5,1.84,3,0,1,0,1,0,0,0.00,0,0,0,0,0,0,2024-2025
281,Juanpe,ESP,['DF'],Girona,33,1991,8.1,3,0.37,2,0,0,1,0,0,0,0.00,0,0,0,0,0,0,2024-2025
282,Abdulai Juma Bah,SLE,['DF'],Valladolid,18,2006,9.6,2,0.21,2,0,0,0,0,0,0,0.00,0,0,0,0,0,0,2024-2025
283,Luiz Lúcio Reis Júnior,BRA,['GK'],Villarreal,23,2001,16.2,1,0.06,1,0,0,0,0,0,0,0.00,0,0,0,0,0,0,2024-2025
284,Vinicius Júnior,BRA,['FW'],Real Madrid,24,2000,25.0,135,5.39,80,1,29,11,11,3,18,0.72,11,0,5,0,2,0,2024-2025
285,Stanko Jurić,CRO,['MF'],Valladolid,27,1996,19.2,9,0.47,7,0,0,1,0,1,2,0.10,2,0,0,0,0,0,2024-2025
286,Willy Kambwala,FRA,['DF'],Villarreal,19,2004,12.4,5,0.40,3,0,0,2,0,0,0,0.00,0,0,0,0,0,0,2024-2025
287,Abdoulaye Keita,ESP,"['FW', 'MF']",Getafe,21,2002,1.1,1,0.95,1,0,0,0,0,0,0,0.00,0,0,0,0,0,0,2024-2025
288,Kenedy,BRA,"['MF', 'FW']",Valladolid,28,1996,0.1,0,0.00,0,0,0,0,0,0,0,0.00,0,0,0,0,0,0,2024-2025
289,Kiké,ESP,['FW'],Alavés,34,1989,28.2,38,1.35,30,0,0,2,6,0,4,0.14,3,0,0,0,1,0,2024-2025
290,Koke,ESP,['MF'],Atlético Madrid,32,1992,21.4,51,2.38,48,2,0,0,0,1,5,0.23,5,0,0,0,0,0,2024-2025
291,Jules Koundé,FRA,['DF'],Barcelona,25,1998,28.9,59,2.04,55,0,2,2,0,0,7,0.24,6,0,0,1,0,0,2024-2025
292,Alex Král,CZE,['MF'],Espanyol,26,1998,30.2,42,1.39,31,1,2,2,4,2,1,0.03,1,0,0,0,0,0,2024-2025
293,Vladyslav Krapyvtsov,UKR,['GK'],Girona,19,2005,2.0,0,0.00,0,0,0,0,0,0,0,0.00,0,0,0,0,0,0,2024-2025
294,Ladislav Krejčí,CZE,['DF'],Girona,25,1999,27.1,29,1.07,25,1,0,2,1,0,4,0.15,2,0,0,1,1,0,2024-2025
295,Takefusa Kubo,JPN,"['MF', 'FW']",Real Sociedad,23,2001,26.4,114,4.33,72,11,16,2,9,4,8,0.30,2,0,5,0,1,0,2024-2025
296,Marash Kumbulla,ALB,['DF'],Espanyol,24,2000,33.0,16,0.48,11,0,1,3,1,0,2,0.06,1,0,1,0,0,0,2024-2025
297,Luca de la Torre,USA,['MF'],Celta Vigo,26,1998,0.0,0,0.00,0,0,0,0,0,0,0,0.00,0,0,0,0,0,0,2024-2025
298,Yoel Lago,ESP,['DF'],Celta Vigo,20,2004,6.5,2,0.31,2,0,0,0,0,0,1,0.15,1,0,0,0,0,0,2024-2025
299,Cyle Larin,CAN,['FW'],Mallorca,29,1995,19.6,21,1.07,13,0,0,4,4,0,3,0.15,1,0,0,1,1,0,2024-2025
300,Juanmi Latasa,ESP,['FW'],Valladolid,23,2001,15.5,30,1.93,21,0,1,5,2,1,0,0.00,0,0,0,0,0,0,2024-2025
301,Toni Lato,ESP,['DF'],Mallorca,26,1997,6.9,14,2.03,11,1,0,0,1,1,1,0.15,1,0,0,0,0,0,2024-2025
302,Robin Le Normand,ESP,['DF'],Atlético Madrid,27,1996,23.9,7,0.29,4,0,0,3,0,0,1,0.04,0,0,0,1,0,0,2024-2025
303,Florian Lejeune,FRA,['DF'],Rayo Vallecano,33,1991,36.9,37,1.00,27,1,1,8,0,0,4,0.11,3,0,0,1,0,0,2024-2025
304,Iñigo Lekue,ESP,['DF'],Athletic Club,31,1993,8.6,16,1.86,11,3,0,1,0,1,1,0.12,0,0,0,1,0,0,2024-2025
305,Thomas Lemar,FRA,['MF'],Atlético Madrid,28,1995,0.9,4,4.24,3,1,0,0,0,0,0,0.00,0,0,0,0,0,0,2024-2025
306,Clément Lenglet,FRA,['DF'],Atlético Madrid,29,1995,21.9,17,0.78,16,0,1,0,0,0,2,0.09,2,0,0,0,0,0,2024-2025
307,Robert Lewandowski,POL,['FW'],Barcelona,35,1988,29.6,50,1.69,33,0,4,8,5,0,3,0.10,2,0,0,1,0,0,2024-2025
308,Samuel Lino,BRA,"['MF', 'DF']",Atlético Madrid,24,1999,17.2,49,2.84,39,0,3,4,3,0,6,0.35,4,0,0,1,1,0,2024-2025
309,Javier Llabrés,ESP,['FW'],Mallorca,21,2002,0.6,3,4.74,2,0,0,1,0,0,0,0.00,0,0,0,0,0,0,2024-2025
310,Diego Llorente,ESP,['DF'],Betis,30,1993,28.0,15,0.54,12,0,0,1,1,1,2,0.07,1,0,0,0,0,1,2024-2025
311,Marcos Llorente,ESP,"['DF', 'MF']",Atlético Madrid,29,1995,27.9,56,2.01,50,2,1,2,1,0,12,0.43,11,0,0,0,1,0,2024-2025
312,Giovani Lo Celso,ARG,"['MF', 'FW']",Betis,28,1996,16.2,93,5.74,67,19,3,0,4,0,9,0.56,6,1,2,0,0,0,2024-2025
313,Enzo Loiodice,FRA,['MF'],Las Palmas,23,2000,7.6,13,1.71,7,4,1,0,1,0,0,0.00,0,0,0,0,0,0,2024-2025
314,David López,ESP,['DF'],Mallorca,21,2003,1.9,0,0.00,0,0,0,0,0,0,0,0.00,0,0,0,0,0,0,2024-2025
315,David López,ESP,['DF'],Girona,34,1989,27.0,24,0.89,20,0,0,4,0,0,3,0.11,1,0,0,2,0,0,2024-2025
316,Diego López,ESP,"['MF', 'FW']",Valencia,22,2002,30.4,69,2.27,60,1,3,2,3,0,9,0.30,7,0,1,0,1,0,2024-2025
317,Fer López,ESP,"['FW', 'MF']",Celta Vigo,20,2004,7.5,30,4.02,23,0,3,2,1,1,3,0.40,2,0,0,1,0,0,2024-2025
318,Fermin López,ESP,"['MF', 'FW']",Barcelona,21,2003,13.9,57,4.10,39,5,6,4,1,2,7,0.50,7,0,0,0,0,0,2024-2025
319,Javi López,ESP,['DF'],Real Sociedad,22,2002,21.5,20,0.93,16,1,1,0,2,0,2,0.09,1,0,0,0,1,0,2024-2025
320,Pau López,ESP,['GK'],Girona,29,1994,0.5,1,2.00,1,0,0,0,0,0,0,0.00,0,0,0,0,0,0,2024-2025
321,Roberto López,ESP,['MF'],Leganés,24,2000,4.4,15,3.41,8,5,1,0,0,1,1,0.23,0,1,0,0,0,0,2024-2025
322,Unai López,ESP,['MF'],Rayo Vallecano,28,1995,19.0,53,2.79,43,5,2,1,1,1,2,0.11,1,1,0,0,0,0,2024-2025
323,Iker Losada,ESP,"['FW', 'MF']",Celta Vigo,22,2001,4.0,8,2.02,8,0,0,0,0,0,0,0.00,0,0,0,0,0,0,2024-2025
324,Iker Losada,ESP,"['MF', 'FW']",Betis,22,2001,3.7,8,2.14,7,0,0,1,0,0,0,0.00,0,0,0,0,0,0,2024-2025
325,Pol Lozano,ESP,['MF'],Espanyol,24,1999,21.6,40,1.84,32,6,0,0,0,2,2,0.09,2,0,0,0,0,0,2024-2025
326,José Luis Gayà,ESP,['DF'],Valencia,29,1995,20.0,39,1.95,35,1,2,1,0,0,5,0.25,4,0,1,0,0,0,2024-2025
327,Dodi Lukebakio,BEL,['FW'],Sevilla,26,1997,34.4,119,3.46,65,18,21,5,8,2,9,0.26,6,0,2,0,1,0,2024-2025
328,Daniel Luna,COL,['MF'],Mallorca,21,2003,0.2,1,4.50,1,0,0,0,0,0,0,0.00,0,0,0,0,0,0,2024-2025
329,Andriy Lunin,UKR,['GK'],Real Madrid,25,1999,7.0,1,0.14,1,0,0,0,0,0,1,0.14,1,0,0,0,0,0,2024-2025
330,Darwin Machís,VEN,"['MF', 'FW']",Valladolid,31,1993,7.1,15,2.11,8,5,0,1,1,0,1,0.14,1,0,0,0,0,0,2024-2025
331,Pablo Maffeo,ESP,['DF'],Mallorca,27,1997,26.3,60,2.28,39,9,5,1,5,1,4,0.15,3,1,0,0,0,0,2024-2025
332,Jon Magunazelaia,ESP,['MF'],Real Sociedad,23,2001,0.1,1,12.86,1,0,0,0,0,0,1,12.86,1,0,0,0,0,0,2024-2025
333,Giorgi Mamardashvili,GEO,['GK'],Valencia,23,2000,34.0,9,0.26,6,3,0,0,0,0,2,0.06,1,1,0,0,0,0,2024-2025
334,Reinildo Mandava,MOZ,['DF'],Atlético Madrid,30,1994,10.5,7,0.67,6,0,0,0,0,1,1,0.10,0,0,0,0,0,1,2024-2025
335,Javier Manquillo,ESP,['DF'],Celta Vigo,30,1994,5.7,1,0.18,1,0,0,0,0,0,0,0.00,0,0,0,0,0,0,2024-2025
336,Marcão,BRA,['DF'],Sevilla,28,1996,6.1,2,0.33,2,0,0,0,0,0,0,0.00,0,0,0,0,0,0,2024-2025
337,Óscar de Marcos,ESP,['DF'],Athletic Club,35,1989,17.4,47,2.70,43,3,0,0,1,0,8,0.46,8,0,0,0,0,0,2024-2025
338,Alberto Marí,ESP,['FW'],Valencia,23,2001,0.1,1,12.86,1,0,0,0,0,0,0,0.00,0,0,0,0,0,0,2024-2025
339,José María Giménez,URU,['DF'],Atlético Madrid,29,1995,22.2,7,0.32,7,0,0,0,0,0,1,0.05,1,0,0,0,0,0,2024-2025
340,Arkaitz Mariezkurrena,ESP,"['FW', 'MF']",Real Sociedad,19,2005,2.7,7,2.61,4,0,2,1,0,0,1,0.37,1,0,0,0,0,0,2024-2025
341,Pablo Marín,ESP,['MF'],Real Sociedad,21,2003,13.8,26,1.89,22,0,2,0,2,0,2,0.15,2,0,0,0,0,0,2024-2025
342,Mika Mármol,ESP,['DF'],Las Palmas,23,2001,26.7,39,1.46,34,4,0,1,0,0,4,0.15,4,0,0,0,0,0,2024-2025
343,Mario Maroto,ESP,['MF'],Valladolid,20,2003,0.7,2,2.81,2,0,0,0,0,0,1,1.41,1,0,0,0,0,0,2024-2025
344,Unai Marrero,ESP,['GK'],Real Sociedad,22,2001,2.0,0,0.00,0,0,0,0,0,0,0,0.00,0,0,0,0,0,0,2024-2025
345,Carlos Martín,ESP,"['FW', 'MF']",Alavés,22,2002,14.8,29,1.96,20,0,3,4,2,0,3,0.20,1,0,0,2,0,0,2024-2025
346,Diego Martín,ESP,['FW'],Las Palmas,20,2003,0.4,2,4.50,0,0,0,0,1,1,0,0.00,0,0,0,0,0,0,2024-2025
347,Gerard Martín,ESP,['DF'],Barcelona,22,2002,11.5,27,2.34,26,0,0,0,1,0,3,0.26,3,0,0,0,0,0,2024-2025
348,Iván Martín,ESP,['MF'],Girona,25,1999,22.7,56,2.47,53,0,0,2,1,0,4,0.18,3,0,0,1,0,0,2024-2025
349,Jon Martin,ESP,['DF'],Real Sociedad,18,2006,10.0,8,0.80,6,0,0,2,0,0,1,0.10,1,0,0,0,0,0,2024-2025
350,Mario Martín,ESP,['MF'],Valladolid,20,2004,19.4,33,1.70,20,1,3,3,6,0,1,0.05,1,0,0,0,0,0,2024-2025
351,Arnau Martinez,ESP,"['DF', 'MF']",Girona,21,2003,29.2,56,1.92,45,3,3,2,2,1,6,0.21,6,0,0,0,0,0,2024-2025
352,Iñigo Martínez,ESP,['DF'],Barcelona,33,1991,27.7,45,1.63,38,1,1,3,2,0,9,0.33,6,1,1,0,1,0,2024-2025
353,Javi Martínez,ESP,['MF'],Osasuna,24,1999,0.1,0,0.00,0,0,0,0,0,0,0,0.00,0,0,0,0,0,0,2024-2025
354,Ramón Martínez,ESP,['DF'],Sevilla,21,2002,2.9,6,2.07,6,0,0,0,0,0,0,0.00,0,0,0,0,0,0,2024-2025
355,Toni Martínez,ESP,['FW'],Alavés,27,1997,11.2,27,2.40,16,0,5,2,2,2,1,0.09,0,0,0,1,0,0,2024-2025
356,Javi Martón,ESP,"['FW', 'MF']",Athletic Club,25,1999,0.6,1,1.73,1,0,0,0,0,0,0,0.00,0,0,0,0,0,0,2024-2025
357,Marvin,ESP,"['DF', 'FW']",Las Palmas,24,2000,11.5,14,1.21,12,1,0,1,0,0,2,0.17,2,0,0,0,0,0,2024-2025
358,Omar Mascarell,EQG,['MF'],Mallorca,31,1993,22.1,15,0.68,12,0,1,1,1,0,0,0.00,0,0,0,0,0,0,2024-2025
359,Jaime Mata,ESP,"['FW', 'MF']",Las Palmas,35,1988,7.3,16,2.19,11,0,1,3,1,0,1,0.14,1,0,0,0,0,0,2024-2025
360,Borja Mayoral,ESP,['FW'],Getafe,27,1997,12.4,19,1.54,16,0,1,1,0,1,2,0.16,1,0,0,1,0,0,2024-2025
361,Kylian Mbappé,FRA,['FW'],Real Madrid,25,1998,32.3,133,4.12,83,2,23,17,8,0,15,0.46,8,1,2,3,1,0,2024-2025
362,Oliver McBurnie,SCO,['FW'],Las Palmas,28,1996,20.4,42,2.06,32,0,3,4,3,0,6,0.29,6,0,0,0,0,0,2024-2025
363,Scott McKenna,SCO,['DF'],Las Palmas,27,1996,27.4,12,0.44,8,1,1,2,0,0,0,0.00,0,0,0,0,0,0,2024-2025
364,Mateo Mejía,ESP,['FW'],Sevilla,21,2003,0.1,1,8.18,0,0,0,0,1,0,0,0.00,0,0,0,0,0,0,2024-2025
365,Arthur Melo,BRA,['MF'],Girona,27,1996,10.5,15,1.43,13,0,0,1,0,1,1,0.10,0,0,0,1,0,0,2024-2025
366,Brais Méndez,ESP,['MF'],Real Sociedad,27,1997,17.0,43,2.53,32,7,1,1,2,0,2,0.12,1,1,0,0,0,0,2024-2025
367,Ferland Mendy,FRA,['DF'],Real Madrid,29,1995,11.2,5,0.45,4,0,0,0,0,1,1,0.09,1,0,0,0,0,0,2024-2025
368,Nobel Mendy,FRA,['DF'],Betis,19,2004,1.2,1,0.83,1,0,0,0,0,0,0,0.00,0,0,0,0,0,0,2024-2025
369,Víctor Meseguer,ESP,['MF'],Valladolid,25,1999,4.6,8,1.72,5,0,0,2,1,0,1,0.22,1,0,0,0,0,0,2024-2025
370,Miguel,ESP,['FW'],Leganés,24,1999,19.2,28,1.46,13,0,2,5,6,2,6,0.31,5,0,1,0,0,0,2024-2025
371,Éder Militão,BRA,['DF'],Real Madrid,26,1998,10.4,12,1.15,9,0,0,2,0,1,1,0.10,1,0,0,0,0,0,2024-2025
372,Luis Milla,ESP,['MF'],Getafe,29,1994,31.9,130,4.07,72,43,4,4,5,2,6,0.19,3,3,0,0,0,0,2024-2025
373,Pere Milla,ESP,"['MF', 'FW']",Espanyol,31,1992,5.1,13,2.57,11,1,0,1,0,0,1,0.20,1,0,0,0,0,0,2024-2025
374,Óscar Mingueza,ESP,"['MF', 'DF']",Celta Vigo,25,1999,30.3,97,3.20,77,9,2,4,3,2,14,0.46,10,1,2,0,1,0,2024-2025
375,Kim Minsu,KOR,"['MF', 'FW']",Girona,18,2006,0.2,0,0.00,0,0,0,0,0,0,0,0.00,0,0,0,0,0,0,2024-2025
376,Bojan Miovski,MKD,['FW'],Girona,25,1999,9.7,10,1.03,4,0,1,2,2,1,4,0.41,2,0,0,1,1,0,2024-2025
377,Rafa Mir,ESP,"['FW', 'MF']",Valencia,27,1997,8.4,11,1.31,8,0,0,3,0,0,4,0.48,2,0,0,2,0,0,2024-2025
378,Luka Modrić,CRO,['MF'],Real Madrid,38,1985,20.3,122,6.01,84,33,0,4,0,1,15,0.74,12,3,0,0,0,0,2024-2025
379,Johan Mojica,COL,['DF'],Mallorca,31,1992,30.6,83,2.71,67,7,4,3,2,0,6,0.20,5,1,0,0,0,0,2024-2025
380,Alberto Moleiro,ESP,"['FW', 'MF']",Las Palmas,20,2003,30.2,106,3.52,76,0,17,7,5,1,6,0.20,3,0,1,1,1,0,2024-2025
381,Nahuel Molina,ARG,['DF'],Atlético Madrid,26,1998,17.7,44,2.49,32,6,3,1,0,2,5,0.28,5,0,0,0,0,0,2024-2025
382,Jon Moncayola,ESP,['MF'],Osasuna,26,1998,23.3,67,2.87,46,18,0,2,0,1,4,0.17,3,1,0,0,0,0,2024-2025
383,Gonzalo Montiel,ARG,"['DF', 'MF']",Sevilla,27,1997,1.3,2,1.59,2,0,0,0,0,0,0,0.00,0,0,0,0,0,0,2024-2025
384,Gerard Moreno,ESP,['FW'],Villarreal,32,1992,8.0,39,4.87,31,0,2,3,2,1,4,0.50,2,0,0,1,1,0,2024-2025
385,Xavier Moreno,ESP,['FW'],Valladolid,19,2004,0.5,0,0.00,0,0,0,0,0,0,0,0.00,0,0,0,0,0,0,2024-2025
386,Mateu Morey,ESP,['DF'],Mallorca,24,2000,8.2,12,1.46,9,0,1,0,1,1,1,0.12,1,0,0,0,0,0,2024-2025
387,Ilaix Moriba,GUI,['MF'],Celta Vigo,21,2003,23.7,55,2.32,40,0,2,5,4,4,5,0.21,3,0,0,1,1,0,2024-2025
388,Manu Morlanes,ESP,['MF'],Mallorca,25,1999,14.9,35,2.35,32,1,0,2,0,0,0,0.00,0,0,0,0,0,0,2024-2025
389,Raúl Moro,ESP,"['MF', 'FW']",Valladolid,21,2002,26.0,94,3.61,57,13,19,1,3,1,9,0.35,6,0,2,0,1,0,2024-2025
390,Cristhian Mosquera,ESP,['DF'],Valencia,20,2004,36.9,14,0.38,12,0,0,0,0,2,1,0.03,1,0,0,0,0,0,2024-2025
391,Santiago Mouriño,URU,['DF'],Alavés,22,2002,20.5,11,0.54,8,1,0,0,2,0,2,0.10,1,0,0,0,1,0,2024-2025
392,Abdul Mumin,GHA,['DF'],Rayo Vallecano,26,1998,22.4,11,0.49,10,0,0,0,1,0,3,0.13,3,0,0,0,0,0,2024-2025
393,Aihen Muñoz,ESP,['DF'],Real Sociedad,26,1997,12.2,10,0.82,8,0,0,2,0,0,0,0.00,0,0,0,0,0,0,2024-2025
394,Álex Muñoz,ESP,['DF'],Las Palmas,30,1994,15.7,15,0.95,12,1,0,0,2,0,0,0.00,0,0,0,0,0,0,2024-2025
395,Iker Muñoz,ESP,['MF'],Osasuna,21,2002,6.8,15,2.21,10,0,1,2,2,0,2,0.29,1,0,0,1,0,0,2024-2025
396,Javier Muñoz,ESP,"['MF', 'DF']",Las Palmas,29,1995,28.8,58,2.02,44,4,5,0,3,2,8,0.28,7,1,0,0,0,0,2024-2025
397,Víctor Muñoz,ESP,"['FW', 'DF']",Real Madrid,21,2003,0.4,1,2.50,1,0,0,0,0,0,1,2.50,1,0,0,0,0,0,2024-2025
398,Vedat Muriqi,KVX,['FW'],Mallorca,30,1994,22.9,45,1.97,30,0,2,8,4,1,6,0.26,5,0,0,0,1,0,2024-2025
399,Juan Musso,ARG,['GK'],Atlético Madrid,30,1994,2.0,0,0.00,0,0,0,0,0,0,0,0.00,0,0,0,0,0,0,2024-2025
400,Matija Nastasić,SRB,['DF'],Leganés,31,1993,23.4,6,0.26,5,0,0,0,1,0,1,0.04,0,0,0,0,1,0,2024-2025
401,Natan,BRA,['DF'],Betis,23,2001,24.2,11,0.46,9,0,0,0,1,1,0,0.00,0,0,0,0,0,0,2024-2025
402,Pau Navarro,ESP,['DF'],Villarreal,19,2005,10.2,6,0.59,6,0,0,0,0,0,1,0.10,1,0,0,0,0,0,2024-2025
403,Roberto Navarro,ESP,"['MF', 'FW']",Mallorca,22,2002,14.2,44,3.10,36,1,4,1,2,0,2,0.14,2,0,0,0,0,0,2024-2025
404,Jesús Navas,ESP,"['FW', 'MF']",Sevilla,38,1985,4.7,15,3.18,13,2,0,0,0,0,0,0.00,0,0,0,0,0,0,2024-2025
405,Yvan Neyou,CMR,['MF'],Leganés,27,1997,25.7,30,1.17,25,0,2,0,3,0,2,0.08,2,0,0,0,0,0,2024-2025
406,Tanguy Nianzou,FRA,['DF'],Sevilla,22,2002,5.8,1,0.17,1,0,0,0,0,0,0,0.00,0,0,0,0,0,0,2024-2025
407,Saúl Ñíguez,ESP,['MF'],Sevilla,29,1994,17.3,50,2.90,38,0,0,8,1,3,8,0.46,7,0,0,1,0,0,2024-2025
408,Tamás Nikitscher,HUN,"['MF', 'DF']",Valladolid,24,1999,9.5,4,0.42,4,0,0,0,0,0,0,0.00,0,0,0,0,0,0,2024-2025
409,Adrian Niño,ESP,['FW'],Atlético Madrid,20,2004,0.1,0,0.00,0,0,0,0,0,0,0,0.00,0,0,0,0,0,0,2024-2025
410,Hugo Novoa,ESP,"['DF', 'MF']",Alavés,21,2003,2.6,6,2.28,6,0,0,0,0,0,0,0.00,0,0,0,0,0,0,2024-2025
411,Randy Nteka,ANG,['FW'],Rayo Vallecano,26,1997,12.5,21,1.67,12,1,1,4,3,0,0,0.00,0,0,0,0,0,0,2024-2025
412,Unai Núñez,ESP,['DF'],Athletic Club,27,1997,7.2,2,0.28,2,0,0,0,0,0,0,0.00,0,0,0,0,0,0,2024-2025
413,Ørjan Nyland,NOR,['GK'],Sevilla,33,1990,29.7,11,0.37,10,1,0,0,0,0,2,0.07,1,1,0,0,0,0,2024-2025
414,Allan Nyom,CMR,"['DF', 'MF']",Getafe,36,1988,9.9,11,1.12,7,0,0,1,2,1,3,0.30,2,0,0,1,0,0,2024-2025
415,Jan Oblak,SVN,['GK'],Atlético Madrid,31,1993,36.0,6,0.17,4,2,0,0,0,0,1,0.03,1,0,0,0,0,0,2024-2025
416,Lucas Ocampos,ARG,['FW'],Sevilla,30,1994,1.9,7,3.60,7,0,0,0,0,0,2,1.03,2,0,0,0,0,0,2024-2025
417,Álvaro Odriozola,ESP,['DF'],Real Sociedad,28,1995,0.5,1,2.09,1,0,0,0,0,0,0,0.00,0,0,0,0,0,0,2024-2025
418,Thiago Ojeda,ARG,['MF'],Villarreal,21,2003,0.1,0,0.00,0,0,0,0,0,0,0,0.00,0,0,0,0,0,0,2024-2025
419,Aingeru Olabarrieta,ESP,['FW'],Athletic Club,18,2005,0.6,0,0.00,0,0,0,0,0,0,0,0.00,0,0,0,0,0,0,2024-2025
420,Olasagasti,ESP,['MF'],Real Sociedad,23,2000,9.5,16,1.68,14,0,0,1,1,0,2,0.21,2,0,0,0,0,0,2024-2025
421,Brian Oliván,ESP,['DF'],Espanyol,30,1994,11.3,24,2.09,16,8,0,0,0,0,1,0.09,0,1,0,0,0,0,2024-2025
422,Lucas Oliveira Rosa,BRA,['DF'],Valladolid,24,2000,21.0,31,1.48,24,1,2,2,1,1,1,0.05,1,0,0,0,0,0,2024-2025
423,Dani Olmo,ESP,"['MF', 'FW']",Barcelona,26,1998,13.5,66,4.90,46,2,7,5,5,1,12,0.89,3,1,3,1,4,0,2024-2025
424,Aimar Oroz,ESP,['MF'],Osasuna,22,2001,33.0,92,2.79,75,1,4,7,4,1,8,0.24,6,0,0,2,0,0,2024-2025
425,Ángel Ortíz,ESP,['DF'],Betis,20,2004,3.9,6,1.53,5,0,0,0,1,0,2,0.51,2,0,0,0,0,0,2024-2025
426,Gabriel Osei Misehouy,NED,"['FW', 'MF']",Girona,19,2005,2.9,6,2.10,5,0,0,0,1,0,0,0.00,0,0,0,0,0,0,2024-2025
427,David Otorbi,ESP,['MF'],Valencia,16,2007,0.2,0,0.00,0,0,0,0,0,0,0,0.00,0,0,0,0,0,0,2024-2025
428,Jesús Owono,EQG,['GK'],Alavés,23,2001,5.4,1,0.18,0,1,0,0,0,0,0,0.00,0,0,0,0,0,0,2024-2025
429,Mikel Oyarzabal,ESP,['FW'],Real Sociedad,27,1997,25.0,38,1.52,27,0,1,4,6,0,5,0.20,3,0,0,0,2,0,2024-2025
430,Cenk Özkacar,TUR,['DF'],Valladolid,23,2000,8.4,1,0.12,1,0,0,0,0,0,0,0.00,0,0,0,0,0,0,2024-2025
431,Jon Pacheco,ESP,['DF'],Real Sociedad,23,2001,9.5,4,0.42,3,1,0,0,0,0,0,0.00,0,0,0,0,0,0,2024-2025
432,Alex Padilla,ESP,['GK'],Athletic Club,20,2003,3.6,0,0.00,0,0,0,0,0,0,0,0.00,0,0,0,0,0,0,2024-2025
433,Isaac Palazón Camacho,ESP,"['MF', 'FW']",Rayo Vallecano,29,1994,24.0,110,4.57,63,25,6,7,9,0,5,0.21,2,3,0,0,0,0,2024-2025
434,Aitor Paredes,ESP,['DF'],Athletic Club,24,2000,20.1,8,0.40,8,0,0,0,0,0,1,0.05,1,0,0,0,0,0,2024-2025
435,Daniel Parejo,ESP,['MF'],Villarreal,35,1989,25.3,77,3.05,61,13,0,2,1,0,12,0.48,10,1,0,1,0,0,2024-2025
436,Iago Parente,ESP,['DF'],Valladolid,18,2006,0.8,2,2.54,2,0,0,0,0,0,0,0.00,0,0,0,0,0,0,2024-2025
437,Álvaro Pascual,ESP,['FW'],Sevilla,22,2002,4.5,6,1.32,4,0,0,2,0,0,1,0.22,1,0,0,0,0,0,2024-2025
438,Alfonso Pedraza,ESP,"['DF', 'MF']",Villarreal,28,1996,5.1,17,3.33,12,1,2,2,0,0,3,0.59,2,0,0,1,0,0,2024-2025
439,Pedri,ESP,['MF'],Barcelona,21,2002,32.0,165,5.16,148,8,2,2,4,1,17,0.53,15,1,1,0,0,0,2024-2025
440,Adrià Pedrosa,ESP,['DF'],Sevilla,26,1998,25.5,47,1.84,31,8,4,3,1,0,4,0.16,4,0,0,0,0,0,2024-2025
441,Pejiño,ESP,['FW'],Las Palmas,28,1996,0.2,1,5.63,1,0,0,0,0,0,0,0.00,0,0,0,0,0,0,2024-2025
442,Andy Pelmard,MAD,['DF'],Las Palmas,24,2000,2.3,3,1.32,1,0,0,1,1,0,0,0.00,0,0,0,0,0,0,2024-2025
443,Iñaki Peña ,ESP,['GK'],Barcelona,25,1999,15.5,2,0.13,2,0,0,0,0,0,2,0.13,2,0,0,0,0,0,2024-2025
444,Rubén Peña,ESP,"['FW', 'DF']",Osasuna,33,1991,8.6,23,2.67,19,1,1,0,2,0,1,0.12,0,0,0,0,1,0,2024-2025
445,Nicolas Pépé,CIV,"['FW', 'MF']",Villarreal,29,1995,16.7,65,3.90,46,8,5,2,4,0,7,0.42,7,0,0,0,0,0,2024-2025
446,Peque,ESP,"['MF', 'FW']",Sevilla,21,2002,12.6,32,2.54,24,0,0,5,3,0,3,0.24,3,0,0,0,0,0,2024-2025
447,Ayoze Pérez,ESP,['FW'],Villarreal,31,1993,21.9,72,3.26,50,0,9,7,4,2,5,0.23,2,0,2,1,0,0,2024-2025
448,Carles Pérez,ESP,"['MF', 'FW']",Getafe,26,1998,15.9,40,2.52,26,1,6,2,3,2,1,0.06,0,0,0,0,0,1,2024-2025
449,Francisco Perez,ESP,"['FW', 'MF']",Valencia,21,2002,6.3,16,2.53,16,0,0,0,0,0,1,0.16,1,0,0,0,0,0,2024-2025
450,Kike Pérez,ESP,['MF'],Valladolid,27,1997,13.2,36,2.72,20,11,1,1,2,1,1,0.08,1,0,0,0,0,0,2024-2025
451,Luis Pérez,ESP,['DF'],Valladolid,29,1995,28.4,53,1.86,46,6,0,0,0,1,2,0.07,2,0,0,0,0,0,2024-2025
452,Romain Perraud,FRA,['DF'],Betis,26,1997,22.2,36,1.62,32,1,1,2,0,0,5,0.23,4,0,0,1,0,0,2024-2025
453,Valentín Pezzolesi,ESP,['DF'],Las Palmas,17,2007,0.1,0,0.00,0,0,0,0,0,0,0,0.00,0,0,0,0,0,0,2024-2025
454,Pica,ESP,['DF'],Alavés,22,2002,5.5,3,0.54,3,0,0,0,0,0,0,0.00,0,0,0,0,0,0,2024-2025
455,Yeremi Pino,ESP,"['MF', 'FW']",Villarreal,21,2002,21.5,67,3.12,53,0,5,5,3,1,11,0.51,8,0,0,2,1,0,2024-2025
456,Portu,ESP,"['FW', 'MF']",Girona,32,1992,8.7,25,2.88,20,1,3,1,0,0,4,0.46,3,0,1,0,0,0,2024-2025
457,Beñat Prados,ESP,['MF'],Athletic Club,23,2001,19.1,21,1.10,20,0,0,1,0,0,3,0.16,3,0,0,0,0,0,2024-2025
458,Abdón Prats,ESP,"['FW', 'MF']",Mallorca,31,1992,5.1,7,1.39,5,0,0,1,1,0,1,0.20,0,0,0,0,1,0,2024-2025
459,Javi Puado,ESP,"['FW', 'MF']",Espanyol,26,1998,33.0,55,1.66,44,0,2,5,4,0,7,0.21,6,0,0,0,1,0,2024-2025
460,Dani Raba,ESP,"['FW', 'MF']",Leganés,28,1995,20.9,107,5.12,47,22,19,3,11,5,14,0.67,8,1,3,0,1,1,2024-2025
461,Arnau Rafús,ESP,['GK'],Valladolid,21,2003,1.0,0,0.00,0,0,0,0,0,0,0,0.00,0,0,0,0,0,0,2024-2025
462,Antonio Raillo,ESP,['DF'],Mallorca,32,1991,35.6,27,0.76,23,2,0,2,0,0,1,0.03,1,0,0,0,0,0,2024-2025
463,Benito Ramírez,ESP,"['DF', 'FW']",Las Palmas,29,1995,5.3,28,5.29,21,3,0,2,2,0,0,0.00,0,0,0,0,0,0,2024-2025
464,Sandro Ramírez,ESP,"['FW', 'MF']",Las Palmas,29,1995,22.6,59,2.61,31,18,0,2,8,0,6,0.27,3,1,0,0,2,0,2024-2025
465,Jacobo Ramón,ESP,['DF'],Real Madrid,19,2005,2.3,4,1.76,3,0,0,1,0,0,0,0.00,0,0,0,0,0,0,2024-2025
466,Raphinha,BRA,"['FW', 'MF']",Barcelona,27,1996,31.5,163,5.17,101,31,8,12,10,1,22,0.70,11,2,4,2,2,1,2024-2025
467,Andrei Ratiu,ROU,['DF'],Rayo Vallecano,26,1998,34.1,91,2.67,68,5,8,6,2,2,5,0.15,3,0,0,2,0,0,2024-2025
468,Raúl,ESP,"['FW', 'MF']",Osasuna,23,2000,8.3,16,1.92,5,0,4,3,4,0,2,0.24,0,0,2,0,0,0,2024-2025
469,Abde Rebbach,ALG,"['FW', 'MF']",Alavés,25,1998,4.3,10,2.34,7,0,1,2,0,0,0,0.00,0,0,0,0,0,0,2024-2025
470,Álex Remiro,ESP,['GK'],Real Sociedad,29,1995,36.0,6,0.17,4,2,0,0,0,0,0,0.00,0,0,0,0,0,0,2024-2025
471,Daniel Requena,ESP,['MF'],Villarreal,20,2004,0.1,0,0.00,0,0,0,0,0,0,0,0.00,0,0,0,0,0,0,2024-2025
472,Diego Rico,ESP,['DF'],Getafe,31,1993,31.3,75,2.39,48,22,1,2,2,0,8,0.26,2,3,1,1,1,0,2024-2025
473,Luis Rioja,ESP,['FW'],Alavés,30,1993,0.3,1,3.91,1,0,0,0,0,0,0,0.00,0,0,0,0,0,0,2024-2025
474,Luis Rioja,ESP,"['MF', 'FW']",Valencia,30,1993,31.5,82,2.61,65,8,5,1,2,1,10,0.32,8,1,0,1,0,0,2024-2025
475,Rodrigo Riquelme,ESP,"['MF', 'DF']",Atlético Madrid,24,2000,5.7,29,5.05,27,1,1,0,0,0,1,0.17,1,0,0,0,0,0,2024-2025
476,Alberto Risco,ESP,"['MF', 'FW']",Getafe,18,2005,0.8,6,7.71,5,0,0,1,0,0,0,0.00,0,0,0,0,0,0,2024-2025
477,Mihailo Ristić,SRB,"['DF', 'MF']",Celta Vigo,28,1995,4.8,10,2.10,6,3,0,1,0,0,1,0.21,1,0,0,0,0,0,2024-2025
478,Gorka Rivera Alonso,ESP,"['DF', 'MF']",Getafe,19,2004,0.2,0,0.00,0,0,0,0,0,0,0,0.00,0,0,0,0,0,0,2024-2025
479,Marc Roca,ESP,['MF'],Betis,27,1996,10.1,24,2.38,19,1,2,1,0,1,1,0.10,1,0,0,0,0,0,2024-2025
480,Rodri,ESP,['FW'],Betis,24,2000,1.3,11,8.39,7,2,0,1,0,1,0,0.00,0,0,0,0,0,0,2024-2025
481,Adrian Rodriguez,ESP,['GK'],Alavés,23,2000,1.4,0,0.00,0,0,0,0,0,0,0,0.00,0,0,0,0,0,0,2024-2025
482,Álvaro Rodríguez,URU,['FW'],Getafe,20,2004,9.5,16,1.69,9,0,4,2,1,0,0,0.00,0,0,0,0,0,0,2024-2025
483,Óscar Rodríguez Arnaiz,ESP,"['MF', 'FW']",Leganés,26,1998,14.8,48,3.25,30,7,5,3,2,1,9,0.61,5,1,1,1,0,1,2024-2025
484,Arturo Rodríguez,ESP,['FW'],Las Palmas,17,2006,0.2,0,0.00,0,0,0,0,0,0,0,0.00,0,0,0,0,0,0,2024-2025
485,Damián Rodríguez,ESP,['MF'],Celta Vigo,21,2003,10.3,26,2.52,17,9,0,0,0,0,2,0.19,2,0,0,0,0,0,2024-2025
486,Dani Rodríguez,ESP,"['MF', 'FW']",Mallorca,36,1988,24.0,62,2.58,33,23,0,3,3,0,12,0.50,9,2,0,0,1,0,2024-2025
487,Daniel Rodriguez,ESP,['FW'],Barcelona,18,2005,0.4,2,4.86,2,0,0,0,0,0,0,0.00,0,0,0,0,0,0,2024-2025
488,James Rodríguez,COL,"['MF', 'FW']",Rayo Vallecano,33,1991,1.6,6,3.86,4,1,0,1,0,0,0,0.00,0,0,0,0,0,0,2024-2025
489,Javi Rodríguez,ESP,['DF'],Celta Vigo,21,2003,27.9,35,1.25,29,0,2,1,3,0,3,0.11,3,0,0,0,0,0,2024-2025
490,Jesus Rodríguez,ESP,['FW'],Betis,18,2005,12.3,34,2.75,17,0,8,2,7,0,5,0.41,3,0,0,1,1,0,2024-2025
491,Kirian Rodríguez,ESP,['MF'],Las Palmas,28,1996,19.5,49,2.51,43,2,1,0,2,1,7,0.36,7,0,0,0,0,0,2024-2025
492,Ricardo Rodríguez,SUI,['DF'],Betis,31,1992,14.2,27,1.91,23,1,0,2,0,1,2,0.14,2,0,0,0,0,0,2024-2025
493,Rodrygo,BRA,"['FW', 'MF']",Real Madrid,23,2001,21.4,106,4.95,66,18,13,3,5,1,9,0.42,7,0,1,0,1,0,2024-2025
494,Leo Román,ESP,['GK'],Mallorca,24,2000,7.0,0,0.00,0,0,0,0,0,0,0,0.00,0,0,0,0,0,0,2024-2025
495,Carlos Romero,ESP,['DF'],Espanyol,22,2001,28.4,62,2.18,42,12,6,1,1,0,4,0.14,2,1,0,0,1,0,2024-2025
496,Isaac Romero,ESP,['FW'],Sevilla,24,2000,24.0,44,1.84,30,1,5,3,5,0,7,0.29,4,0,1,2,0,0,2024-2025
497,Luka Romero,ARG,"['FW', 'MF']",Alavés,19,2004,2.2,8,3.62,4,1,1,0,1,1,1,0.45,1,0,0,0,0,0,2024-2025
498,Oriol Romeu,ESP,['MF'],Girona,32,1991,15.1,20,1.33,20,0,0,0,0,0,1,0.07,1,0,0,0,0,0,2024-2025
499,Vitor Roque,BRA,['FW'],Betis,19,2005,13.7,34,2.48,19,0,5,5,5,0,4,0.29,0,0,0,1,3,0,2024-2025
500,Valentin Rosier,FRA,['DF'],Leganés,27,1996,28.8,35,1.21,24,4,3,4,0,0,6,0.21,5,0,1,0,0,0,2024-2025
501,Antonio Rüdiger,GER,['DF'],Real Madrid,31,1993,25.5,28,1.10,19,0,0,6,3,0,2,0.08,1,0,0,0,1,0,2024-2025
502,Aitor Ruibal,ESP,"['DF', 'FW']",Betis,28,1996,14.6,36,2.46,31,2,1,1,1,0,4,0.27,4,0,0,0,0,0,2024-2025
503,Abel Ruiz,ESP,['FW'],Girona,24,2000,15.0,17,1.14,12,0,1,3,1,0,1,0.07,0,0,0,1,0,0,2024-2025
504,Ferrán Ruiz,ESP,['MF'],Girona,21,2003,0.2,0,0.00,0,0,0,0,0,0,0,0.00,0,0,0,0,0,0,2024-2025
505,Youssouf Sabaly,SEN,['DF'],Betis,31,1993,17.6,19,1.08,17,1,1,0,0,0,3,0.17,3,0,0,0,0,0,2024-2025
506,Umar Sadiq,NGA,['FW'],Valencia,27,1997,9.2,15,1.64,8,0,2,2,1,2,3,0.33,0,0,1,1,0,1,2024-2025
507,Umar Sadiq,NGA,['FW'],Real Sociedad,27,1997,2.5,3,1.19,2,0,0,1,0,0,0,0.00,0,0,0,0,0,0,2024-2025
508,Jorge Sáenz,ESP,['DF'],Leganés,27,1996,18.8,10,0.53,8,0,0,0,1,1,0,0.00,0,0,0,0,0,0,2024-2025
509,Jan Salas,ESP,"['MF', 'FW']",Mallorca,18,2005,0.5,1,2.09,0,0,0,1,0,0,0,0.00,0,0,0,0,0,0,2024-2025
510,Kike Salas,ESP,['DF'],Sevilla,22,2002,24.9,17,0.68,14,0,0,3,0,0,4,0.16,4,0,0,0,0,0,2024-2025
511,Albert Sambi Lokonga,BEL,['MF'],Sevilla,24,1999,16.3,35,2.14,32,0,0,2,0,1,3,0.18,3,0,0,0,0,0,2024-2025
512,Chuky san jose,ESP,['MF'],Valladolid,20,2004,8.1,15,1.86,9,3,1,0,2,0,2,0.25,0,0,1,0,1,0,2024-2025
513,Oihan Sancet,ESP,['MF'],Athletic Club,24,2000,18.0,50,2.77,38,0,4,5,3,0,8,0.44,4,0,1,3,0,0,2024-2025
514,Antonio Sánchez,ESP,"['MF', 'DF']",Mallorca,27,1997,15.5,18,1.16,12,2,1,2,1,0,0,0.00,0,0,0,0,0,0,2024-2025
515,Iván Sánchez,ESP,"['MF', 'FW']",Valladolid,31,1992,15.6,64,4.11,46,7,4,1,5,1,5,0.32,5,0,0,0,0,0,2024-2025
516,Javi Sánchez,ESP,['DF'],Valladolid,27,1997,22.5,14,0.62,13,0,0,1,0,0,2,0.09,1,0,0,1,0,0,2024-2025
517,Juanlu Sánchez,ESP,"['MF', 'DF']",Sevilla,20,2003,19.1,40,2.09,36,0,2,2,0,0,5,0.26,5,0,0,0,0,0,2024-2025
518,Manu Sánchez,ESP,['DF'],Alavés,23,2000,29.3,40,1.37,28,5,0,5,2,0,3,0.10,2,0,0,1,0,0,2024-2025
519,Maroan Sannadi,MAR,['FW'],Athletic Club,23,2001,8.4,16,1.91,8,0,4,2,2,0,2,0.24,1,0,0,0,1,0,2024-2025
520,Yellu Santiago,ESP,['MF'],Getafe,20,2004,4.1,6,1.45,2,1,0,0,2,1,0,0.00,0,0,0,0,0,0,2024-2025
521,Aleksandar Sedlar,SRB,['DF'],Alavés,32,1991,6.6,2,0.30,2,0,0,0,0,0,0,0.00,0,0,0,0,0,0,2024-2025
522,Sergi,ESP,['DF'],Leganés,32,1992,32.9,12,0.37,11,0,0,0,1,0,3,0.09,2,0,0,0,1,0,2024-2025
523,Nicolás Serrano,ESP,['FW'],Athletic Club,21,2003,1.2,2,1.61,2,0,0,0,0,0,0,0.00,0,0,0,0,0,0,2024-2025
524,Fábio Silva,POR,['FW'],Las Palmas,22,2002,20.7,43,2.08,30,0,4,3,5,1,5,0.24,3,0,1,1,0,0,2024-2025
525,Rui Silva,POR,['GK'],Betis,30,1994,15.0,5,0.33,5,0,0,0,0,0,0,0.00,0,0,0,0,0,0,2024-2025
526,Giuliano Simeone,ARG,['MF'],Atlético Madrid,21,2002,21.4,50,2.34,40,0,5,2,3,0,9,0.42,7,0,1,0,1,0,2024-2025
527,Unai Simón,ESP,['GK'],Athletic Club,27,1997,21.0,6,0.29,5,1,0,0,0,0,0,0.00,0,0,0,0,0,0,2024-2025
528,Daley Sinkgraven,NED,['DF'],Las Palmas,29,1995,1.0,2,1.98,2,0,0,0,0,0,0,0.00,0,0,0,0,0,0,2024-2025
529,Jailson Siqueira,BRA,"['DF', 'MF']",Celta Vigo,28,1995,6.8,8,1.17,5,0,0,1,0,2,0,0.00,0,0,0,0,0,0,2024-2025
530,Antonio Sivera,ESP,['GK'],Alavés,27,1996,31.2,11,0.35,6,5,0,0,0,0,0,0.00,0,0,0,0,0,0,2024-2025
531,Justin Smith,CAN,['MF'],Espanyol,21,2003,2.3,2,0.86,2,0,0,0,0,0,1,0.43,1,0,0,0,0,0,2024-2025
532,Alex Sola,ESP,"['MF', 'FW']",Getafe,25,1999,11.4,26,2.28,17,0,6,0,3,0,2,0.18,2,0,0,0,0,0,2024-2025
533,Arnau Solà,ESP,['MF'],Villarreal,21,2003,0.1,0,0.00,0,0,0,0,0,0,0,0.00,0,0,0,0,0,0,2024-2025
534,Jhon Solis,COL,['MF'],Girona,19,2004,5.9,6,1.01,5,0,0,1,0,0,0,0.00,0,0,0,0,0,0,2024-2025
535,David Soria,ESP,['GK'],Getafe,31,1993,38.0,8,0.21,5,3,0,0,0,0,0,0.00,0,0,0,0,0,0,2024-2025
536,Juan Soriano,ESP,['GK'],Leganés,26,1997,6.0,0,0.00,0,0,0,0,0,0,0,0.00,0,0,0,0,0,0,2024-2025
537,Hugo Sotelo,ESP,['MF'],Celta Vigo,20,2003,13.9,40,2.87,27,12,0,0,0,1,0,0.00,0,0,0,0,0,0,2024-2025
538,Djibril Sow,SUI,['MF'],Sevilla,27,1997,22.9,64,2.79,58,0,0,1,3,2,4,0.17,4,0,0,0,0,0,2024-2025
539,Carl Starfelt,SWE,['DF'],Celta Vigo,29,1995,25.2,18,0.71,16,0,0,1,0,1,1,0.04,1,0,0,0,0,0,2024-2025
540,Orri Steinn Óskarsson,ISL,['FW'],Real Sociedad,19,2004,10.5,10,0.95,8,0,0,1,1,0,0,0.00,0,0,0,0,0,0,2024-2025
541,Stoichkov,ESP,"['MF', 'FW']",Alavés,30,1993,7.8,28,3.60,17,0,2,3,4,2,2,0.26,1,0,0,1,0,0,2024-2025
542,Cristhian Stuani,URU,['FW'],Girona,37,1986,12.0,14,1.17,10,0,1,3,0,0,3,0.25,2,0,0,1,0,0,2024-2025
543,Álex Suárez,ESP,['DF'],Las Palmas,31,1993,27.3,14,0.51,12,0,0,2,0,0,2,0.07,2,0,0,0,0,0,2024-2025
544,Denis Suárez,ESP,['MF'],Villarreal,30,1994,6.8,28,4.14,20,6,0,2,0,0,3,0.44,3,0,0,0,0,0,2024-2025
545,Luka Sučić,CRO,['MF'],Real Sociedad,21,2002,19.9,55,2.76,44,0,3,5,2,1,5,0.25,5,0,0,0,0,0,2024-2025
546,Suso,ESP,"['FW', 'MF']",Sevilla,30,1993,6.7,45,6.68,25,8,8,3,1,0,3,0.45,2,1,0,0,0,0,2024-2025
547,Williot Swedberg,SWE,"['FW', 'MF']",Celta Vigo,20,2004,15.0,36,2.40,24,0,3,8,1,0,8,0.53,6,0,1,1,0,0,2024-2025
548,Mamadou Sylla,SEN,"['FW', 'MF']",Valladolid,30,1994,17.6,22,1.25,16,0,1,1,4,0,5,0.28,2,0,1,0,2,0,2024-2025
549,Wojciech Szczęsny,POL,['GK'],Barcelona,34,1990,15.0,0,0.00,0,0,0,0,0,0,0,0.00,0,0,0,0,0,0,2024-2025
550,Alexander Sørloth,NOR,['FW'],Atlético Madrid,28,1995,17.4,30,1.73,19,0,4,5,2,0,5,0.29,2,0,2,1,0,0,2024-2025
551,Renato Tapia,PER,"['MF', 'DF']",Leganés,29,1995,26.9,24,0.89,19,2,1,0,1,1,4,0.15,4,0,0,0,0,0,2024-2025
552,César Tárrega,ESP,['DF'],Valencia,22,2002,33.6,10,0.30,9,0,0,1,0,0,0,0.00,0,0,0,0,0,0,2024-2025
553,Aurélien Tchouaméni,FRA,"['DF', 'MF']",Real Madrid,24,2000,29.9,34,1.14,33,1,0,0,0,0,0,0.00,0,0,0,0,0,0,2024-2025
554,Álvaro Tejero,ESP,"['MF', 'DF']",Espanyol,28,1996,13.8,55,4.00,28,23,1,1,1,1,9,0.65,4,3,1,1,0,0,2024-2025
555,Martín Tejón,ESP,"['MF', 'DF']",Valencia,20,2004,0.5,1,1.87,1,0,0,0,0,0,0,0.00,0,0,0,0,0,0,2024-2025
556,Nahuel Tenaglia,ARG,['DF'],Alavés,28,1996,32.5,51,1.57,28,10,2,2,8,1,4,0.12,1,0,0,0,3,0,2024-2025
557,Marc-André ter Stegen,GER,['GK'],Barcelona,32,1992,7.5,1,0.13,0,1,0,0,0,0,0,0.00,0,0,0,0,0,0,2024-2025
558,Ramón Terrats,ESP,"['MF', 'FW']",Villarreal,23,2000,1.5,4,2.73,2,0,0,1,1,0,0,0.00,0,0,0,0,0,0,2024-2025
559,Ramón Terrats,ESP,"['MF', 'FW']",Getafe,23,2000,13.5,32,2.36,23,4,1,1,2,1,2,0.15,2,0,0,0,0,0,2024-2025
560,Raúl de Tomás,ESP,"['DF', 'FW']",Rayo Vallecano,29,1994,0.2,0,0.00,0,0,0,0,0,0,0,0.00,0,0,0,0,0,0,2024-2025
561,Pablo Torre,ESP,"['MF', 'FW']",Barcelona,21,2003,3.4,18,5.24,14,2,0,0,1,1,3,0.87,3,0,0,0,0,0,2024-2025
562,David Torres,ESP,['DF'],Valladolid,21,2003,15.4,3,0.19,3,0,0,0,0,0,0,0.00,0,0,0,0,0,0,2024-2025
563,Ferrán Torres,ESP,"['FW', 'MF']",Barcelona,24,2000,12.3,38,3.09,26,2,4,2,3,1,7,0.57,6,0,1,0,0,0,2024-2025
564,Lucas Torró,ESP,['MF'],Osasuna,30,1994,32.9,38,1.16,31,0,0,5,1,1,3,0.09,3,0,0,0,0,0,2024-2025
565,Hamari Traoré,MLI,['DF'],Real Sociedad,32,1992,7.8,13,1.67,11,1,1,0,0,0,2,0.26,1,1,0,0,0,0,2024-2025
566,Óscar Trejo,ARG,['MF'],Rayo Vallecano,36,1988,5.5,18,3.27,15,0,0,2,1,0,1,0.18,1,0,0,0,0,0,2024-2025
567,Viktor Tsyhankov,UKR,"['FW', 'MF']",Girona,26,1997,21.3,65,3.06,34,22,1,3,4,1,8,0.38,4,3,0,0,1,0,2024-2025
568,Beñat Turrientes,ESP,['MF'],Real Sociedad,22,2002,10.5,12,1.15,10,1,1,0,0,0,0,0.00,0,0,0,0,0,0,2024-2025
569,Christantus Uche,NGA,"['FW', 'MF']",Getafe,21,2003,27.6,78,2.82,53,0,7,2,15,1,10,0.36,8,0,0,0,2,0,2024-2025
570,Naci Ünüvar,NED,"['MF', 'DF']",Espanyol,21,2003,0.3,2,5.63,1,0,0,0,1,0,0,0.00,0,0,0,0,0,0,2024-2025
571,Óscar Valentín,ESP,['MF'],Rayo Vallecano,29,1994,20.4,44,2.16,40,0,1,0,3,0,3,0.15,3,0,0,0,0,0,2024-2025
572,Germán Valera,ESP,['MF'],Valencia,22,2002,1.6,5,3.04,4,0,1,0,0,0,0,0.00,0,0,0,0,0,0,2024-2025
573,Martin Valjent,SVK,['DF'],Mallorca,28,1995,30.7,26,0.85,20,0,2,3,1,0,3,0.10,3,0,0,0,0,0,2024-2025
574,Jesús Vallejo,ESP,['DF'],Real Madrid,27,1997,1.5,3,1.96,3,0,0,0,0,0,1,0.65,1,0,0,0,0,0,2024-2025
575,Federico Valverde,URU,"['MF', 'DF']",Real Madrid,26,1998,33.7,87,2.58,81,1,1,4,0,0,13,0.39,12,0,0,1,0,0,2024-2025
576,Siebe Van Der Heyden,BEL,"['DF', 'MF']",Mallorca,26,1998,1.1,2,1.86,2,0,0,0,0,0,0,0.00,0,0,0,0,0,0,2024-2025
577,Ruben Vargas,SUI,"['FW', 'MF']",Sevilla,25,1998,7.5,31,4.16,16,5,4,5,1,0,3,0.40,3,0,0,0,0,0,2024-2025
578,José Luis García Vayá,ESP,['MF'],Valencia,25,1998,19.4,54,2.79,29,22,1,1,1,0,3,0.15,3,0,0,0,0,0,2024-2025
579,Jesus Vazquez,ESP,['DF'],Valencia,21,2003,10.2,9,0.88,6,0,1,1,0,1,1,0.10,1,0,0,0,0,0,2024-2025
580,Lucas Vázquez,ESP,['DF'],Real Madrid,33,1991,24.3,65,2.67,54,5,1,2,2,1,8,0.33,8,0,0,0,0,0,2024-2025
581,Alejo Véliz,ARG,['FW'],Espanyol,20,2003,12.5,14,1.10,7,0,0,2,5,0,4,0.31,2,0,0,0,2,0,2024-2025
582,Mikel Vesga,ESP,['MF'],Athletic Club,31,1993,11.0,21,1.91,19,0,0,2,0,0,1,0.09,0,0,0,1,0,0,2024-2025
583,Carlos Vicente,ESP,"['FW', 'MF']",Alavés,25,1999,34.4,107,3.11,53,38,3,6,5,2,9,0.26,6,1,1,1,0,0,2024-2025
584,Pau Victor,ESP,['FW'],Barcelona,22,2001,3.5,13,3.64,11,0,1,0,1,0,2,0.56,1,0,0,0,1,0,2024-2025
585,Nacho Vidal,ESP,['DF'],Osasuna,29,1995,1.4,0,0.00,0,0,0,0,0,0,0,0.00,0,0,0,0,0,0,2024-2025
586,Fran Vieites,ESP,['GK'],Betis,25,1999,4.0,0,0.00,0,0,0,0,0,0,0,0.00,0,0,0,0,0,0,2024-2025
587,Sergio Viera,ESP,['MF'],Las Palmas,19,2005,1.1,2,1.87,2,0,0,0,0,0,0,0.00,0,0,0,0,0,0,2024-2025
588,Asier Villalibre,ESP,['FW'],Alavés,26,1997,3.7,7,1.89,4,0,0,1,2,0,1,0.27,1,0,0,0,0,0,2024-2025
589,Iván Villar,ESP,['GK'],Celta Vigo,27,1997,4.0,0,0.00,0,0,0,0,0,0,0,0.00,0,0,0,0,0,0,2024-2025
590,Viti,ESP,['DF'],Las Palmas,26,1997,22.0,29,1.32,23,3,2,0,1,0,3,0.14,3,0,0,0,0,0,2024-2025
591,Daniel Vivian,ESP,['DF'],Athletic Club,25,1999,29.0,34,1.17,32,0,1,0,0,1,1,0.03,1,0,0,0,0,0,2024-2025
592,Iñaki Williams,GHA,['FW'],Athletic Club,30,1994,29.5,80,2.72,61,1,6,7,3,2,14,0.48,10,0,3,1,0,0,2024-2025
593,Nico Williams,ESP,['FW'],Athletic Club,22,2002,22.2,112,5.05,67,13,21,3,5,3,13,0.59,9,2,1,0,1,0,2024-2025
594,Axel Witsel,BEL,['DF'],Atlético Madrid,35,1989,9.5,4,0.42,2,0,1,0,1,0,2,0.21,1,0,1,0,0,0,2024-2025
595,Lamine Yamal,ESP,['FW'],Barcelona,17,2007,31.7,188,5.92,112,3,38,20,11,4,29,0.91,20,0,5,2,2,0,2024-2025
596,Daniel Yáñez,ESP,['FW'],Real Madrid,17,2007,0.0,0,0.00,0,0,0,0,0,0,0,0.00,0,0,0,0,0,0,2024-2025
597,Bertuğ Yıldırım,TUR,['FW'],Getafe,22,2002,12.0,21,1.75,13,0,1,2,4,1,1,0.08,0,0,0,0,1,0,2024-2025
598,Arsen Zakharyan,RUS,"['MF', 'FW']",Real Sociedad,21,2003,0.8,6,7.40,4,1,0,1,0,0,0,0.00,0,0,0,0,0,0,2024-2025
599,Bryan Zaragoza,ESP,"['FW', 'MF']",Osasuna,22,2001,20.4,71,3.49,41,11,13,1,5,0,9,0.44,6,1,1,1,0,0,2024-2025
600,Igor Zubeldia,ESP,['DF'],Real Sociedad,27,1997,25.2,17,0.67,16,0,0,1,0,0,1,0.04,1,0,0,0,0,0,2024-2025
601,Martín Zubimendi,ESP,['MF'],Real Sociedad,25,1999,32.9,46,1.40,38,0,4,1,1,2,6,0.18,5,0,0,0,1,0,2024-2025
