Rk,Player,Nation,Pos,Squad,Age,Born,90s,Att,Live,Dead,FK,TB,Sw,Crs,TI,CK,CK_In,CK_Out,CK_Str,Cmp,Off,Blocks,Season
1,Keyliane Abdallah,FRA,['FW'],Marseille,17,2006,0.0,1,1,0,0,0,0,0,0,0,0,0,0,1,0,0,2023-2024
2,Yunis Abdelhamid,MAR,['DF'],Reims,35,1987,30.9,1836,1650,178,75,2,13,3,29,0,0,0,0,1552,8,20,2023-2024
3,Salis Abdul Samed,GHA,['MF'],Lens,23,2000,16.9,895,875,18,17,0,1,3,1,0,0,0,0,796,2,17,2023-2024
4,Laurent Abergel,FRA,['MF'],Lorient,30,1993,31.8,1836,1743,88,68,6,13,34,14,0,0,0,0,1551,5,25,2023-2024
5,Matthis Abline,FRA,['FW'],Nantes,20,2003,11.6,231,218,12,0,2,1,7,1,0,0,0,0,162,1,11,2023-2024
6,Zakaria Aboukhlal,MAR,"['MF', 'FW']",Toulouse,23,2000,8.4,196,185,11,1,0,0,5,9,0,0,0,0,140,0,7,2023-2024
7,Akor Adams,NGA,['FW'],Montpellier,23,2000,25.0,385,375,10,0,2,1,12,1,0,0,0,0,250,0,20,2023-2024
8,Nathaniel Adjei,GHA,['DF'],Lorient,20,2002,13.8,669,628,40,27,0,3,2,11,0,0,0,0,578,1,5,2023-2024
9,Adryelson,BRA,"['DF', 'FW']",Lyon,25,1998,0.1,5,5,0,0,0,0,0,0,0,0,0,0,5,0,0,2023-2024
10,Adson,BRA,"['MF', 'FW']",Nantes,22,2000,2.6,130,128,2,0,0,0,2,2,0,0,0,0,115,0,2,2023-2024
11,Emmanuel Agbadou,CIV,['DF'],Reims,26,1997,28.8,1838,1728,106,50,5,11,6,48,0,0,0,0,1599,4,11,2023-2024
12,Ruben Aguilar,FRA,['DF'],Lens,30,1993,21.4,1282,1094,185,17,3,1,75,168,0,0,0,0,1044,3,35,2023-2024
13,Tosin Aiyegun,BEN,"['MF', 'FW']",Lorient,25,1998,10.0,203,193,7,0,0,0,8,1,0,0,0,0,154,3,4,2023-2024
14,Sergio Akieme,ESP,['DF'],Reims,25,1997,9.1,350,287,61,3,0,0,21,57,0,0,0,0,277,2,8,2023-2024
15,Maghnes Akliouche,FRA,"['MF', 'FW']",Monaco,21,2002,17.9,833,773,54,12,8,2,54,3,37,14,8,0,645,6,24,2023-2024
16,Paul Akouokou,CIV,['MF'],Lyon,25,1997,3.4,185,183,2,2,0,0,0,0,0,0,0,0,158,0,2,2023-2024
17,Aboubacar Ali,COM,"['MF', 'FW']",Strasbourg,17,2006,1.4,34,34,0,0,0,0,6,0,0,0,0,0,22,0,1,2023-2024
18,Mohamed Ali Cho,FRA,['FW'],Nice,19,2004,9.6,268,245,22,6,1,0,44,0,16,8,7,0,193,1,8,2023-2024
19,Nabil Alioui,FRA,"['MF', 'FW']",Le Havre,24,1999,11.2,358,289,66,17,6,1,54,1,36,23,13,0,228,3,14,2023-2024
20,Jim Allevinah,GAB,"['MF', 'DF']",Clermont Foot,28,1995,20.7,743,675,65,2,1,0,47,57,1,0,0,0,589,3,17,2023-2024
21,Skelly Alvero,FRA,['MF'],Lyon,21,2002,4.7,193,190,2,2,1,1,2,0,0,0,0,0,159,1,2,2023-2024
22,Papa Amadou Diallo,SEN,['FW'],Metz,19,2004,9.9,257,255,2,1,2,0,14,1,0,0,0,0,167,0,7,2023-2024
23,Jordan Amavi,FRA,['DF'],Brest,29,1994,1.0,54,43,11,3,0,0,1,8,0,0,0,0,47,0,1,2023-2024
24,Kelvin Amian,FRA,['DF'],Nantes,25,1998,8.9,350,266,84,8,1,0,14,76,0,0,0,0,268,0,15,2023-2024
25,Michael Amir Murillo,PAN,['DF'],Marseille,27,1996,11.1,602,517,84,13,0,1,16,71,0,0,0,0,492,1,10,2023-2024
26,Benjamin André,FRA,['MF'],Lille,32,1990,28.6,1919,1855,58,57,5,19,19,1,0,0,0,0,1598,6,34,2023-2024
27,Komnen Andrić,SRB,['FW'],Clermont Foot,28,1995,1.9,59,54,5,0,0,0,1,0,0,0,0,0,45,0,0,2023-2024
28,Ângelo,BRA,"['FW', 'MF']",Strasbourg,18,2004,12.2,426,410,15,3,4,1,42,4,5,3,1,0,300,1,13,2023-2024
29,Stredair Appuah,FRA,"['FW', 'MF']",Nantes,19,2004,0.9,23,23,0,0,0,0,2,0,0,0,0,0,14,0,2,2023-2024
30,Yoël Armougom,FRA,"['DF', 'MF']",Clermont Foot,25,1998,2.6,131,114,17,1,0,0,14,16,0,0,0,0,97,0,3,2023-2024
31,Hákon Arnar Haraldsson,ISL,"['FW', 'MF']",Lille,20,2003,14.3,549,525,21,6,3,4,7,4,2,1,0,0,451,3,13,2023-2024
32,Mohamed El Arouch,FRA,['FW'],Lyon,19,2004,0.0,1,1,0,0,0,0,0,0,0,0,0,0,1,0,0,2023-2024
33,Marco Asensio,ESP,"['MF', 'FW']",Paris S-G,27,1996,12.4,656,598,55,10,6,6,52,8,31,11,10,0,545,3,13,2023-2024
34,Joel Asoro,SWE,"['FW', 'MF']",Metz,24,1999,9.4,147,136,10,4,0,0,19,1,2,2,0,0,94,1,10,2023-2024
35,Lorenz Assignon,TOG,['DF'],Rennes,23,2000,11.2,600,491,109,13,0,1,22,96,0,0,0,0,516,0,12,2023-2024
36,Youcef Atal,ALG,['DF'],Nice,27,1996,4.0,238,215,22,6,2,0,6,16,0,0,0,0,214,1,1,2023-2024
37,Valentin Atangana Edoa,FRA,['MF'],Reims,17,2005,6.2,179,171,7,1,0,0,5,6,0,0,0,0,155,1,3,2023-2024
38,Arthur Atta,FRA,"['MF', 'FW']",Metz,20,2003,10.3,401,378,20,10,1,4,10,6,1,1,0,0,301,3,11,2023-2024
39,Pierre-Emerick Aubameyang,GAB,['FW'],Marseille,34,1989,29.1,660,608,48,1,3,0,42,4,0,0,0,0,444,4,27,2023-2024
40,André Ayew,GHA,['FW'],Le Havre,33,1989,12.3,266,244,19,0,0,0,4,1,0,0,0,0,197,3,10,2023-2024
41,Neil El Aynaoui,MAR,['MF'],Lens,22,2001,17.4,670,660,9,8,2,0,7,1,0,0,0,0,576,1,6,2023-2024
42,Abdellah Baallal,MAR,['MF'],Clermont Foot,18,2004,0.0,4,4,0,0,0,0,0,0,0,0,0,0,3,0,0,2023-2024
43,Shavy Babicka,GAB,"['FW', 'MF']",Toulouse,23,2000,4.1,127,122,3,0,0,0,13,3,0,0,0,0,77,2,10,2023-2024
44,Aliou Badara Baldé,GUI,"['FW', 'DF']",Nice,20,2002,0.8,30,29,1,0,1,0,4,0,1,0,0,0,15,0,2,2023-2024
45,Tiemoué Bakayoko,FRA,['MF'],Lorient,28,1994,14.6,637,619,17,16,1,3,1,1,0,0,0,0,550,1,11,2023-2024
46,Dilane Bakwa,FRA,"['FW', 'MF']",Strasbourg,20,2002,24.2,862,705,154,49,9,5,155,33,72,43,22,1,587,3,28,2023-2024
47,Carlos Baleba,CMR,['MF'],Lille,19,2004,0.7,45,45,0,0,0,0,0,0,0,0,0,0,39,0,0,2023-2024
48,Leonardo Balerdi,ARG,['DF'],Marseille,24,1999,25.2,1628,1560,64,51,0,14,2,4,1,0,0,0,1402,4,12,2023-2024
49,Folarin Balogun,USA,['FW'],Monaco,22,2001,18.8,365,333,25,1,3,1,7,0,0,0,0,0,263,7,15,2023-2024
50,Mohamed Bamba,CIV,['FW'],Lorient,21,2001,12.6,256,228,25,0,0,0,2,1,0,0,0,0,185,3,14,2023-2024
51,Mamady Bangré,BFA,"['FW', 'MF']",Toulouse,22,2001,1.1,74,74,0,0,0,0,4,0,0,0,0,0,59,0,3,2023-2024
52,Bradley Barcola,FRA,['FW'],Lyon,20,2002,3.0,90,90,0,0,0,1,0,0,0,0,0,0,70,0,2,2023-2024
53,Bradley Barcola,FRA,"['FW', 'MF']",Paris S-G,20,2002,15.2,562,553,5,2,4,1,18,3,0,0,0,0,436,4,16,2023-2024
54,Melvin Bard,FRA,['DF'],Nice,22,2000,29.5,1784,1509,266,32,0,2,70,233,1,1,0,0,1457,9,41,2023-2024
55,Steven Baseya,FRA,['DF'],Strasbourg,18,2005,0.1,12,11,1,1,0,0,0,0,0,0,0,0,11,0,0,2023-2024
56,Mohamed Bechikh,FRA,"['FW', 'MF']",Strasbourg,18,2005,0.2,5,5,0,0,0,0,0,0,0,0,0,0,5,0,0,2023-2024
57,Yanis Begraoui,MAR,"['FW', 'MF']",Toulouse,22,2001,3.3,97,89,6,1,0,0,5,1,2,0,1,0,70,2,1,2023-2024
58,Jérémie Bela,ANG,"['MF', 'FW']",Clermont Foot,30,1993,2.3,100,94,6,1,0,0,14,2,3,2,0,0,70,0,5,2023-2024
59,Reda Belahyane,MAR,['MF'],Nice,19,2004,0.3,15,15,0,0,0,0,0,0,0,0,0,0,13,0,1,2023-2024
60,Alaa Bellaarouch,MAR,['GK'],Strasbourg,21,2002,15.0,504,404,97,36,0,1,0,0,0,0,0,0,352,3,1,2023-2024
61,Jean-Ricner Bellegarde,HAI,"['MF', 'FW']",Strasbourg,25,1998,3.0,96,88,6,1,0,0,8,0,5,3,2,0,67,2,1,2023-2024
62,Jeanuël Belocian,FRA,['DF'],Rennes,18,2005,16.1,862,807,55,9,0,5,13,43,0,0,0,0,759,0,8,2023-2024
63,Eliesse Ben Seghir,MAR,"['MF', 'FW']",Monaco,18,2005,4.8,215,206,8,2,2,2,13,4,1,0,1,0,174,1,4,2023-2024
64,Wissam Ben Yedder,FRA,['FW'],Monaco,32,1990,25.7,752,698,51,3,12,2,9,3,0,0,0,0,555,3,25,2023-2024
65,Saïd Benrahma,ALG,"['FW', 'MF']",Lyon,27,1995,8.6,349,313,34,7,2,1,67,2,25,20,4,0,238,2,12,2023-2024
66,Nabil Bentaleb,ALG,['MF'],Lille,28,1994,21.9,1454,1405,45,42,4,18,6,2,1,1,0,0,1248,4,15,2023-2024
67,Lucas Beraldo,BRA,['DF'],Paris S-G,19,2003,11.2,968,912,56,22,1,3,2,33,0,0,0,0,867,0,10,2023-2024
68,Dimitry Bertaud,COD,['GK'],Montpellier,25,1998,4.0,142,103,38,15,0,0,0,0,0,0,0,0,91,1,0,2023-2024
69,Marco Bizot,NED,['GK'],Brest,32,1991,32.0,1100,845,251,63,0,1,0,0,0,0,0,0,826,4,0,2023-2024
70,Rubén Blanco,ESP,['GK'],Marseille,28,1995,1.3,51,36,15,5,0,0,0,0,0,0,0,0,43,0,0,2023-2024
71,Ludovic Blas,FRA,"['FW', 'MF']",Rennes,25,1997,17.4,506,468,36,14,1,4,53,4,18,6,5,0,395,2,12,2023-2024
72,Myron Boadu,NED,['FW'],Monaco,22,2001,0.9,15,15,0,0,0,0,0,0,0,0,0,0,10,0,0,2023-2024
73,Jeremie Boga,CIV,['FW'],Nice,26,1997,22.2,753,676,73,7,3,1,88,5,61,30,24,1,583,4,18,2023-2024
74,Adama Bojang,GAM,['FW'],Reims,19,2004,0.9,27,23,4,0,0,0,1,0,0,0,0,0,17,0,3,2023-2024
75,Neto Borges,BRA,['DF'],Clermont Foot,26,1996,28.0,1422,1213,209,9,3,3,79,195,1,0,0,0,1148,0,27,2023-2024
76,Saïmon Bouabré,FRA,['MF'],Monaco,17,2006,0.5,17,17,0,0,0,0,0,0,0,0,0,0,15,0,1,2023-2024
77,Ayyoub Bouaddi,FRA,['MF'],Lille,15,2007,1.5,115,115,0,0,0,0,2,0,0,0,0,0,103,0,3,2023-2024
78,Badredine Bouanani,ALG,['FW'],Nice,18,2004,1.8,70,70,0,0,0,1,8,0,0,0,0,0,54,0,3,2023-2024
79,Badredine Bouanani,ALG,['MF'],Lorient,18,2004,4.9,180,161,18,6,0,4,10,6,6,3,1,0,146,1,8,2023-2024
80,Mohamed Bouchenna,FRA,"['MF', 'FW']",Clermont Foot,17,2006,0.3,8,8,0,0,0,0,0,0,0,0,0,0,8,0,0,2023-2024
81,Hicham Boudaoui,ALG,['MF'],Nice,23,1999,17.9,717,703,11,8,3,0,23,1,1,0,0,0,601,3,18,2023-2024
82,Benjamin Bourigeaud,FRA,"['MF', 'FW']",Rennes,29,1994,26.9,1566,1354,207,62,7,14,165,45,96,33,48,0,1197,5,34,2023-2024
83,Bilal Boutobba,FRA,"['FW', 'MF']",Clermont Foot,24,1998,10.3,395,367,27,11,5,0,57,4,12,10,2,0,273,1,16,2023-2024
84,Hugo Boutsingkham,FRA,"['MF', 'FW']",Nantes,20,2003,0.1,1,1,0,0,0,0,0,0,0,0,0,0,1,0,0,2023-2024
85,Bilal Brahimi,ALG,['FW'],Nice,23,2000,0.1,13,11,2,1,0,0,2,0,1,0,0,0,10,0,0,2023-2024
86,Bilal Brahimi,ALG,"['FW', 'MF']",Brest,23,2000,2.5,122,114,8,1,1,1,32,3,4,3,1,0,72,0,8,2023-2024
87,Lilian Brassier,FRA,['DF'],Brest,23,1999,29.7,1810,1755,54,53,2,20,5,1,0,0,0,0,1503,1,10,2023-2024
88,Maxime Busi,BEL,"['FW', 'DF']",Reims,23,1999,1.8,95,73,22,0,0,1,4,22,0,0,0,0,71,0,3,2023-2024
89,Marcin Bułka,POL,['GK'],Nice,23,1999,34.0,1235,1039,194,47,0,2,0,0,0,0,0,0,1060,2,5,2023-2024
90,Rémy Cabella,FRA,"['FW', 'MF']",Lille,33,1990,16.4,908,803,98,31,3,1,51,22,36,8,12,0,732,7,15,2023-2024
91,Duje Ćaleta-Car,CRO,['DF'],Lyon,26,1996,22.1,1204,1183,20,16,0,9,0,3,0,0,0,0,1051,1,3,2023-2024
92,Lamine Camara,SEN,['MF'],Metz,19,2004,25.1,983,840,140,61,1,19,119,3,74,33,40,0,715,3,20,2023-2024
93,Mahdi Camara,FRA,['MF'],Brest,25,1998,22.4,852,801,51,3,0,2,45,5,0,0,0,0,693,0,21,2023-2024
94,Mohamed Camara,MLI,['MF'],Monaco,23,2000,11.5,769,749,18,17,1,3,1,0,1,0,0,0,707,2,13,2023-2024
95,Axel Camblan,FRA,['FW'],Brest,19,2003,1.0,22,21,1,0,0,0,1,1,0,0,0,0,18,0,0,2023-2024
96,Fali Candé,GNB,['DF'],Metz,25,1998,20.5,799,723,73,37,0,18,8,35,1,0,1,0,628,3,8,2023-2024
97,Gino Caoki,FRA,['MF'],Lorient,19,2004,0.1,4,3,1,1,0,0,1,0,0,0,0,0,2,0,0,2023-2024
98,Maxence Caqueret,FRA,['MF'],Lyon,23,2000,33.6,2009,1877,124,51,9,11,86,9,44,10,25,0,1661,8,46,2023-2024
99,Igor Carioca,BRA,"['DF', 'MF']",Lorient,26,1996,2.9,162,134,28,4,1,1,10,24,0,0,0,0,115,0,15,2023-2024
100,Antonin Cartillier,FRA,['DF'],Monaco,19,2004,0.1,3,3,0,0,0,0,0,0,0,0,0,0,1,0,0,2023-2024
101,Josué Casimir,HAI,"['FW', 'DF']",Le Havre,21,2001,22.4,781,675,103,5,1,1,52,88,2,0,0,0,572,3,26,2023-2024
102,Cristian Cásseres Jr.,VEN,['MF'],Toulouse,23,2000,21.6,1030,961,67,39,3,6,22,10,10,4,3,0,837,2,24,2023-2024
103,Jean-Charles Castelletto,CMR,['DF'],Nantes,28,1995,27.4,1340,1267,71,24,1,2,20,47,0,0,0,0,1147,2,10,2023-2024
104,Maximiliano Caufriez,BEL,['DF'],Clermont Foot,26,1997,18.4,892,799,91,31,2,4,4,14,0,0,0,0,780,2,5,2023-2024
105,Ivan Cavaleiro,POR,['FW'],Lille,29,1993,8.6,282,267,15,4,0,1,29,0,11,6,0,0,207,0,6,2023-2024
106,Fabien Centonze,FRA,['DF'],Nantes,27,1996,1.0,51,45,6,0,0,0,7,6,0,0,0,0,37,0,0,2023-2024
107,Fares Chaïbi,ALG,"['FW', 'MF']",Toulouse,20,2002,0.6,40,38,2,0,0,0,7,0,2,1,1,0,28,0,0,2023-2024
108,Muhammed Cham,AUT,"['MF', 'FW']",Clermont Foot,22,2000,28.4,1327,1154,162,67,14,6,118,9,71,28,36,1,1055,11,31,2023-2024
109,Brendan Chardonnet,FRA,['DF'],Brest,28,1994,33.0,1824,1763,58,55,1,25,13,3,0,0,0,0,1511,3,14,2023-2024
110,Jhoanner Chávez,ECU,['DF'],Lens,21,2002,5.3,222,173,49,2,0,2,13,47,0,0,0,0,173,0,8,2023-2024
111,Rayan Cherki,FRA,"['MF', 'FW']",Lyon,19,2003,19.1,1069,945,121,24,15,24,71,15,66,22,15,0,830,3,31,2023-2024
112,Lucas Chevalier,FRA,['GK'],Lille,21,2001,33.0,1186,956,226,103,1,3,0,0,0,0,0,0,914,4,0,2023-2024
113,Pedro Chirivella,ESP,['MF'],Nantes,26,1997,28.8,1743,1628,105,67,7,10,29,4,13,8,2,0,1494,10,13,2023-2024
114,Joris Chotard,FRA,['MF'],Montpellier,21,2001,28.7,1179,1113,62,55,6,19,33,3,3,0,3,0,961,4,27,2023-2024
115,Djaoui Cissé,FRA,['MF'],Rennes,19,2004,0.0,5,5,0,0,0,0,0,0,0,0,0,0,5,0,0,2023-2024
116,Ibrahim Cissoko,NED,"['FW', 'MF']",Toulouse,20,2003,2.7,116,114,2,0,0,0,20,2,0,0,0,0,89,0,4,2023-2024
117,Alexis Claude-Maurice,FRA,['MF'],Nice,25,1998,5.6,253,235,18,6,0,0,26,2,10,4,6,0,202,0,9,2023-2024
118,Jonathan Clauss,FRA,['DF'],Marseille,30,1992,23.0,1526,1227,290,36,1,4,159,201,53,0,48,0,1153,9,39,2023-2024
119,Marcus Coco,FRA,"['DF', 'FW']",Nantes,27,1996,16.5,641,561,78,3,3,1,46,75,0,0,0,0,473,2,15,2023-2024
120,Maxime Colin,FRA,['DF'],Metz,31,1991,20.4,925,684,235,19,0,2,34,216,0,0,0,0,660,6,30,2023-2024
121,Eray Cömert,SUI,['DF'],Nantes,25,1998,22.2,1064,1007,57,37,1,19,3,3,0,0,0,0,941,0,10,2023-2024
122,Alois Confais,FRA,"['MF', 'FW']",Le Havre,26,1996,0.1,9,7,2,2,0,0,1,0,0,0,0,0,7,0,0,2023-2024
123,Joaquín Correa,ARG,"['FW', 'MF']",Marseille,28,1994,4.8,167,163,3,1,1,0,1,2,0,0,0,0,131,1,10,2023-2024
124,Oscar Cortés,COL,"['FW', 'MF']",Lens,19,2003,0.5,26,26,0,0,0,0,2,0,0,0,0,0,18,0,0,2023-2024
125,David Costa,POR,['MF'],Lens,22,2001,16.6,726,664,56,15,3,0,77,3,38,14,22,0,570,6,19,2023-2024
126,Logan Costa,CPV,['DF'],Toulouse,22,2001,29.4,1784,1676,106,52,0,14,12,19,0,0,0,0,1491,2,14,2023-2024
127,Grégoire Coudert,FRA,['GK'],Brest,24,1999,2.0,80,60,20,10,0,0,0,0,0,0,0,0,55,0,0,2023-2024
128,Mamadou Coulibaly,FRA,['MF'],Monaco,19,2004,1.3,70,69,1,0,0,0,1,1,0,0,0,0,56,0,1,2023-2024
129,Tanguy Coulibaly,FRA,"['FW', 'MF']",Montpellier,22,2001,6.9,172,165,6,0,0,0,8,5,0,0,0,0,137,1,3,2023-2024
130,Nicolas Cozza,FRA,['DF'],Nantes,24,1999,9.9,366,282,83,3,0,0,13,80,0,0,0,0,270,1,8,2023-2024
131,Trévis Dago,CIV,"['FW', 'MF']",Lille,18,2005,0.3,4,4,0,0,0,0,1,0,0,0,0,0,2,0,0,2023-2024
132,Thijs Dallinga,NED,['FW'],Toulouse,22,2000,27.9,621,591,28,1,0,7,14,2,0,0,0,0,416,2,24,2023-2024
133,Kevin Danso,AUT,['DF'],Lens,24,1998,29.5,1719,1602,114,70,0,3,3,7,0,0,0,0,1508,3,7,2023-2024
134,Dante,BRA,['DF'],Nice,39,1983,31.6,2803,2665,133,69,4,11,10,8,0,0,0,0,2540,5,11,2023-2024
135,Raimane Daou,COM,"['DF', 'MF']",Marseille,18,2004,0.3,13,13,0,0,0,0,0,0,0,0,0,0,11,0,0,2023-2024
136,Mohamed Daramy,DEN,"['FW', 'MF']",Reims,21,2002,18.3,527,499,26,0,7,4,15,12,1,0,0,0,401,2,23,2023-2024
137,Achraf Dari,MAR,"['DF', 'FW']",Brest,24,1999,1.3,85,83,2,2,0,0,0,0,0,0,0,0,73,0,0,2023-2024
138,Jonathan David,CAN,['FW'],Lille,23,2000,29.2,655,610,40,2,0,0,2,0,0,0,0,0,537,5,18,2023-2024
139,Thibault De Smet,BEL,['DF'],Reims,25,1998,20.3,1046,878,163,12,0,2,31,149,2,2,0,0,837,5,29,2023-2024
140,Romain Del Castillo,FRA,['FW'],Brest,27,1996,27.7,1469,1255,209,52,9,11,251,45,104,57,45,0,989,5,67,2023-2024
141,Thomas Delaine,FRA,"['DF', 'MF']",Strasbourg,31,1992,22.7,882,699,179,24,2,1,104,146,9,0,8,0,638,4,25,2023-2024
142,Sacha Delaye,FRA,"['MF', 'FW']",Montpellier,21,2002,1.4,48,48,0,0,0,0,3,0,0,0,0,0,38,0,3,2023-2024
143,Karamoko Dembélé,ENG,"['MF', 'FW']",Brest,20,2003,0.2,10,9,1,0,0,0,1,0,1,1,0,0,8,0,0,2023-2024
144,Ousmane Dembélé,FRA,"['MF', 'FW']",Paris S-G,26,1997,16.7,1044,974,65,13,11,4,99,3,49,7,18,0,792,5,24,2023-2024
145,Jessy Deminguet,FRA,"['MF', 'FW']",Strasbourg,25,1998,7.7,258,231,25,13,1,3,9,5,7,2,1,0,221,2,1,2023-2024
146,Rémy Descamps,FRA,['GK'],Nantes,27,1996,6.0,212,123,89,18,0,0,0,0,0,0,0,0,128,0,1,2023-2024
147,Mikkel Desler,DEN,['DF'],Toulouse,28,1995,17.2,944,775,169,20,0,1,30,149,0,0,0,0,788,0,23,2023-2024
148,Arthur Desmas,FRA,['GK'],Le Havre,29,1994,33.0,945,617,324,102,0,0,0,0,0,0,0,0,611,4,2,2023-2024
149,Lamine Diack,SEN,['MF'],Nantes,22,2000,0.0,0,0,0,0,0,0,0,0,0,0,0,0,0,0,0,2023-2024
150,Mamadou Diakhon,FRA,"['FW', 'MF']",Reims,17,2005,2.3,48,46,2,0,1,1,4,2,0,0,0,0,38,0,0,2023-2024
151,Bafodé Diakité,FRA,['DF'],Lille,22,2001,18.8,1311,1209,102,45,0,3,3,49,0,0,0,0,1206,0,11,2023-2024
152,Ibrahim Diakité,GUI,['DF'],Reims,19,2003,1.2,85,67,18,2,0,1,9,16,0,0,0,0,57,0,3,2023-2024
153,Oumar Diakité,CIV,['FW'],Reims,19,2003,17.6,305,279,26,1,4,0,3,1,0,0,0,0,239,0,6,2023-2024
154,Habib Diarra,SEN,"['MF', 'FW']",Strasbourg,19,2004,25.6,874,850,23,8,3,4,22,4,3,2,0,0,735,1,13,2023-2024
155,Moussa Diarra,MLI,['DF'],Toulouse,22,2000,15.5,680,587,90,25,1,2,16,59,0,0,0,0,550,3,19,2023-2024
156,Krépin Diatta,SEN,"['DF', 'FW']",Monaco,24,1999,13.4,787,629,152,16,0,5,39,126,10,4,4,0,602,6,13,2023-2024
157,Mory Diaw,SEN,['GK'],Clermont Foot,30,1993,30.0,1245,952,289,113,1,7,0,0,0,0,0,0,848,4,1,2023-2024
158,Mahamadou Diawara,FRA,['MF'],Lyon,18,2005,4.0,147,144,2,2,0,0,2,0,0,0,0,0,125,1,4,2023-2024
159,Bamba Dieng,SEN,['FW'],Lorient,23,2000,6.1,117,99,18,0,0,0,5,1,0,0,0,0,90,0,2,2023-2024
160,Guillaume Dietsch,FRA,['GK'],Metz,22,2001,0.8,26,12,14,7,0,0,0,0,0,0,0,0,15,0,0,2023-2024
161,Sinaly Diomande,CIV,['DF'],Lyon,22,2001,9.9,570,554,15,13,1,3,1,2,0,0,0,0,521,1,3,2023-2024
162,Edan Diop,FRA,"['MF', 'DF']",Monaco,18,2004,1.8,97,86,10,1,0,0,2,9,0,0,0,0,71,1,3,2023-2024
163,Sofiane Diop,MAR,['FW'],Nice,23,2000,5.5,176,171,5,2,0,1,13,1,2,2,0,0,143,0,2,2023-2024
164,Andy Diouf,FRA,['MF'],Lens,20,2003,14.6,737,689,45,13,1,0,47,0,32,15,14,0,591,3,27,2023-2024
165,Yehvann Diouf,SEN,['GK'],Reims,23,1999,34.0,1301,1065,227,70,0,3,0,0,0,0,0,0,1020,9,1,2023-2024
166,Chaim El Djebali,TUN,['MF'],Lyon,19,2004,0.1,9,9,0,0,0,0,1,0,0,0,0,0,7,0,1,2023-2024
167,Jeremy Doku,BEL,['FW'],Rennes,21,2002,1.2,49,49,0,0,0,0,1,0,0,0,0,0,43,0,1,2023-2024
168,Gianluigi Donnarumma,ITA,['GK'],Paris S-G,24,1999,24.1,773,609,163,31,0,0,0,1,0,0,0,0,686,1,0,2023-2024
169,Siriné Doucouré,MLI,['FW'],Lorient,21,2002,4.7,94,87,7,0,2,1,1,0,0,0,0,0,71,0,1,2023-2024
170,Désiré Doué,FRA,"['MF', 'FW']",Rennes,18,2005,18.1,779,734,41,18,6,6,70,4,18,11,7,0,576,4,24,2023-2024
171,Guela Doué,CIV,['DF'],Rennes,20,2002,13.7,669,556,113,8,2,1,43,105,0,0,0,0,502,0,18,2023-2024
172,Douglas,BRA,['MF'],Nantes,26,1997,19.7,1040,991,47,34,4,8,20,2,11,8,2,0,904,2,11,2023-2024
173,Ismaël Doukouré,FRA,"['MF', 'DF']",Strasbourg,20,2003,18.4,771,729,40,23,4,7,0,8,0,0,0,0,660,2,9,2023-2024
174,Kamory Doumbia,MLI,['MF'],Brest,20,2003,9.8,487,472,14,5,2,0,8,3,2,0,2,0,420,1,8,2023-2024
175,Jean-Kevin Duverne,HAI,['DF'],Nantes,26,1997,15.0,743,653,86,15,0,2,13,71,0,0,0,0,597,4,11,2023-2024
176,Aron Dønnum,NOR,"['FW', 'MF']",Toulouse,25,1998,17.7,571,545,24,5,4,13,28,10,9,2,5,0,428,2,17,2023-2024
177,Simon Ebonog,CMR,['MF'],Le Havre,18,2004,0.2,21,21,0,0,0,0,0,0,0,0,0,0,17,0,0,2023-2024
178,Hugo Ekitike,FRA,['FW'],Paris S-G,21,2002,0.1,8,8,0,0,0,0,0,0,0,0,0,0,7,0,1,2023-2024
179,Simon Elisor,FRA,['FW'],Metz,24,1999,8.5,157,139,18,0,0,0,4,0,0,0,0,0,111,0,5,2023-2024
180,Breel Embolo,SUI,['FW'],Monaco,26,1997,2.0,46,46,0,0,0,0,1,0,0,0,0,0,37,0,2,2023-2024
181,Emanuel Emegha,NED,['FW'],Strasbourg,20,2003,23.1,295,278,17,1,0,0,1,1,0,0,0,0,216,0,10,2023-2024
182,Maxime Estève,FRA,['DF'],Montpellier,21,2002,11.1,369,340,29,11,1,2,2,14,0,0,0,0,289,0,5,2023-2024
183,Oscar Estupiñan,COL,['FW'],Metz,26,1996,2.9,61,54,5,0,0,0,1,0,0,0,0,0,41,2,1,2023-2024
184,Romain Faivre,FRA,"['MF', 'FW']",Lorient,25,1998,16.1,601,546,54,19,2,2,38,4,25,11,3,0,495,1,9,2023-2024
185,Ilhan Fakili,FRA,"['MF', 'FW']",Clermont Foot,17,2006,1.0,23,22,1,0,0,0,1,0,1,1,0,0,18,0,0,2023-2024
186,Khalil Fayad,FRA,"['FW', 'MF']",Montpellier,19,2004,11.4,345,333,10,4,1,4,13,4,0,0,0,0,276,2,6,2023-2024
187,Ichem Ferrah,FRA,['FW'],Lille,17,2005,0.0,1,1,0,0,0,0,0,0,0,0,0,0,1,0,0,2023-2024
188,Jordan Ferri,FRA,['MF'],Montpellier,31,1992,22.6,1331,1299,32,19,5,8,38,11,2,0,0,0,1101,0,20,2023-2024
189,Malick Fofana,BEL,['FW'],Lyon,18,2005,6.2,180,175,5,0,0,0,20,5,0,0,0,0,143,0,8,2023-2024
190,Youssouf Fofana,FRA,['MF'],Monaco,24,1999,30.0,1789,1693,83,77,13,4,14,6,0,0,0,0,1453,13,30,2023-2024
191,Thomas Foket,BEL,['DF'],Reims,28,1994,20.4,1069,865,192,8,0,0,37,184,0,0,0,0,862,12,27,2023-2024
192,Tiago Fonseca Morais,POR,['FW'],Lille,19,2003,0.5,15,13,2,0,0,0,1,0,2,1,0,0,11,0,0,2023-2024
193,Przemysław Frankowski,POL,['DF'],Lens,28,1995,24.4,1320,1108,206,8,3,5,118,188,10,3,4,0,1008,6,38,2023-2024
194,Angelo Fulgini,FRA,['MF'],Lens,26,1996,15.3,789,661,113,29,10,5,114,8,74,34,35,0,569,15,15,2023-2024
195,Kévin Gameiro,FRA,"['FW', 'MF']",Strasbourg,36,1987,15.0,461,448,12,1,4,1,10,0,0,0,0,0,373,1,14,2023-2024
196,Ignatius Ganago,CMR,"['FW', 'MF']",Nantes,24,1999,2.0,53,52,0,0,1,0,6,0,0,0,0,0,31,1,3,2023-2024
197,Ulisses Garcia,SUI,['DF'],Marseille,27,1996,10.1,570,461,109,11,0,1,49,91,7,0,7,0,449,0,13,2023-2024
198,Johan Gastien,FRA,['MF'],Clermont Foot,35,1988,25.1,1706,1599,103,59,10,12,39,11,33,12,13,0,1408,4,21,2023-2024
199,Yann Gboho,FRA,"['MF', 'FW']",Toulouse,22,2001,13.3,285,277,2,1,5,0,15,0,0,0,0,0,211,6,26,2023-2024
200,Gelabert,ESP,"['MF', 'FW']",Toulouse,22,2000,8.4,356,339,16,5,6,3,9,2,5,0,3,0,275,1,16,2023-2024
201,Denis Genreau,AUS,"['MF', 'FW']",Toulouse,24,1999,5.2,205,197,8,1,2,0,7,2,0,0,0,0,148,0,15,2023-2024
202,Samuel Gigot,FRA,['DF'],Marseille,29,1993,19.2,964,882,81,42,2,0,6,5,0,0,0,0,846,1,7,2023-2024
203,Aleksandr Golovin,RUS,"['MF', 'FW']",Monaco,27,1996,23.9,1236,1096,129,34,14,11,110,13,82,26,46,0,935,11,27,2023-2024
204,Angel Gomes,ENG,['MF'],Lille,22,2000,28.6,1751,1683,63,34,10,22,45,4,24,13,3,0,1566,5,25,2023-2024
205,Maxime Gonalons,FRA,['MF'],Clermont Foot,34,1989,14.4,772,756,15,15,4,13,1,0,0,0,0,0,666,1,13,2023-2024
206,Mathieu Gorgelin,FRA,['GK'],Le Havre,32,1990,1.0,19,16,3,1,0,0,0,0,0,0,0,0,12,0,0,2023-2024
207,Amine Gouiri,ALG,"['FW', 'MF']",Rennes,23,2000,23.0,764,741,22,3,2,0,7,3,7,0,0,0,625,1,25,2023-2024
208,Jonathan Gradit,FRA,['DF'],Lens,30,1992,23.5,1383,1335,43,42,1,14,17,1,0,0,0,0,1181,5,8,2023-2024
209,Samuel Grandsir,FRA,"['MF', 'FW']",Le Havre,26,1996,6.7,292,269,23,6,2,2,44,5,12,3,8,0,209,0,20,2023-2024
210,Adrian Grbić,AUT,['FW'],Lorient,26,1996,0.3,13,10,3,1,0,0,1,0,0,0,0,0,7,0,0,2023-2024
211,Gabriel Gudmundsson,SWE,"['DF', 'FW']",Lille,24,1999,14.1,560,479,80,11,0,0,36,68,1,0,0,0,437,1,24,2023-2024
212,Axel Gueguin,FRA,"['DF', 'FW']",Montpellier,18,2005,1.5,43,38,5,0,0,0,2,5,0,0,0,0,28,0,3,2023-2024
213,Mattéo Guendouzi,FRA,['MF'],Marseille,24,1999,0.2,12,10,2,1,0,0,1,0,1,0,0,0,9,0,1,2023-2024
214,Evann Guessand,CIV,['FW'],Nice,22,2001,17.3,294,263,31,0,3,1,11,1,0,0,0,0,218,0,12,2023-2024
215,Pape Gueye,SEN,"['MF', 'DF']",Marseille,24,1999,8.5,487,475,11,10,0,1,9,1,0,0,0,0,396,1,10,2023-2024
216,Morgan Guilavogui,GUI,"['FW', 'MF']",Lens,25,1998,6.3,222,213,7,0,0,0,5,1,0,0,0,0,166,2,9,2023-2024
217,Frederic Guilbert,FRA,"['DF', 'MF']",Strasbourg,28,1994,27.7,1467,1242,224,48,1,7,85,161,15,8,4,1,1108,1,25,2023-2024
218,Jaouen Hadjam,ALG,['DF'],Nantes,20,2003,1.2,103,96,7,1,0,0,12,6,0,0,0,0,80,0,1,2023-2024
219,Massadio Haïdara,MLI,['DF'],Lens,30,1992,8.2,431,373,56,12,0,3,22,42,0,0,0,0,358,2,11,2023-2024
220,Oualid El Hajjam,MAR,"['DF', 'MF']",Le Havre,32,1991,4.4,234,203,29,2,0,0,10,27,0,0,0,0,176,2,4,2023-2024
221,Achraf Hakimi,MAR,['DF'],Paris S-G,24,1998,21.5,1979,1773,203,29,4,6,79,160,14,1,7,0,1712,3,42,2023-2024
222,Amine Harit,MAR,"['MF', 'FW']",Marseille,26,1997,20.2,966,904,55,12,9,0,39,14,25,10,7,0,815,7,15,2023-2024
223,Silvan Hefti,SUI,"['DF', 'FW']",Montpellier,25,1997,7.9,328,268,59,2,0,1,19,57,0,0,0,0,238,1,15,2023-2024
224,Henrique,BRA,['DF'],Lyon,29,1994,6.7,400,342,57,4,0,0,17,53,0,0,0,0,351,1,9,2023-2024
225,Luis Henrique,BRA,"['FW', 'DF']",Marseille,21,2001,8.7,387,369,13,1,0,4,27,11,0,0,0,0,300,5,6,2023-2024
226,Christophe Hérelle,MTQ,['DF'],Metz,30,1992,18.0,609,580,28,27,0,2,1,1,0,0,0,0,543,1,4,2023-2024
227,Lucas Hernández,FRA,['DF'],Paris S-G,27,1996,21.2,1859,1686,169,41,1,16,19,128,0,0,0,0,1670,4,20,2023-2024
228,Andrej Ilic,SRB,['FW'],Lille,23,2000,0.1,1,1,0,0,0,0,0,0,0,0,0,0,1,0,0,2023-2024
229,Bonke Innocent,NGA,['MF'],Lorient,27,1996,2.3,96,95,1,1,0,0,0,0,0,0,0,0,91,0,1,2023-2024
230,Ismaily,BRA,['DF'],Lille,33,1990,27.4,1505,1278,225,27,0,4,29,198,0,0,0,0,1262,2,25,2023-2024
231,Yanis Issoufou,FRA,['MF'],Montpellier,16,2006,0.1,2,2,0,0,0,0,1,0,0,0,0,0,2,0,0,2023-2024
232,Junya Ito,JPN,"['FW', 'MF']",Reims,30,1993,30.2,1131,993,130,23,10,12,201,23,84,23,47,0,741,8,42,2023-2024
233,Jérémy Jacquet,FRA,['MF'],Rennes,18,2005,0.1,6,6,0,0,0,0,0,0,0,0,0,0,5,0,0,2023-2024
234,Jérémy Jacquet,FRA,['DF'],Clermont Foot,18,2005,2.8,123,98,25,1,0,0,1,24,0,0,0,0,94,0,3,2023-2024
235,Ismail Jakobs,SEN,['DF'],Monaco,23,1999,16.3,874,718,152,14,1,0,76,120,18,5,7,0,626,4,23,2023-2024
236,Ablie Jallow,GAM,"['MF', 'FW']",Metz,24,1998,10.2,318,295,21,6,2,8,23,2,12,8,3,0,248,2,7,2023-2024
237,Danley Jean-Jacques,HAI,['MF'],Metz,23,2000,29.8,743,728,14,14,1,8,20,0,0,0,0,0,572,1,20,2023-2024
238,Jeffinho,BRA,"['FW', 'MF']",Lyon,23,1999,3.4,129,124,5,2,0,1,2,1,2,0,0,0,95,0,7,2023-2024
239,Antoine Joujou,FRA,"['FW', 'MF']",Le Havre,20,2003,8.7,260,256,3,1,0,0,18,1,0,0,0,0,184,1,8,2023-2024
240,Christopher Jullien,FRA,['DF'],Montpellier,30,1993,13.7,512,477,34,18,0,0,1,1,0,0,0,0,441,1,2,2023-2024
241,Eli Junior Kroupi,FRA,"['FW', 'MF']",Lorient,17,2006,12.0,279,239,38,3,3,0,14,4,9,3,3,0,216,2,8,2023-2024
242,Abdoul Kader Bamba,FRA,"['FW', 'MF']",Nantes,29,1994,6.8,336,307,26,11,3,1,26,6,9,4,3,0,267,3,1,2023-2024
243,Yaya Kader Fofana,MLI,"['MF', 'DF']",Reims,19,2004,0.4,21,20,1,0,0,1,1,0,0,0,0,0,12,0,0,2023-2024
244,Tino Kadewere,ZIM,"['FW', 'MF']",Lyon,27,1996,3.3,111,104,6,0,0,0,2,2,0,0,0,0,89,1,1,2023-2024
245,Tino Kadewere,ZIM,"['FW', 'MF']",Nantes,27,1996,8.7,213,203,8,0,1,1,6,4,1,0,0,0,154,2,7,2023-2024
246,Arnaud Kalimuendo,FRA,['FW'],Rennes,21,2002,23.8,502,451,47,2,2,2,11,1,0,0,0,0,405,4,18,2023-2024
247,Gedeon Kalulu,COD,['DF'],Lorient,25,1997,10.8,528,456,70,7,0,5,21,63,0,0,0,0,433,2,17,2023-2024
248,Warren Kamanzi,NOR,"['DF', 'FW']",Toulouse,22,2000,13.2,604,537,63,6,0,1,20,57,0,0,0,0,502,4,10,2023-2024
249,Lee Kang-in,KOR,"['FW', 'MF']",Paris S-G,22,2001,16.3,1011,903,104,24,3,5,97,7,68,27,21,0,835,4,18,2023-2024
250,Yann Karamoh,FRA,"['FW', 'MF']",Montpellier,25,1998,3.2,88,85,3,0,0,0,5,0,0,0,0,0,63,0,3,2023-2024
251,Ayman Kari,FRA,['MF'],Lorient,18,2004,9.9,386,384,1,1,4,2,1,0,0,0,0,0,338,1,11,2023-2024
252,Panos Katseris,GRE,['DF'],Lorient,22,2001,11.6,393,307,86,2,0,0,45,83,1,0,0,0,275,0,20,2023-2024
253,Kévin Keben Biakolo,CMR,['DF'],Toulouse,19,2004,5.8,260,222,38,3,0,0,3,35,0,0,0,0,209,0,7,2023-2024
254,Yassine Kechta,MAR,['MF'],Le Havre,21,2002,20.5,960,931,27,15,4,5,19,7,4,2,0,0,778,2,20,2023-2024
255,Thilo Kehrer,GER,['DF'],Monaco,26,1996,14.7,966,900,66,32,1,2,4,19,0,0,0,0,859,0,11,2023-2024
256,Habib Keita,MLI,['MF'],Clermont Foot,21,2002,14.2,675,663,11,10,1,8,4,1,0,0,0,0,591,1,6,2023-2024
257,Reda Khadra,GER,"['FW', 'MF']",Reims,22,2001,15.2,389,347,40,7,4,2,46,19,9,4,2,0,289,2,15,2023-2024
258,Wahbi Khazri,TUN,['FW'],Montpellier,32,1991,12.6,318,298,18,3,3,14,11,7,4,2,1,0,227,2,11,2023-2024
259,Abdukodir Khusanov,UZB,['DF'],Lens,19,2004,9.0,439,426,13,8,0,2,2,0,0,0,0,0,383,0,1,2023-2024
260,Philipp Köhn,SUI,['GK'],Monaco,25,1998,22.0,667,484,182,52,0,0,0,0,0,0,0,0,479,1,0,2023-2024
261,Randal Kolo Muani,FRA,"['FW', 'MF']",Paris S-G,24,1998,14.1,359,354,4,0,1,0,9,0,0,0,0,0,259,1,17,2023-2024
262,Cheick Konaté,MLI,['DF'],Clermont Foot,19,2004,11.9,484,419,65,5,0,6,43,60,0,0,0,0,319,0,21,2023-2024
263,Geoffrey Kondogbia,CTA,['MF'],Marseille,30,1993,16.3,952,935,11,9,2,10,2,1,1,0,0,0,832,6,7,2023-2024
264,Abdoul Koné,FRA,['DF'],Reims,18,2005,2.1,85,65,20,3,0,1,1,17,0,0,0,0,53,0,3,2023-2024
265,Amadou Koné,MLI,['MF'],Reims,18,2005,5.3,256,251,3,3,0,2,1,0,0,0,0,0,204,2,5,2023-2024
266,Ibrahima Koné,MLI,['FW'],Lorient,24,1999,0.4,3,3,0,0,0,0,0,0,0,0,0,0,2,0,0,2023-2024
267,N'Guessan Kouadio,CIV,"['MF', 'FW']",Metz,20,2003,1.2,46,44,2,2,0,0,1,0,0,0,0,0,37,0,1,2023-2024
268,Koffi Kouao,CIV,['DF'],Metz,25,1998,9.6,401,317,81,6,0,1,16,75,0,0,0,0,317,3,7,2023-2024
269,Therence Koudou,FRA,['DF'],Reims,18,2004,3.5,173,137,36,2,0,0,14,34,0,0,0,0,142,0,3,2023-2024
270,Boubakar Kouyaté,MLI,['DF'],Montpellier,26,1997,21.4,873,836,34,25,1,5,1,2,0,0,0,0,719,3,8,2023-2024
271,Sael Kumbedi,FRA,['DF'],Lyon,18,2005,10.3,592,506,85,9,1,0,28,76,0,0,0,0,470,1,11,2023-2024
272,Layvin Kurzawa,FRA,['DF'],Paris S-G,30,1992,0.1,13,11,2,1,0,0,0,1,0,0,0,0,13,0,0,2023-2024
273,Daler Kuzyaev,RUS,['MF'],Le Havre,30,1993,23.2,1050,1010,36,19,4,0,27,1,15,2,7,0,824,4,27,2023-2024
274,Grejohn Kyei,FRA,['FW'],Clermont Foot,27,1995,11.4,265,235,27,0,0,2,2,0,0,0,0,0,198,3,8,2023-2024
275,Gaëtan Laborde,FRA,"['FW', 'MF']",Nice,29,1994,21.2,558,540,16,3,0,2,62,4,6,5,1,0,366,2,21,2023-2024
276,Alexandre Lacazette,FRA,['FW'],Lyon,32,1991,25.5,561,514,42,1,8,6,10,2,0,0,0,0,397,5,18,2023-2024
277,Alban Lafont,CIV,['GK'],Nantes,24,1999,27.7,1006,770,235,69,0,3,0,0,0,0,0,0,720,1,0,2023-2024
278,Kenny Lala,MAD,['DF'],Brest,31,1991,33.0,2195,1784,404,85,0,20,143,310,9,3,6,0,1713,7,62,2023-2024
279,Mathis Lambourde,FRA,['FW'],Rennes,17,2006,0.1,5,5,0,0,0,0,0,0,0,0,0,0,4,0,0,2023-2024
280,Mohamed Lamine Bayo,GUI,['FW'],Le Havre,25,1998,15.4,310,283,26,0,3,2,8,0,0,0,0,0,201,1,14,2023-2024
281,Didier Lamkel Zé,CMR,"['FW', 'MF']",Metz,26,1996,6.1,190,179,10,5,0,6,13,1,2,1,0,0,137,1,5,2023-2024
282,Julien Laporte,FRA,['DF'],Lorient,29,1993,20.2,1023,975,45,20,0,5,1,1,0,0,0,0,883,3,5,2023-2024
283,Théo Le Bris,FRA,"['DF', 'MF']",Lorient,20,2002,16.8,680,602,75,2,0,1,33,68,3,2,0,0,531,3,16,2023-2024
284,Julien Le Cardinal,FRA,['DF'],Brest,25,1997,5.3,258,246,11,5,0,3,5,6,0,0,0,0,212,1,3,2023-2024
285,Julien Le Cardinal,FRA,['DF'],Lens,25,1997,0.6,32,27,5,1,0,0,4,4,0,0,0,0,23,0,1,2023-2024
286,Jérémy Le Douaron,FRA,['FW'],Brest,25,1998,18.0,387,385,2,1,1,3,44,1,0,0,0,0,252,0,21,2023-2024
287,Enzo Le Fée,FRA,['MF'],Rennes,23,2000,17.0,1043,998,44,27,5,14,24,6,10,3,5,0,897,1,11,2023-2024
288,Vincent Le Goff,FRA,"['DF', 'MF']",Lorient,33,1989,6.0,322,280,40,3,1,0,18,34,3,1,2,0,252,2,7,2023-2024
289,Adrien Lebeau,FRA,"['MF', 'FW']",Brest,24,1999,0.6,29,26,3,0,0,0,3,0,3,2,1,0,19,0,3,2023-2024
290,Jean-Louis Leca,FRA,['GK'],Lens,37,1985,1.0,26,20,6,2,0,0,0,0,0,0,0,0,16,0,1,2023-2024
291,Benjamin Lecomte,FRA,['GK'],Montpellier,32,1991,30.0,1006,669,333,112,0,2,0,0,0,0,0,0,670,4,1,2023-2024
292,Pierre Lees-Melou,FRA,['MF'],Brest,30,1993,28.0,1673,1618,54,48,6,32,31,5,1,0,0,0,1425,1,26,2023-2024
293,Johann Lepenant,FRA,['MF'],Lyon,20,2002,2.8,186,179,6,5,1,0,2,1,0,0,0,0,165,1,4,2023-2024
294,Léo Leroy,FRA,['MF'],Montpellier,23,2000,5.5,184,183,0,0,1,3,1,0,0,0,0,0,132,1,6,2023-2024
295,Gautier Lloris,FRA,['DF'],Le Havre,28,1995,30.9,1398,1369,27,18,2,3,3,8,0,0,0,0,1194,2,14,2023-2024
296,Abou Lô,SEN,"['MF', 'DF']",Metz,23,2000,2.2,74,73,1,1,0,0,0,0,0,0,0,0,65,0,1,2023-2024
297,Bradley Locko,FRA,['DF'],Brest,21,2002,32.9,1852,1528,320,44,1,18,94,276,0,0,0,0,1544,4,32,2023-2024
298,Renan Lodi,BRA,['DF'],Marseille,25,1998,13.7,748,603,141,32,0,2,70,94,15,1,14,0,579,4,18,2023-2024
299,Elysée Logbo,FRA,['FW'],Le Havre,19,2004,2.8,40,38,2,0,0,0,1,0,0,0,0,0,31,0,0,2023-2024
300,Anthony Lopes,POR,['GK'],Lyon,32,1990,31.0,1035,770,265,69,1,0,0,0,0,0,0,0,773,0,0,2023-2024
301,Pau López,ESP,['GK'],Marseille,28,1994,32.7,1195,964,229,80,0,0,0,0,0,0,0,0,924,2,1,2023-2024
302,Jordan Lotomba,SUI,['DF'],Nice,24,1998,20.0,994,799,193,36,0,2,20,156,1,0,0,0,834,2,22,2023-2024
303,Tom Louchet,FRA,"['MF', 'DF']",Nice,20,2003,4.5,257,211,46,12,0,0,33,21,13,6,7,0,195,0,5,2023-2024
304,Imran Louza,MAR,['MF'],Lorient,24,1999,9.6,583,493,87,37,1,4,53,6,37,19,13,0,465,3,4,2023-2024
305,Dejan Lovren,CRO,['DF'],Lyon,34,1989,8.0,440,418,22,10,0,2,3,1,0,0,0,0,371,0,5,2023-2024
306,Joshua M'Bahia,CIV,['MF'],Clermont Foot,18,2005,0.2,15,14,1,0,0,0,0,1,0,0,0,0,12,0,0,2023-2024
307,Othmane Maamma,MAR,['FW'],Montpellier,17,2005,1.0,32,32,0,0,0,0,4,0,0,0,0,0,25,0,1,2023-2024
308,Deiver Machado,COL,['DF'],Lens,29,1993,12.5,488,396,91,3,0,0,29,87,0,0,0,0,383,1,17,2023-2024
309,Soungoutou Magassa,FRA,"['DF', 'MF']",Monaco,19,2003,15.0,998,977,21,18,1,21,3,3,0,0,0,0,871,0,14,2023-2024
310,Hugo Magnetti,FRA,['MF'],Brest,25,1998,26.0,1143,1105,36,13,1,7,20,10,2,0,0,0,1008,2,17,2023-2024
311,Yohann Magnin,FRA,['MF'],Clermont Foot,26,1997,18.7,836,810,25,13,1,4,14,9,3,3,0,0,698,1,12,2023-2024
312,Frank Magri,CMR,"['FW', 'MF']",Toulouse,23,1999,16.0,333,323,9,0,3,1,17,4,0,0,0,0,231,1,11,2023-2024
313,Adel Mahamoud,COM,['FW'],Nantes,20,2003,0.1,4,4,0,0,0,0,0,0,0,0,0,0,2,0,0,2023-2024
314,Habib Maïga,CIV,"['MF', 'FW']",Metz,27,1996,1.6,63,62,0,0,0,0,1,0,0,0,0,0,47,1,1,2023-2024
315,Ainsley Maitland-Niles,ENG,"['DF', 'MF']",Lyon,25,1997,15.9,796,694,98,9,1,5,21,86,3,1,0,0,663,4,12,2023-2024
316,Radosław Majecki,POL,['GK'],Monaco,23,1999,12.0,376,271,105,25,0,0,0,0,0,0,0,0,277,0,0,2023-2024
317,Lovro Majer,CRO,['MF'],Rennes,25,1998,0.2,16,15,1,0,0,0,1,0,1,0,1,0,14,0,1,2023-2024
318,Jean-Victor Makengo,FRA,"['MF', 'FW']",Lorient,25,1998,5.3,277,271,6,4,0,2,5,1,1,0,0,0,244,0,6,2023-2024
319,Aaron Malouda,FRA,['FW'],Lille,17,2005,0.0,0,0,0,0,0,0,0,0,0,0,0,0,0,0,0,2023-2024
320,Hianga Mananga Mbock,FRA,"['MF', 'FW']",Brest,23,1999,0.1,7,7,0,0,0,0,0,0,0,0,0,0,6,0,0,2023-2024
321,Steve Mandanda,FRA,['GK'],Rennes,38,1985,34.0,1209,921,288,96,0,0,0,0,0,0,0,0,885,0,0,2023-2024
322,Orel Mangala,BEL,['MF'],Lyon,25,1998,4.4,182,179,3,3,1,2,2,0,0,0,0,0,154,0,3,2023-2024
323,Vito Mannone,ITA,['GK'],Lille,35,1988,1.0,38,33,5,4,0,0,0,0,0,0,0,0,27,0,0,2023-2024
324,Faitout Maouassa,FRA,"['MF', 'DF']",Lens,25,1998,0.8,29,20,9,0,0,0,3,8,1,0,1,0,20,0,1,2023-2024
325,Guillermo Maripán,CHI,['DF'],Monaco,29,1994,19.6,1054,1010,42,36,0,2,0,4,0,0,0,0,934,2,9,2023-2024
326,Marquinhos,BRA,"['FW', 'MF']",Nantes,20,2003,1.7,67,62,5,1,0,0,5,3,0,0,0,0,50,0,2,2023-2024
327,Marquinhos,BRA,['DF'],Paris S-G,29,1994,17.1,1807,1757,47,22,4,3,0,21,0,0,0,0,1706,3,6,2023-2024
328,Jonas Martin,FRA,['MF'],Brest,33,1990,13.4,962,927,33,21,0,9,7,8,2,1,0,0,839,2,12,2023-2024
329,Clinton Mata,ANG,['DF'],Lyon,30,1992,24.7,1514,1332,181,32,0,2,52,149,0,0,0,0,1286,1,26,2023-2024
330,Eliot Matazo,BEL,['MF'],Monaco,21,2002,1.1,63,61,2,1,0,1,1,1,0,0,0,0,50,0,0,2023-2024
331,Nemanja Matić,SRB,['MF'],Rennes,34,1988,11.4,804,760,41,38,2,5,5,3,0,0,0,0,695,3,14,2023-2024
332,Nemanja Matić,SRB,['MF'],Lyon,34,1988,13.9,989,948,34,34,3,6,4,0,0,0,0,0,845,7,26,2023-2024
333,Chrislain Matsima,FRA,['DF'],Clermont Foot,21,2002,13.1,655,635,19,13,0,1,0,3,0,0,0,0,569,1,10,2023-2024
334,Chrislain Matsima,FRA,['DF'],Monaco,21,2002,3.3,231,224,6,2,0,0,0,3,0,0,0,0,215,1,0,2023-2024
335,Azor Matusiwa,NED,['MF'],Reims,25,1998,15.4,750,740,9,8,0,5,0,1,0,0,0,0,650,1,8,2023-2024
336,Azor Matusiwa,NED,['MF'],Rennes,25,1998,8.8,454,442,12,11,1,1,1,1,0,0,0,0,398,0,5,2023-2024
337,Aïman Maurer,MAR,"['MF', 'FW']",Clermont Foot,18,2004,0.6,29,25,4,0,0,0,4,1,3,3,0,0,21,0,0,2023-2024
338,Christian Mawissa,FRA,['DF'],Toulouse,18,2005,12.4,617,562,55,7,0,3,4,44,0,0,0,0,511,0,9,2023-2024
339,Noam Mayoka-Tika,BEL,['MF'],Marseille,19,2003,0.0,1,1,0,0,0,0,0,0,0,0,0,0,1,0,0,2023-2024
340,Senny Mayulu,FRA,"['FW', 'MF']",Paris S-G,17,2006,3.6,175,172,3,0,2,0,13,1,2,0,0,0,145,0,5,2023-2024
341,Youssef Maziz,FRA,"['FW', 'MF']",Metz,25,1998,1.4,39,33,5,1,1,2,4,1,3,2,1,0,30,1,0,2023-2024
342,Ethan Mbappé,FRA,"['MF', 'DF']",Paris S-G,16,2006,0.5,46,44,2,0,0,0,1,2,0,0,0,0,42,0,0,2023-2024
343,Kylian Mbappé,FRA,['FW'],Paris S-G,24,1998,24.0,965,936,24,5,12,10,23,6,7,0,0,0,801,5,19,2023-2024
344,Malick Mbaye,SEN,"['MF', 'FW']",Metz,19,2004,1.7,54,49,5,1,0,0,13,0,3,0,3,0,34,0,5,2023-2024
345,Chancel Mbemba,COD,['DF'],Marseille,28,1994,24.5,1398,1325,71,36,0,2,15,18,0,0,0,0,1222,2,8,2023-2024
346,Nolan Mbemba,CGO,['MF'],Le Havre,28,1995,0.2,34,33,1,0,0,1,2,0,1,0,1,0,28,0,0,2023-2024
347,Christ Mbondi,FRA,['FW'],Reims,18,2004,0.0,1,1,0,0,0,0,0,0,0,0,0,0,1,0,0,2023-2024
348,Facundo Medina,ARG,['DF'],Lens,24,1999,30.2,2112,2018,90,79,6,10,20,9,0,0,0,0,1823,4,27,2023-2024
349,Bamo Meïté,CIV,['DF'],Marseille,21,2001,7.1,507,473,34,10,0,0,4,20,0,0,0,0,462,0,6,2023-2024
350,Bamo Meïté,CIV,['DF'],Lorient,21,2001,1.6,56,54,2,1,0,0,0,1,0,0,0,0,48,0,1,2023-2024
351,Birger Meling,NOR,['DF'],Rennes,28,1994,0.2,7,4,3,1,0,0,0,2,0,0,0,0,7,0,0,2023-2024
352,Nuno Mendes,POR,['DF'],Paris S-G,21,2002,3.0,222,197,24,0,0,2,7,24,0,0,0,0,183,1,9,2023-2024
353,Antoine Mendy,SEN,['DF'],Nice,19,2004,4.6,244,223,21,4,0,2,4,17,0,0,0,0,211,0,2,2023-2024
354,Benjamin Mendy,FRA,['DF'],Lorient,29,1994,7.9,468,364,101,25,0,1,96,59,17,6,10,0,318,3,12,2023-2024
355,Formose Mendy,SEN,['DF'],Lorient,22,2001,14.0,739,658,80,35,0,18,13,44,0,0,0,0,587,1,11,2023-2024
356,Nampalys Mendy,SEN,['MF'],Lens,31,1992,11.7,653,637,14,13,3,3,7,1,0,0,0,0,577,2,4,2023-2024
357,Quentin Merlin,FRA,['DF'],Marseille,21,2002,7.8,465,379,84,18,1,1,40,59,7,1,6,0,360,2,11,2023-2024
358,Quentin Merlin,FRA,['DF'],Nantes,21,2002,14.3,841,689,148,11,8,6,63,121,16,6,5,0,615,4,17,2023-2024
359,Bastien Meupiyou,FRA,['DF'],Nantes,17,2006,0.1,5,5,0,0,0,0,0,0,0,0,0,0,5,0,0,2023-2024
360,Lucas Michal,FRA,['FW'],Monaco,18,2005,0.1,1,1,0,0,0,0,0,0,0,0,0,0,1,0,0,2023-2024
361,Georges Mikautadze,GEO,['FW'],Metz,22,2000,19.4,430,358,67,9,2,1,34,4,8,3,3,0,299,5,16,2023-2024
362,Takumi Minamino,JPN,['MF'],Monaco,28,1995,23.5,885,846,32,7,12,2,32,13,9,1,2,0,646,7,37,2023-2024
363,Lucas Mincarelli,FRA,"['DF', 'MF']",Montpellier,19,2004,10.9,438,346,92,2,1,0,26,90,0,0,0,0,326,0,17,2023-2024
364,Ignacio Miramon,ARG,['MF'],Lille,20,2003,0.4,32,32,0,0,0,0,0,0,0,0,0,0,28,0,1,2023-2024
365,Terem Moffi,NGA,['FW'],Nice,24,1999,21.7,387,349,32,1,1,0,7,2,0,0,0,0,274,6,18,2023-2024
366,Mostafa Mohamed,EGY,['FW'],Nantes,25,1997,22.2,369,341,26,0,5,2,14,2,0,0,0,0,238,2,13,2023-2024
367,Florent Mollet,FRA,"['MF', 'FW']",Nantes,31,1991,23.1,1063,902,160,36,1,2,142,15,95,41,42,0,826,1,23,2023-2024
368,Enzo Mongo,FRA,['DF'],Nantes,18,2005,0.1,2,0,2,0,0,0,0,2,0,0,0,0,0,0,0,2023-2024
369,Diego Moreira,BEL,"['FW', 'MF']",Lyon,18,2004,3.0,108,105,2,1,0,0,6,1,0,0,0,0,74,1,3,2023-2024
370,Lebo Mothiba,RSA,['FW'],Strasbourg,27,1996,6.9,118,115,1,0,0,0,1,0,0,0,0,0,86,2,3,2023-2024
371,Steve Mounié,BEN,['FW'],Brest,28,1994,19.7,454,451,2,0,0,2,11,2,0,0,0,0,282,1,12,2023-2024
372,Samuel Moutoussamy,COD,['MF'],Nantes,26,1996,12.3,498,491,6,5,1,0,2,1,0,0,0,0,417,1,7,2023-2024
373,Loris Mouyokolo,FRA,['DF'],Lorient,22,2001,1.0,55,54,1,1,0,0,0,0,0,0,0,0,48,0,1,2023-2024
374,François Mughe,CMR,"['MF', 'DF']",Marseille,19,2004,2.0,45,41,4,0,0,0,7,4,0,0,0,0,29,0,5,2023-2024
375,Nordi Mukiele,FRA,['DF'],Paris S-G,25,1997,8.8,578,521,57,13,1,4,3,44,0,0,0,0,486,0,16,2023-2024
376,Marshall Munetsi,ZIM,['MF'],Reims,27,1996,24.1,542,527,13,3,0,2,18,1,0,0,0,0,380,2,22,2023-2024
377,Yvon Mvogo,SUI,['GK'],Lorient,29,1994,34.0,1149,835,314,86,0,1,0,0,0,0,0,0,869,0,1,2023-2024
378,Joel Mvuka,NOR,"['DF', 'FW']",Lorient,20,2002,2.2,49,41,8,2,0,0,12,1,5,2,3,0,33,0,2,2023-2024
379,Junior Mwanga,FRA,"['MF', 'FW']",Strasbourg,20,2003,16.1,520,487,31,12,5,4,4,1,0,0,0,0,415,2,17,2023-2024
380,Kévin N'Doram,FRA,['MF'],Metz,27,1996,17.8,611,566,43,39,1,19,2,2,0,0,0,0,481,2,10,2023-2024
381,Bilal Nadir,MAR,"['MF', 'FW']",Marseille,19,2003,1.3,47,46,1,0,0,0,0,1,0,0,0,0,41,0,3,2023-2024
382,Mahamadou Nagida,CMR,['DF'],Rennes,18,2005,1.2,65,59,6,0,0,1,12,6,0,0,0,0,47,0,3,2023-2024
383,Keito Nakamura,JPN,"['FW', 'MF']",Reims,23,2000,15.3,400,391,5,1,2,5,23,2,1,1,0,0,292,4,13,2023-2024
384,Keylor Navas,CRC,['GK'],Paris S-G,36,1986,4.0,98,78,20,2,0,0,0,0,0,0,0,0,91,0,0,2023-2024
385,Youssouf Ndayishimiye,BDI,"['MF', 'DF']",Nice,24,1998,19.0,1361,1313,46,41,3,7,1,5,0,0,0,0,1223,2,9,2023-2024
386,Bassirou Ndiaye,SEN,['FW'],Lorient,21,2002,1.7,39,35,4,0,0,0,1,0,1,1,0,0,27,0,2,2023-2024
387,Iliman Ndiaye,SEN,"['FW', 'MF']",Marseille,23,2000,18.0,562,554,7,1,2,0,18,1,0,0,0,0,465,1,20,2023-2024
388,Massamba Ndiaye,SEN,['GK'],Clermont Foot,21,2001,4.0,174,140,32,8,0,0,0,0,0,0,0,0,129,2,1,2023-2024
389,Rassoul Ndiaye,SEN,"['MF', 'FW']",Le Havre,21,2001,5.8,263,260,3,3,0,1,8,0,0,0,0,0,209,0,7,2023-2024
390,Cher Ndour,ITA,['MF'],Paris S-G,19,2004,0.3,25,25,0,0,0,0,0,0,0,0,0,0,23,0,0,2023-2024
391,Joseph Nduquidi,FRA,"['MF', 'DF']",Metz,18,2004,8.3,212,194,17,4,1,2,0,13,0,0,0,0,173,1,1,2023-2024
392,Loïc Nego,HUN,"['DF', 'MF']",Le Havre,32,1991,17.3,639,552,85,3,0,0,44,81,1,0,0,0,481,2,17,2023-2024
393,Steve Ngoura,FRA,"['FW', 'MF']",Le Havre,18,2005,2.5,50,48,2,0,0,1,1,0,0,0,0,0,33,0,2,2023-2024
394,Shamar Nicholson,JAM,['FW'],Clermont Foot,26,1997,16.5,386,353,33,0,1,5,6,0,0,0,0,0,272,0,13,2023-2024
395,Rasmus Nicolaisen,DEN,['DF'],Toulouse,26,1997,32.5,1679,1616,61,42,1,4,0,4,0,0,0,0,1426,2,6,2023-2024
396,Arnaud Nordin,FRA,"['FW', 'MF']",Montpellier,25,1998,13.8,390,376,11,1,2,0,35,3,1,0,1,0,304,3,17,2023-2024
397,Ernest Nuamah,GHA,"['FW', 'MF']",Lyon,19,2003,20.4,692,643,48,18,0,7,75,5,24,19,2,0,535,1,26,2023-2024
398,Gerzino Nyamsi,FRA,['DF'],Strasbourg,26,1997,12.1,632,595,37,29,0,6,1,0,0,0,0,0,555,0,6,2023-2024
399,Rabby Nzingoula,FRA,"['MF', 'FW']",Strasbourg,17,2005,1.5,43,43,0,0,0,0,3,0,0,0,0,0,27,0,1,2023-2024
400,Jake O'Brien,IRL,['DF'],Lyon,22,2001,26.3,1440,1375,63,37,0,9,1,9,0,0,0,0,1270,2,9,2023-2024
401,Florent Ogier,FRA,['DF'],Clermont Foot,34,1989,10.5,512,488,24,15,0,1,0,0,0,0,0,0,425,0,0,2023-2024
402,Joseph Okumu,KEN,['DF'],Reims,26,1997,19.4,1293,1256,29,24,0,17,3,2,0,0,0,0,1062,8,12,2023-2024
403,Warmed Omari,COM,['DF'],Rennes,23,2000,23.0,1291,1252,38,32,4,8,0,2,0,0,0,0,1162,1,12,2023-2024
404,Becir Omeragic,SUI,"['DF', 'MF']",Montpellier,21,2002,25.7,1060,1003,57,34,0,10,3,4,0,0,0,0,904,0,12,2023-2024
405,Jean Onana,CMR,['MF'],Marseille,23,2000,6.3,458,446,8,8,1,3,2,0,0,0,0,0,398,4,6,2023-2024
406,Royce Openda,GAB,['FW'],Lorient,21,2002,0.2,3,3,0,0,0,0,0,0,0,0,0,0,2,0,0,2023-2024
407,Christopher Operi,CIV,['DF'],Le Havre,26,1997,27.2,1570,1191,371,93,0,9,190,223,55,23,26,0,1147,8,32,2023-2024
408,Gift Orban,NGA,['FW'],Lyon,21,2002,5.3,103,97,6,3,0,1,3,0,1,0,0,0,73,0,6,2023-2024
409,Kassoum Ouattara,FRA,"['DF', 'FW']",Monaco,18,2004,7.1,329,266,61,2,0,0,35,59,0,0,0,0,213,2,11,2023-2024
410,Alexandre Oukidja,ALG,['GK'],Metz,35,1988,33.2,1002,593,407,115,0,6,0,0,0,0,0,0,513,2,2,2023-2024
411,Azzedine Ounahi,MAR,['MF'],Marseille,23,2000,13.4,817,799,15,10,3,2,22,3,1,1,0,0,722,3,15,2023-2024
412,Adam Ounas,ALG,['FW'],Lille,26,1996,4.6,194,181,12,2,2,1,22,2,8,5,1,0,138,1,4,2023-2024
413,Patrick Ouotro,CIV,['FW'],Strasbourg,17,2005,0.1,2,2,0,0,0,0,0,0,0,0,0,0,1,0,0,2023-2024
414,Pablo Pagis,FRA,['MF'],Lorient,20,2002,1.8,61,58,3,0,0,1,2,0,3,1,0,0,46,0,0,2023-2024
415,Nicolas Pallois,FRA,['DF'],Nantes,35,1987,17.7,774,729,42,21,0,2,13,16,0,0,0,0,620,3,7,2023-2024
416,Andy Pelmard,MAD,['DF'],Clermont Foot,23,2000,33.2,1666,1551,107,52,2,2,6,42,0,0,0,0,1412,8,16,2023-2024
417,Aurélien Pelon,FRA,['DF'],Lorient,19,2004,1.0,33,33,0,0,0,0,0,0,0,0,0,0,26,0,0,2023-2024
418,Faris Pemi Moumbagna,CMR,['FW'],Marseille,23,2000,6.1,107,99,6,0,0,0,4,0,0,0,0,0,74,2,2,2023-2024
419,Danilo Pereira,POR,['DF'],Paris S-G,31,1991,22.2,2223,2181,39,33,1,4,1,5,0,0,0,0,2089,3,2,2023-2024
420,Mathias Pereira Lage,POR,"['FW', 'MF']",Brest,26,1996,13.2,395,342,52,24,0,2,66,2,26,12,12,0,266,1,8,2023-2024
421,Romain Perraud,FRA,"['DF', 'FW']",Nice,25,1997,4.1,243,191,52,6,0,0,21,39,7,0,4,0,176,0,8,2023-2024
422,Lucas Perrin,FRA,['DF'],Strasbourg,24,1998,30.3,1839,1693,143,84,4,9,5,14,0,0,0,0,1608,3,8,2023-2024
423,Denis Petrić,SRB,['GK'],Nantes,35,1988,0.3,8,5,2,2,0,0,0,0,0,0,0,0,6,1,0,2023-2024
424,Ronaël Pierre-Gabriel,FRA,['DF'],Nantes,25,1998,6.6,289,238,50,5,0,0,9,45,0,0,0,0,227,1,11,2023-2024
425,Julien Ponceau,FRA,['MF'],Lorient,22,2000,24.9,1200,1126,66,26,2,4,49,16,23,8,15,0,1014,8,29,2023-2024
426,Sanjin Prcić,BIH,['MF'],Strasbourg,29,1993,1.0,47,42,4,4,0,1,0,0,0,0,0,0,44,1,0,2023-2024
427,Gonçalo Ramos,POR,['FW'],Paris S-G,22,2001,15.8,397,389,7,1,4,0,3,1,0,0,0,0,304,1,14,2023-2024
428,Elba Rashani,KVX,"['MF', 'FW']",Clermont Foot,30,1993,13.1,392,382,9,3,1,0,28,3,3,0,0,0,294,1,20,2023-2024
429,Guillaume Restes,FRA,['GK'],Toulouse,18,2005,34.0,897,604,291,97,0,0,0,1,0,0,0,0,666,2,2,2023-2024
430,Alexsandro Ribeiro,BRA,['DF'],Lille,23,1999,24.7,1804,1706,96,65,3,12,2,6,0,0,0,0,1615,2,9,2023-2024
431,Amir Richardson,MAR,['MF'],Reims,21,2002,15.0,651,635,14,8,3,3,13,5,0,0,0,0,534,2,11,2023-2024
432,Fabian Rieder,SUI,['MF'],Rennes,21,2002,4.1,212,196,14,9,0,3,9,1,4,3,0,0,169,2,4,2023-2024
433,Rémy Riou,FRA,['GK'],Lyon,35,1987,3.0,104,69,35,12,0,0,0,0,0,0,0,0,80,0,0,2023-2024
434,Valentin Rongier,FRA,['MF'],Marseille,28,1994,9.5,577,557,19,17,8,7,3,2,0,0,0,0,504,1,6,2023-2024
435,Pablo Rosario,DOM,"['MF', 'DF']",Nice,26,1997,22.3,1187,1103,81,32,5,0,6,49,0,0,0,0,1056,3,15,2023-2024
436,Valentin Rosier,FRA,"['DF', 'MF']",Nice,26,1996,0.6,33,27,6,1,0,0,0,5,0,0,0,0,28,0,0,2023-2024
437,Fabián Ruiz Peña,ESP,['MF'],Paris S-G,27,1996,13.3,872,843,29,21,0,4,11,1,2,2,0,0,778,0,12,2023-2024
438,Emmanuel Sabbi,USA,"['FW', 'MF']",Le Havre,25,1997,17.6,368,353,12,5,2,1,20,5,1,1,0,0,258,3,24,2023-2024
439,Falaye Sacko,MLI,['DF'],Montpellier,28,1995,15.4,784,636,148,10,0,2,27,138,0,0,0,0,605,0,20,2023-2024
440,Modibo Sagnan,MLI,['DF'],Montpellier,24,1999,11.7,517,500,15,10,0,5,1,2,0,0,0,0,442,2,6,2023-2024
441,Moïse Sahi Dion,CIV,"['MF', 'FW']",Strasbourg,21,2001,7.0,175,165,9,0,0,0,5,3,0,0,0,0,137,1,2,2023-2024
442,Wesley Saïd,FRA,"['FW', 'MF']",Lens,28,1995,11.3,268,239,27,1,2,1,15,5,0,0,0,0,193,2,3,2023-2024
443,Théo Sainte-Luce,FRA,['DF'],Montpellier,24,1998,3.8,172,134,36,4,0,0,7,32,0,0,0,0,136,2,4,2023-2024
444,Mamadou Sakho,FRA,['DF'],Montpellier,33,1990,0.1,16,15,1,1,0,0,0,0,0,0,0,0,15,0,0,2023-2024
445,Ibrahim Salah,MAR,"['FW', 'MF']",Rennes,21,2001,5.8,232,230,2,0,1,1,20,0,2,0,1,0,177,0,6,2023-2024
446,Amine Salama,FRA,['FW'],Reims,23,2000,3.5,73,70,3,0,0,0,5,1,0,0,0,0,48,0,4,2023-2024
447,Mohammed Salisu,GHA,['DF'],Monaco,24,1999,11.5,778,751,27,19,0,0,1,7,0,0,0,0,657,0,9,2023-2024
448,Yoann Salmier,GUF,['DF'],Le Havre,30,1992,17.4,767,679,86,25,1,2,9,59,0,0,0,0,612,2,9,2023-2024
449,Mama Samba Baldé,GNB,"['FW', 'MF']",Lyon,27,1995,6.1,135,132,3,0,2,1,5,0,0,0,0,0,88,0,7,2023-2024
450,Brice Samba,FRA,['GK'],Lens,29,1994,33.0,1122,864,254,84,1,2,0,0,0,0,0,0,880,4,1,2023-2024
451,Ibou Sané,SEN,"['MF', 'FW']",Metz,18,2005,1.4,46,40,6,0,0,0,4,3,1,0,1,0,37,0,2,2023-2024
452,Sadibou Sané,SEN,['DF'],Metz,19,2004,9.4,317,290,27,4,0,1,8,23,0,0,0,0,254,0,3,2023-2024
453,Arouna Sangante,SEN,['DF'],Le Havre,21,2002,29.9,1521,1315,202,61,0,13,15,139,0,0,0,0,1233,4,29,2023-2024
454,Morgan Sanson,FRA,['MF'],Nice,28,1994,21.8,836,735,94,27,4,4,114,3,64,20,35,0,630,7,24,2023-2024
455,Baptiste Santamaria,FRA,['MF'],Rennes,28,1995,21.4,1207,1175,30,30,2,10,0,0,0,0,0,0,1055,2,14,2023-2024
456,Andrey Santos,BRA,['MF'],Strasbourg,19,2004,9.2,511,488,22,10,2,1,3,0,0,0,0,0,444,1,8,2023-2024
457,Tiago Santos,POR,['DF'],Lille,21,2002,26.3,1396,1129,266,58,1,9,83,208,0,0,0,0,1113,1,30,2023-2024
458,Amin Sarr,SWE,"['FW', 'MF']",Lyon,22,2001,1.1,20,18,2,0,0,0,1,0,0,0,0,0,13,0,1,2023-2024
459,Ismaila Sarr,SEN,"['FW', 'MF']",Marseille,25,1998,16.1,483,476,6,0,0,3,38,4,0,0,0,0,366,1,14,2023-2024
460,Mamadou Sarr,SEN,['DF'],Lyon,17,2005,0.1,4,4,0,0,0,0,0,0,0,0,0,0,4,0,0,2023-2024
461,Martin Satriano,URU,['FW'],Brest,22,2001,20.7,456,447,8,2,1,10,11,6,0,0,0,0,325,1,11,2023-2024
462,Téji Savanier,FRA,['MF'],Montpellier,31,1991,30.7,1888,1549,322,137,10,47,231,13,125,32,83,0,1306,17,31,2023-2024
463,Niklas Schmidt,GER,['MF'],Toulouse,25,1998,14.1,840,777,56,25,3,11,50,7,18,6,9,0,679,7,14,2023-2024
464,Jérémy Sebas,MTQ,"['FW', 'MF']",Strasbourg,20,2003,4.4,74,72,2,0,0,0,4,1,0,0,0,0,52,0,2,2023-2024
465,Alidu Seidu,GHA,['DF'],Rennes,23,2000,6.6,362,318,43,6,0,1,6,37,0,0,0,0,309,1,3,2023-2024
466,Alidu Seidu,GHA,['DF'],Clermont Foot,23,2000,12.6,756,687,65,10,0,2,4,55,0,0,0,0,623,4,7,2023-2024
467,Matz Sels,BEL,['GK'],Strasbourg,31,1992,19.0,619,452,166,53,0,0,0,0,0,0,0,0,452,1,0,2023-2024
468,Marvin Senaya,TOG,"['DF', 'MF']",Strasbourg,22,2001,23.8,1120,903,216,31,1,3,79,184,1,0,1,0,871,1,23,2023-2024
469,Sofiane Sidi Ali,FRA,['MF'],Marseille,28,1995,0.2,7,7,0,0,0,0,0,0,0,0,0,0,6,0,0,2023-2024
470,Vincent Sierro,SUI,['MF'],Toulouse,27,1995,25.1,1316,1146,166,59,4,13,111,6,81,30,44,0,1020,4,28,2023-2024
471,Caio Henrique Oliveira Silva,BRA,['DF'],Monaco,26,1997,6.9,464,369,94,15,2,0,36,56,23,4,13,0,376,1,13,2023-2024
472,Moses Simon,NGA,"['FW', 'MF']",Nantes,28,1995,19.9,508,472,30,4,4,4,114,6,13,3,5,0,318,6,41,2023-2024
473,Wilfried Singo,CIV,['DF'],Monaco,22,2000,24.3,1490,1411,76,42,2,4,21,34,0,0,0,0,1282,3,11,2023-2024
474,Ayanda Sishuba,BEL,"['MF', 'FW']",Lens,18,2005,0.7,14,14,0,0,0,0,0,0,0,0,0,0,12,0,0,2023-2024
475,Ibrahima Sissoko,MLI,['MF'],Strasbourg,25,1997,18.2,752,737,13,12,2,2,2,1,0,0,0,0,614,2,4,2023-2024
476,Moussa Sissoko,FRA,['MF'],Nantes,33,1989,20.2,681,655,24,11,3,3,18,11,1,0,0,0,547,2,19,2023-2024
477,Milan Škriniar,SVK,['DF'],Paris S-G,28,1995,18.1,1820,1773,45,30,0,4,1,5,0,0,0,0,1735,2,3,2023-2024
478,Naatan Skyttä,FIN,"['MF', 'FW']",Toulouse,21,2002,1.3,61,59,2,0,0,0,2,0,1,1,0,0,56,0,0,2023-2024
479,Eduard Sobol,UKR,['DF'],Strasbourg,28,1995,0.3,13,11,2,0,0,0,2,2,0,0,0,0,8,0,1,2023-2024
480,Emran Soglo,FRA,"['MF', 'DF']",Marseille,18,2005,1.2,39,38,1,0,0,0,5,1,0,0,0,0,31,0,1,2023-2024
481,Carlos Soler,ESP,"['MF', 'DF']",Paris S-G,26,1997,12.1,782,736,44,17,4,2,23,19,6,1,1,0,670,2,18,2023-2024
482,Florian Sotoca,FRA,"['MF', 'FW']",Lens,32,1990,28.9,1445,1361,74,11,12,8,95,55,2,0,0,0,1071,10,47,2023-2024
483,Issa Soumaré,SEN,"['FW', 'MF']",Le Havre,22,2000,2.6,62,58,3,0,0,0,2,1,0,0,0,0,33,1,6,2023-2024
484,Saidou Sow,GUI,['DF'],Strasbourg,21,2002,8.0,353,338,15,14,2,2,0,1,0,0,0,0,301,0,3,2023-2024
485,Stijn Spierings,NED,['MF'],Toulouse,27,1996,16.8,1089,1037,48,38,3,15,11,7,2,1,1,0,944,4,17,2023-2024
486,Stijn Spierings,NED,['MF'],Lens,27,1996,1.3,59,59,0,0,0,1,1,0,0,0,0,0,50,0,2,2023-2024
487,Benjamin Stambouli,FRA,['MF'],Reims,32,1990,3.2,130,129,1,1,0,0,2,0,0,0,0,0,95,0,3,2023-2024
488,Gabriel Suazo,CHI,['DF'],Toulouse,25,1997,26.2,1482,1220,258,48,8,8,101,189,21,8,11,0,1163,4,41,2023-2024
489,Abakar Sylla,CIV,['DF'],Strasbourg,20,2002,19.9,1266,1186,79,30,0,7,3,17,0,0,0,0,1111,1,5,2023-2024
490,Dembo Sylla,GUI,['DF'],Lorient,20,2002,0.5,22,18,4,0,0,1,4,4,0,0,0,0,19,0,1,2023-2024
491,Issiaga Sylla,GUI,"['DF', 'FW']",Montpellier,29,1994,16.2,719,564,150,10,0,2,43,140,0,0,0,0,528,5,24,2023-2024
492,Musa Al-Taamari,JOR,['FW'],Montpellier,26,1997,21.4,553,515,35,7,4,3,22,19,3,1,0,0,402,3,34,2023-2024
493,Nicolás Tagliafico,ARG,['DF'],Lyon,30,1992,23.6,1175,1017,153,15,3,0,40,137,1,0,0,0,999,5,21,2023-2024
494,Montassar Talbi,TUN,['DF'],Lorient,25,1998,24.5,1188,1147,35,22,0,5,3,5,0,0,0,0,1008,6,6,2023-2024
495,Oussama Targhalline,MAR,['MF'],Le Havre,21,2002,11.4,704,689,13,9,2,2,8,3,1,0,0,0,600,2,15,2023-2024
496,Enzo Tchato,CMR,['DF'],Montpellier,20,2002,12.5,639,526,111,9,0,1,49,102,0,0,0,0,478,2,17,2023-2024
497,Arnau Tenas,ESP,['GK'],Paris S-G,22,2001,5.9,211,169,42,5,1,0,0,0,0,0,0,0,173,0,0,2023-2024
498,Martin Terrier,FRA,"['FW', 'MF']",Rennes,26,1997,17.0,497,480,16,2,2,0,5,0,0,0,0,0,395,1,7,2023-2024
499,Benjamin Tetteh,GHA,"['FW', 'MF']",Metz,26,1997,3.1,77,71,6,0,0,0,1,0,0,0,0,0,49,0,4,2023-2024
500,Teddy Teuma,MLT,['MF'],Reims,29,1993,23.5,1512,1307,197,85,6,17,139,16,77,35,36,0,1181,8,36,2023-2024
501,Arthur Theate,BEL,['DF'],Rennes,23,2000,25.5,1640,1565,72,47,0,14,11,22,0,0,0,0,1444,3,7,2023-2024
502,Adrien Thomasson,FRA,['MF'],Lens,29,1993,13.3,679,638,38,18,1,1,47,2,18,2,11,0,506,3,31,2023-2024
503,Khéphren Thuram,FRA,['MF'],Nice,22,2001,23.4,1134,1113,17,15,8,0,20,2,0,0,0,0,978,4,14,2023-2024
504,Cheikh Tidiane Sabaly,SEN,"['FW', 'MF']",Metz,24,1999,15.3,370,367,3,0,1,2,12,3,0,0,0,0,290,0,13,2023-2024
505,Jean-Clair Todibo,FRA,['DF'],Nice,23,1999,29.5,2487,2417,69,52,3,7,12,12,0,0,0,0,2228,1,14,2023-2024
506,Corentin Tolisso,FRA,['MF'],Lyon,28,1994,19.3,1257,1201,51,32,7,9,36,17,0,0,0,0,1059,5,21,2023-2024
507,Abdoulaye Touré,GUI,['MF'],Le Havre,29,1994,25.4,1238,1219,14,9,1,6,4,3,0,0,0,0,1031,5,19,2023-2024
508,Souleymane Touré,FRA,['DF'],Lorient,20,2003,22.8,1280,1215,61,28,1,3,5,2,0,0,0,0,1144,4,8,2023-2024
509,Bénie Traoré,CIV,"['FW', 'MF']",Nantes,20,2002,5.6,148,129,18,3,4,0,20,2,6,2,3,0,99,1,11,2023-2024
510,Daouda Traoré,FRA,['MF'],Nice,17,2006,0.2,9,8,1,0,0,0,0,1,0,0,0,0,9,0,0,2023-2024
511,Ismaël Traoré,CIV,['DF'],Metz,36,1986,24.7,777,753,23,23,0,3,0,0,0,0,0,0,674,1,5,2023-2024
512,Adrien Truffert,FRA,['DF'],Rennes,21,2001,23.8,1333,1081,247,21,0,1,72,225,1,1,0,0,1047,5,29,2023-2024
513,Matthieu Udol,FRA,['DF'],Metz,27,1996,30.0,1300,1028,266,30,2,3,73,235,1,0,1,0,969,6,34,2023-2024
514,Manuel Ugarte,URU,['MF'],Paris S-G,22,2001,21.5,1331,1314,17,15,3,5,4,2,0,0,0,0,1214,0,13,2023-2024
515,Samuel Umtiti,FRA,['DF'],Lille,29,1993,2.1,165,157,8,6,0,1,0,1,0,0,0,0,156,0,1,2023-2024
516,Kévin Van Den Kerkhof,ALG,"['FW', 'MF']",Metz,27,1996,21.3,551,483,68,9,1,3,128,34,25,12,12,0,315,0,46,2023-2024
517,Vanderson,BRA,['DF'],Monaco,22,2001,18.2,992,841,149,15,2,7,48,132,2,0,1,0,734,2,25,2023-2024
518,Jordan Veretout,FRA,['MF'],Marseille,30,1993,24.3,1341,1207,128,45,6,8,114,9,72,29,28,0,1049,6,25,2023-2024
519,Alan Virginius,FRA,['FW'],Lille,20,2003,0.8,17,17,0,0,0,0,1,0,0,0,0,0,14,0,0,2023-2024
520,Alan Virginius,FRA,['FW'],Clermont Foot,20,2003,10.4,209,182,25,1,2,0,22,0,15,13,1,1,136,2,8,2023-2024
521,Vitinha,POR,['FW'],Marseille,23,2000,10.3,217,199,16,1,0,0,18,5,1,0,0,0,159,2,14,2023-2024
522,Vitinha,POR,['MF'],Paris S-G,23,2000,23.6,1850,1752,93,42,8,11,38,8,19,9,3,0,1659,5,25,2023-2024
523,Elye Wahi,FRA,['FW'],Montpellier,20,2003,0.2,6,5,1,0,0,0,0,0,0,0,0,0,6,0,0,2023-2024
524,Elye Wahi,FRA,['FW'],Lens,20,2003,18.8,295,258,36,0,1,1,10,0,0,0,0,0,214,1,8,2023-2024
525,Mateusz Wieteska,POL,['DF'],Clermont Foot,26,1997,1.9,114,107,7,6,0,0,0,0,0,0,0,0,89,0,2,2023-2024
526,Josh Wilson-Esbrand,ENG,"['DF', 'MF']",Reims,20,2002,5.1,252,205,43,2,1,0,12,41,0,0,0,0,186,4,6,2023-2024
527,Christopher Wooh,CMR,['DF'],Rennes,21,2001,15.4,789,746,42,34,1,4,2,2,0,0,0,0,675,1,8,2023-2024
528,Yusuf Yazıcı,TUR,"['MF', 'FW']",Lille,26,1997,14.6,489,457,29,10,1,1,19,1,7,2,4,0,377,3,14,2023-2024
529,Kelvin Yeboah,ITA,['FW'],Montpellier,23,2000,3.1,79,77,1,0,0,1,3,0,0,0,0,0,58,1,1,2023-2024
530,Bertuğ Yıldırım,TUR,['FW'],Rennes,21,2002,5.2,106,99,7,0,0,0,1,0,0,0,0,0,73,0,0,2023-2024
531,Darlin Yongwa,CMR,['DF'],Lorient,22,2000,12.9,614,499,112,11,1,0,76,100,1,0,1,0,421,3,29,2023-2024
532,Leny Yoro,FRA,['DF'],Lille,17,2005,29.7,1880,1796,83,47,0,12,1,4,0,0,0,0,1731,1,4,2023-2024
533,Etienne Youte Kinkoue,FRA,['DF'],Le Havre,21,2002,21.6,962,892,70,45,0,4,0,2,0,0,0,0,833,0,2,2023-2024
534,Yoram Zague,FRA,['DF'],Paris S-G,17,2006,4.1,334,307,26,2,0,0,2,24,0,0,0,0,304,1,4,2023-2024
535,Warren Zaïre-Emery,FRA,"['MF', 'DF']",Paris S-G,17,2006,21.8,1428,1367,56,14,2,8,8,33,0,0,0,0,1311,5,24,2023-2024
536,Denis Zakaria,SUI,"['MF', 'DF']",Monaco,26,1996,23.7,1184,1159,25,22,2,3,9,3,0,0,0,0,1081,0,14,2023-2024
537,Mehdi Zeffane,ALG,"['DF', 'MF']",Clermont Foot,31,1992,13.7,666,574,90,12,3,2,42,74,4,1,0,0,500,2,11,2023-2024
538,Nathan Zeze,FRA,['DF'],Nantes,18,2005,11.4,481,471,10,8,0,2,1,2,0,0,0,0,407,0,4,2023-2024
539,Edon Zhegrova,KVX,['FW'],Lille,24,1999,25.4,1043,905,137,24,1,3,174,28,85,34,30,0,764,1,33,2023-2024
540,Luck Zogbé,CIV,['DF'],Brest,18,2005,0.1,7,6,1,0,0,0,0,1,0,0,0,0,5,0,0,2023-2024
