Player,Nation,Pos,Squad,Age,Born,MP,Starts,Min,90s,Gls,Ast,G+A,G-PK,PK,PKatt,CrdY,CrdR,xG,npxG,xAG,npxG+xAG,Season
Max Aarons,ENG,['DF'],Bournemouth,23,2000,20,13,"1,237",13.7,0,1,1,0,0,0,1,0,0.0,0.0,0.8,0.9,2023-2024
Joshua Acheampong,ENG,['DF'],Chelsea,17,2006,1,0,6,0.1,0,0,0,0,0,0,0,0,0.0,0.0,0.0,0.0,2023-2024
Tyler Adams,USA,['MF'],Bournemouth,24,1999,3,1,121,1.3,0,0,0,0,0,0,0,0,0.0,0.0,0.1,0.1,2023-2024
Tosin Adarabioyo,ENG,['DF'],Fulham,25,1997,20,18,"1,617",18.0,2,0,2,2,0,0,2,0,0.7,0.7,0.1,0.8,2023-2024
Elijah Adebayo,ENG,['FW'],Luton Town,25,1998,27,16,"1,419",15.8,10,0,10,10,0,0,1,0,5.9,5.9,0.7,6.6,2023-2024
Simon Adingra,CIV,['FW'],Brighton,21,2002,31,25,"2,222",24.7,6,1,7,6,0,0,3,0,4.3,4.3,3.7,8.0,2023-2024
Nayef Aguerd,MAR,['DF'],West Ham,27,1996,21,21,"1,857",20.6,1,0,1,1,0,0,3,1,1.5,1.5,0.3,1.8,2023-2024
Brandon Aguilera,CRC,['FW'],Nott'ham Forest,20,2003,1,0,5,0.1,0,0,0,0,0,0,0,0,0.0,0.0,0.0,0.0,2023-2024
Naouirou Ahamada,FRA,"['MF', 'FW']",Crystal Palace,21,2002,20,0,349,3.9,0,0,0,0,0,0,4,1,0.5,0.5,0.0,0.5,2023-2024
Anel Ahmedhodžić,BIH,['DF'],Sheffield Utd,24,1999,31,29,"2,649",29.4,2,0,2,2,0,0,11,1,3.1,3.1,0.8,4.0,2023-2024
Ola Aina,NGA,['DF'],Nott'ham Forest,26,1996,22,20,"1,692",18.8,1,1,2,1,0,0,3,0,0.3,0.3,0.9,1.2,2023-2024
Rayan Aït-Nouri,ALG,"['DF', 'MF']",Wolves,22,2001,33,29,"2,329",25.9,2,1,3,2,0,0,7,0,3.3,3.3,2.4,5.6,2023-2024
Kristoffer Ajer,NOR,['DF'],Brentford,25,1998,28,21,"1,832",20.4,2,1,3,2,0,0,5,0,1.3,1.3,2.3,3.6,2023-2024
Manuel Akanji,SUI,"['DF', 'MF']",Manchester City,28,1995,30,28,"2,511",27.9,2,0,2,2,0,0,4,1,1.9,1.9,0.5,2.4,2023-2024
Nathan Aké,NED,['DF'],Manchester City,28,1995,29,24,"2,042",22.7,2,2,4,2,0,0,0,0,2.5,2.5,1.2,3.7,2023-2024
Thiago Alcántara,ESP,['MF'],Liverpool,32,1991,1,0,6,0.1,0,0,0,0,0,0,0,0,0.0,0.0,0.0,0.0,2023-2024
Trent Alexander-Arnold,ENG,['DF'],Liverpool,24,1998,28,25,"2,155",23.9,3,4,7,3,0,0,6,0,2.6,2.3,7.2,9.5,2023-2024
Alisson,BRA,['GK'],Liverpool,30,1992,28,28,"2,520",28.0,0,0,0,0,0,0,1,0,0.0,0.0,0.0,0.0,2023-2024
Miguel Almirón,PAR,['FW'],Newcastle Utd,29,1994,33,23,"1,937",21.5,3,1,4,3,0,0,2,0,4.5,4.5,2.6,7.2,2023-2024
Edson Álvarez,MEX,['MF'],West Ham,25,1997,31,28,"2,377",26.4,1,1,2,1,0,0,11,0,1.3,1.3,0.6,1.9,2023-2024
Julián Álvarez,ARG,"['MF', 'FW']",Manchester City,23,2000,36,31,"2,647",29.4,11,8,19,9,2,2,2,0,13.0,11.5,6.4,17.9,2023-2024
Zeki Amdouni,SUI,['FW'],Burnley,22,2000,34,27,"1,953",21.7,5,1,6,4,1,1,2,0,5.8,5.0,1.4,6.5,2023-2024
Sofyan Amrabat,MAR,"['MF', 'DF']",Manchester Utd,26,1996,21,10,938,10.4,0,0,0,0,0,0,6,0,0.1,0.1,0.3,0.4,2023-2024
Joachim Andersen,DEN,['DF'],Crystal Palace,27,1996,38,38,"3,415",37.9,2,3,5,2,0,0,7,0,1.7,1.7,2.8,4.5,2023-2024
Elliot Anderson,ENG,"['MF', 'FW']",Newcastle Utd,20,2002,21,10,"1,027",11.4,0,2,2,0,0,0,3,0,1.5,1.5,1.9,3.5,2023-2024
Jaidon Anthony,ENG,['FW'],Bournemouth,23,1999,3,2,152,1.7,0,0,0,0,0,0,1,0,0.1,0.1,0.0,0.1,2023-2024
Michail Antonio,JAM,['FW'],West Ham,33,1990,26,21,"1,695",18.8,6,2,8,6,0,0,6,0,5.8,5.8,0.9,6.7,2023-2024
Antony,BRA,['FW'],Manchester Utd,23,2000,29,15,"1,324",14.7,1,1,2,1,0,0,5,0,3.4,3.4,2.8,6.1,2023-2024
Oliver Arblaster,ENG,['MF'],Sheffield Utd,19,2004,12,11,943,10.5,0,0,0,0,0,0,2,0,0.0,0.0,0.8,0.8,2023-2024
Cameron Archer,ENG,"['FW', 'MF']",Sheffield Utd,22,2001,29,21,"1,832",20.4,4,1,5,4,0,0,1,0,5.5,5.5,2.8,8.3,2023-2024
Cameron Archer,ENG,['MF'],Aston Villa,22,2001,1,0,6,0.1,0,0,0,0,0,0,1,0,0.0,0.0,0.0,0.0,2023-2024
Alphonse Areola,FRA,['GK'],West Ham,30,1993,31,31,"2,699",30.0,0,0,0,0,0,0,1,0,0.0,0.0,0.0,0.0,2023-2024
Lorenz Assignon,TOG,['DF'],Burnley,23,2000,15,15,"1,234",13.7,1,2,3,1,0,0,5,1,0.4,0.4,2.6,3.0,2023-2024
Serge Aurier,CIV,"['DF', 'MF']",Nott'ham Forest,30,1992,12,10,833,9.3,0,2,2,0,0,0,2,0,0.2,0.2,0.5,0.6,2023-2024
Taiwo Awoniyi,NGA,['FW'],Nott'ham Forest,25,1997,20,12,"1,042",11.6,6,3,9,6,0,0,2,0,4.7,4.7,1.7,6.4,2023-2024
Jordan Ayew,GHA,"['FW', 'MF']",Crystal Palace,31,1991,35,30,"2,543",28.3,4,7,11,4,0,0,9,1,3.9,3.9,4.2,8.1,2023-2024
Benoît Badiashile,FRA,['DF'],Chelsea,22,2001,18,15,"1,338",14.9,0,1,1,0,0,0,3,0,0.3,0.3,1.5,1.8,2023-2024
Leon Bailey,JAM,"['MF', 'FW']",Aston Villa,25,1997,35,22,"2,068",23.0,10,9,19,10,0,0,5,0,6.3,6.3,9.2,15.5,2023-2024
Stefan Bajcetic,ESP,['MF'],Liverpool,18,2004,1,0,26,0.3,0,0,0,0,0,0,0,0,0.0,0.0,0.0,0.0,2023-2024
George Baldock,GRE,['DF'],Sheffield Utd,30,1993,13,11,969,10.8,0,1,1,0,0,0,4,0,0.0,0.0,0.8,0.8,2023-2024
Carlos Baleba,CMR,['MF'],Brighton,19,2004,27,15,"1,325",14.7,0,0,0,0,0,0,7,0,0.8,0.8,0.3,1.1,2023-2024
Fodé Ballo-Touré,SEN,"['DF', 'MF']",Fulham,26,1997,6,0,71,0.8,0,0,0,0,0,0,1,0,0.0,0.0,0.0,0.0,2023-2024
Shandon Baptiste,GRN,['MF'],Brentford,25,1998,10,2,229,2.5,1,1,2,1,0,0,1,0,0.9,0.9,0.2,1.1,2023-2024
Valentín Barco,ARG,"['DF', 'FW']",Brighton,19,2004,6,3,307,3.4,0,0,0,0,0,0,1,0,0.2,0.2,0.2,0.4,2023-2024
Ross Barkley,ENG,['MF'],Luton Town,29,1993,32,30,"2,618",29.1,5,4,9,5,0,0,6,0,4.1,4.1,3.7,7.9,2023-2024
Harvey Barnes,ENG,"['FW', 'MF']",Newcastle Utd,25,1997,21,7,802,8.9,5,3,8,5,0,0,2,0,3.6,3.6,3.2,6.8,2023-2024
Chris Basham,ENG,"['DF', 'MF']",Sheffield Utd,35,1988,8,3,321,3.6,0,0,0,0,0,0,1,0,0.1,0.1,0.3,0.4,2023-2024
Calvin Bassey,NGA,['DF'],Fulham,23,1999,29,25,"2,303",25.6,1,0,1,1,0,0,6,1,0.3,0.3,0.0,0.4,2023-2024
Owen Beck,WAL,['DF'],Liverpool,20,2002,1,0,8,0.1,0,0,0,0,0,0,0,0,0.0,0.0,0.0,0.0,2023-2024
Donny van de Beek,NED,['DF'],Manchester Utd,26,1997,1,0,3,0.0,0,0,0,0,0,0,0,0,0.0,0.0,0.1,0.2,2023-2024
Amari'i Bell,JAM,['DF'],Luton Town,29,1994,21,21,"1,720",19.1,0,0,0,0,0,0,0,0,0.3,0.3,0.5,0.7,2023-2024
Jean-Ricner Bellegarde,HAI,"['MF', 'FW']",Wolves,25,1998,22,10,958,10.6,2,1,3,2,0,0,0,1,1.6,1.6,1.0,2.5,2023-2024
Anis Ben Slimane,TUN,['MF'],Sheffield Utd,22,2001,15,4,419,4.7,0,0,0,0,0,0,2,0,0.8,0.8,0.3,1.1,2023-2024
Saïd Benrahma,ALG,"['FW', 'MF']",West Ham,27,1995,13,5,620,6.9,0,1,1,0,0,1,1,0,1.8,1.0,1.4,2.5,2023-2024
Rodrigo Bentancur,URU,['MF'],Tottenham,26,1997,23,13,"1,005",11.2,1,1,2,1,0,0,7,0,1.9,1.9,0.5,2.4,2023-2024
Daniel Bentley,ENG,['GK'],Wolves,30,1993,5,3,383,4.3,0,0,0,0,0,0,0,0,0.0,0.0,0.0,0.0,2023-2024
Jóhann Berg Guðmundsson,ISL,"['MF', 'FW']",Burnley,32,1990,26,12,"1,192",13.2,1,3,4,1,0,0,2,0,1.9,1.9,2.7,4.5,2023-2024
Sander Berge,NOR,['MF'],Burnley,25,1998,37,34,"3,005",33.4,1,2,3,1,0,0,10,1,1.9,1.9,2.4,4.3,2023-2024
Luke Berry,ENG,"['MF', 'DF']",Luton Town,31,1992,17,2,323,3.6,2,1,3,2,0,0,1,0,1.0,1.0,0.3,1.3,2023-2024
Beto,GNB,['FW'],Everton,25,1998,30,9,951,10.6,3,0,3,3,0,1,2,0,6.8,6.0,0.9,6.9,2023-2024
Jordan Beyer,GER,['DF'],Burnley,23,2000,15,15,"1,234",13.7,0,1,1,0,0,0,6,0,0.5,0.5,0.3,0.8,2023-2024
Philip Billing,DEN,['MF'],Bournemouth,27,1996,29,13,"1,398",15.5,2,2,4,2,0,0,3,1,2.5,2.5,3.2,5.7,2023-2024
Yves Bissouma,MLI,['MF'],Tottenham,26,1996,28,26,"2,068",23.0,0,0,0,0,0,0,10,2,1.4,1.4,0.4,1.8,2023-2024
Benicio Boaitey,ENG,"['FW', 'DF']",Brighton,19,2004,5,0,40,0.4,0,0,0,0,0,0,1,0,0.0,0.0,0.1,0.1,2023-2024
Oscar Bobb,NOR,"['FW', 'MF']",Manchester City,20,2003,14,2,302,3.4,1,1,2,1,0,0,0,0,1.4,1.4,1.2,2.6,2023-2024
Jayden Bogle,ENG,['DF'],Sheffield Utd,23,2000,34,32,"2,788",31.0,3,0,3,3,0,0,9,0,2.3,2.3,1.0,3.3,2023-2024
Willy Boly,CIV,['DF'],Nott'ham Forest,32,1991,20,18,"1,438",16.0,2,1,3,2,0,0,3,1,1.5,1.5,1.3,2.8,2023-2024
Sven Botman,NED,['DF'],Newcastle Utd,23,2000,17,15,"1,377",15.3,2,2,4,2,0,0,2,0,0.6,0.6,1.0,1.6,2023-2024
Jarrod Bowen,ENG,['FW'],West Ham,26,1996,34,34,"3,019",33.5,16,6,22,16,0,0,2,0,11.6,11.6,5.5,17.2,2023-2024
Conor Bradley,NIR,['DF'],Liverpool,20,2003,11,10,753,8.4,1,3,4,1,0,0,2,0,0.9,0.9,1.5,2.3,2023-2024
Jarrad Branthwaite,ENG,['DF'],Everton,21,2002,35,35,"3,116",34.6,3,0,3,3,0,0,8,0,1.7,1.7,1.0,2.8,2023-2024
Ben Brereton,CHI,"['FW', 'MF']",Sheffield Utd,24,1999,14,14,"1,105",12.3,6,1,7,5,1,1,3,0,6.1,5.3,1.5,6.7,2023-2024
Rhian Brewster,ENG,"['FW', 'MF']",Sheffield Utd,23,2000,13,3,346,3.8,0,0,0,0,0,0,0,1,0.4,0.4,0.1,0.5,2023-2024
Armando Broja,ALB,['FW'],Chelsea,21,2001,13,6,454,5.0,1,0,1,1,0,0,0,0,2.4,2.4,0.2,2.5,2023-2024
Armando Broja,ALB,['FW'],Fulham,21,2001,8,0,88,1.0,0,1,1,0,0,0,0,0,0.0,0.0,0.4,0.4,2023-2024
Andre Brooks,ENG,"['MF', 'DF']",Sheffield Utd,19,2003,20,12,938,10.4,0,0,0,0,0,0,1,0,0.4,0.4,0.1,0.5,2023-2024
David Brooks,WAL,"['FW', 'MF']",Bournemouth,26,1997,13,2,282,3.1,1,1,2,1,0,0,1,0,2.2,2.2,1.0,3.2,2023-2024
Jacob Brown,SCO,"['MF', 'FW']",Luton Town,25,1998,19,12,"1,019",11.3,2,0,2,2,0,0,4,0,2.8,2.8,0.7,3.4,2023-2024
Josh Brownhill,ENG,['MF'],Burnley,27,1995,33,23,"2,252",25.0,4,2,6,4,0,0,4,1,1.9,1.9,2.1,4.0,2023-2024
Jacob Bruun Larsen,DEN,"['MF', 'FW']",Burnley,24,1998,32,16,"1,249",13.9,6,0,6,5,1,1,1,0,5.0,4.2,1.5,5.7,2023-2024
Hugo Bueno,ESP,"['DF', 'MF']",Wolves,20,2002,22,7,741,8.2,0,0,0,0,0,0,1,0,0.3,0.3,0.8,1.0,2023-2024
Santiago Bueno,URU,['DF'],Wolves,24,1998,12,9,822,9.1,0,0,0,0,0,0,1,0,0.0,0.0,0.1,0.1,2023-2024
Facundo Buonanotte,ARG,"['FW', 'MF']",Brighton,18,2004,27,17,"1,364",15.2,3,1,4,3,0,0,7,0,2.4,2.4,1.8,4.2,2023-2024
Reece Burke,ENG,['DF'],Luton Town,26,1996,22,20,"1,660",18.4,0,4,4,0,0,0,5,0,1.3,1.3,1.4,2.7,2023-2024
Dan Burn,ENG,['DF'],Newcastle Utd,31,1992,33,32,"2,726",30.3,2,2,4,2,0,0,4,0,3.1,3.1,1.1,4.2,2023-2024
Mason Burstow,ENG,['FW'],Chelsea,19,2003,2,0,9,0.1,0,0,0,0,0,0,0,0,0.0,0.0,0.0,0.0,2023-2024
Moisés Caicedo,ECU,['MF'],Chelsea,21,2001,35,33,"2,866",31.8,1,3,4,1,0,0,11,0,0.4,0.4,2.6,3.0,2023-2024
Tom Cairney,SCO,['MF'],Fulham,32,1991,34,14,"1,488",16.5,1,4,5,1,0,0,3,0,1.1,1.1,2.3,3.4,2023-2024
Dominic Calvert-Lewin,ENG,['FW'],Everton,26,1997,32,26,"2,171",24.1,7,2,9,5,2,2,2,0,12.9,11.4,3.1,14.5,2023-2024
Thomas Cannon,IRL,['FW'],Everton,20,2002,1,0,1,0.0,0,0,0,0,0,0,0,0,0.0,0.0,0.0,0.0,2023-2024
Diego Carlos,BRA,['DF'],Aston Villa,30,1993,27,20,"1,816",20.2,0,0,0,0,0,0,4,0,1.9,1.9,0.1,2.0,2023-2024
Cesare Casadei,ITA,"['FW', 'MF']",Chelsea,20,2003,11,0,79,0.9,0,0,0,0,0,0,0,0,0.0,0.0,0.1,0.1,2023-2024
Casemiro,BRA,"['MF', 'DF']",Manchester Utd,31,1992,25,24,"1,982",22.0,1,2,3,1,0,0,7,0,3.5,3.5,1.0,4.5,2023-2024
Kaelan Casey,ENG,['DF'],West Ham,18,2004,1,0,1,0.0,0,0,0,0,0,0,0,0,0.0,0.0,0.0,0.0,2023-2024
Matty Cash,POL,['DF'],Aston Villa,25,1997,29,23,"2,142",23.8,2,2,4,2,0,0,8,0,4.2,4.2,2.3,6.5,2023-2024
Timothy Castagne,BEL,['DF'],Fulham,27,1995,34,29,"2,634",29.3,1,3,4,1,0,0,3,0,1.6,1.6,1.9,3.5,2023-2024
Jonny Castro,ESP,['MF'],Wolves,29,1994,1,0,5,0.1,0,0,0,0,0,0,0,0,0.0,0.0,0.0,0.0,2023-2024
Trevoh Chalobah,ENG,['DF'],Chelsea,24,1999,13,10,952,10.6,1,0,1,1,0,0,1,0,0.2,0.2,0.1,0.3,2023-2024
Calum Chambers,ENG,"['MF', 'DF']",Aston Villa,28,1995,5,1,152,1.7,0,1,1,0,0,0,1,0,0.0,0.0,0.1,0.1,2023-2024
Youssef Chermiti,POR,['FW'],Everton,19,2004,18,1,208,2.3,0,0,0,0,0,0,3,0,0.7,0.7,0.8,1.5,2023-2024
Ben Chilwell,ENG,['DF'],Chelsea,26,1996,13,9,756,8.4,0,1,1,0,0,0,5,0,1.2,1.2,2.2,3.4,2023-2024
Tawanda Chirewa,ZIM,"['MF', 'FW']",Wolves,19,2003,8,1,145,1.6,0,0,0,0,0,0,1,0,0.2,0.2,0.0,0.2,2023-2024
Leon Chiwome,ENG,['FW'],Wolves,17,2006,3,2,174,1.9,0,0,0,0,0,0,0,0,0.1,0.1,0.0,0.1,2023-2024
Tahith Chong,CUW,"['MF', 'FW']",Luton Town,23,1999,33,20,"1,982",22.0,4,0,4,4,0,0,4,0,2.7,2.7,0.5,3.2,2023-2024
Ryan Christie,SCO,['MF'],Bournemouth,28,1995,37,35,"2,907",32.3,0,5,5,0,0,0,6,0,2.3,2.3,5.4,7.7,2023-2024
Carney Chukwuemeka,ENG,"['MF', 'FW']",Chelsea,19,2003,9,2,227,2.5,1,1,2,1,0,0,2,0,0.2,0.2,0.3,0.5,2023-2024
Bobby Clark,ENG,['MF'],Liverpool,18,2005,5,1,89,1.0,0,0,0,0,0,0,0,0,0.1,0.1,0.0,0.1,2023-2024
Jordan Clark,ENG,['MF'],Luton Town,29,1993,23,14,"1,304",14.5,1,1,2,1,0,0,4,0,1.0,1.0,1.3,2.2,2023-2024
Nathaniel Clyne,ENG,['DF'],Crystal Palace,32,1991,19,14,"1,338",14.9,0,0,0,0,0,0,0,0,0.2,0.2,0.2,0.4,2023-2024
Séamus Coleman,IRL,['DF'],Everton,34,1988,12,7,665,7.4,0,0,0,0,0,0,0,0,0.0,0.0,1.0,1.0,2023-2024
Nathan Collins,IRL,['DF'],Brentford,22,2001,32,29,"2,652",29.5,1,1,2,1,0,0,3,0,1.7,1.7,2.2,3.9,2023-2024
Levi Colwill,ENG,['DF'],Chelsea,20,2003,23,20,"1,797",20.0,1,1,2,1,0,0,2,0,1.3,1.3,1.2,2.5,2023-2024
Lewis Cook,ENG,['MF'],Bournemouth,26,1997,33,32,"2,786",31.0,0,3,3,0,0,0,5,1,0.4,0.4,4.3,4.6,2023-2024
Jack Cork,ENG,['MF'],Burnley,34,1989,4,0,27,0.3,0,0,0,0,0,0,0,0,0.0,0.0,0.0,0.0,2023-2024
Maxwel Cornet,CIV,"['MF', 'FW']",West Ham,26,1996,7,1,112,1.2,1,0,1,1,0,0,0,0,0.4,0.4,0.2,0.6,2023-2024
Vladimír Coufal,CZE,['DF'],West Ham,30,1992,36,36,"3,132",34.8,0,7,7,0,0,0,7,1,0.3,0.3,4.0,4.3,2023-2024
Philippe Coutinho,BRA,"['MF', 'FW']",Aston Villa,31,1992,2,0,25,0.3,0,0,0,0,0,0,0,0,0.1,0.1,0.0,0.1,2023-2024
Aaron Cresswell,ENG,"['DF', 'FW']",West Ham,33,1989,11,4,436,4.8,0,0,0,0,0,0,1,0,0.0,0.0,0.4,0.4,2023-2024
Marc Cucurella,ESP,['DF'],Chelsea,25,1998,21,20,"1,782",19.8,0,2,2,0,0,0,10,0,1.1,1.1,1.1,2.2,2023-2024
Josh Cullen,IRL,['MF'],Burnley,27,1996,25,23,"2,057",22.9,2,3,5,2,0,0,9,0,0.6,0.6,1.8,2.4,2023-2024
Matheus Cunha,BRA,"['FW', 'MF']",Wolves,24,1999,32,29,"2,440",27.1,12,7,19,11,1,1,9,0,9.5,8.7,3.2,11.9,2023-2024
Sam Curtis,IRL,['DF'],Sheffield Utd,17,2005,1,0,28,0.3,0,0,0,0,0,0,0,0,0.0,0.0,0.0,0.0,2023-2024
Mahmoud Dahoud,GER,['MF'],Brighton,27,1996,9,6,452,5.0,0,1,1,0,0,0,1,1,0.2,0.2,0.9,1.1,2023-2024
Ameen Al-Dakhil,BEL,['DF'],Burnley,21,2002,13,12,"1,056",11.7,1,0,1,1,0,0,1,0,1.3,1.3,0.1,1.4,2023-2024
Diogo Dalot,POR,['DF'],Manchester Utd,24,1999,36,35,"3,174",35.3,2,3,5,2,0,0,6,1,1.7,1.7,2.9,4.6,2023-2024
Mikkel Damsgaard,DEN,['MF'],Brentford,23,2000,23,7,842,9.4,0,2,2,0,0,0,2,0,0.9,0.9,1.4,2.4,2023-2024
Danilo,BRA,['MF'],Nott'ham Forest,22,2001,29,20,"1,792",19.9,2,2,4,2,0,0,4,0,1.8,1.8,1.5,3.4,2023-2024
Arnaut Danjuma,NED,"['MF', 'FW']",Everton,26,1997,14,5,595,6.6,1,0,1,1,0,0,0,0,2.6,2.6,1.1,3.7,2023-2024
Jayden Danns,ENG,['FW'],Liverpool,17,2006,2,0,9,0.1,0,0,0,0,0,0,1,0,0.0,0.0,0.0,0.0,2023-2024
Josh Dasilva,ENG,"['DF', 'FW']",Brentford,24,1998,3,0,24,0.3,0,0,0,0,0,0,0,0,0.0,0.0,0.2,0.2,2023-2024
David Datro Fofana,CIV,['FW'],Burnley,20,2002,15,10,879,9.8,4,1,5,4,0,0,1,0,4.5,4.5,1.8,6.4,2023-2024
Ben Davies,WAL,['DF'],Tottenham,30,1993,17,12,"1,090",12.1,1,0,1,1,0,0,2,0,2.3,2.3,0.4,2.7,2023-2024
Tom Davies,ENG,['MF'],Sheffield Utd,25,1998,9,2,221,2.5,0,0,0,0,0,0,2,0,0.4,0.4,0.1,0.4,2023-2024
Craig Dawson,ENG,['DF'],Wolves,33,1990,25,25,"2,209",24.5,1,1,2,1,0,0,7,0,1.5,1.5,1.4,2.9,2023-2024
Kevin De Bruyne,BEL,['MF'],Manchester City,32,1991,18,15,"1,221",13.6,4,10,14,4,0,0,2,0,2.4,2.4,11.5,14.0,2023-2024
Bobby De Cordova-Reid,JAM,['FW'],Fulham,30,1993,33,17,"1,423",15.8,6,2,8,6,0,0,4,0,4.6,4.6,1.8,6.4,2023-2024
Hannes Delcroix,HAI,['DF'],Burnley,24,1999,12,5,589,6.5,0,0,0,0,0,0,2,0,0.4,0.4,0.2,0.6,2023-2024
Leander Dendoncker,BEL,['MF'],Aston Villa,28,1995,8,1,119,1.3,1,0,1,1,0,0,0,0,0.7,0.7,0.0,0.7,2023-2024
Moussa Diaby,FRA,"['FW', 'MF']",Aston Villa,24,1999,38,25,"2,174",24.2,6,8,14,6,0,0,1,0,7.0,7.0,6.6,13.6,2023-2024
Amad Diallo,CIV,"['FW', 'MF']",Manchester Utd,21,2002,9,3,390,4.3,1,1,2,1,0,0,1,0,0.5,0.5,1.1,1.6,2023-2024
Amadou Diallo,ENG,['MF'],Newcastle Utd,20,2003,1,0,1,0.0,0,0,0,0,0,0,0,0,0.0,0.0,0.0,0.0,2023-2024
Rúben Dias,POR,['DF'],Manchester City,26,1997,30,28,"2,559",28.4,0,0,0,0,0,0,0,0,1.4,1.4,0.3,1.7,2023-2024
Luis Díaz,COL,['FW'],Liverpool,26,1997,37,32,"2,629",29.2,8,5,13,8,0,0,3,0,11.9,11.9,5.7,17.5,2023-2024
Eric Dier,ENG,['DF'],Tottenham,29,1994,4,1,201,2.2,0,0,0,0,0,0,0,0,0.0,0.0,0.0,0.0,2023-2024
Lucas Digne,FRA,['DF'],Aston Villa,30,1993,33,27,"2,410",26.8,1,3,4,1,0,0,7,0,1.1,1.1,4.1,5.2,2023-2024
Issa Diop,FRA,['DF'],Fulham,26,1997,18,16,"1,424",15.8,0,0,0,0,0,0,4,1,0.3,0.3,0.0,0.3,2023-2024
Axel Disasi,FRA,['DF'],Chelsea,25,1998,31,29,"2,579",28.7,2,0,2,2,0,0,6,0,2.4,2.4,0.3,2.7,2023-2024
Lewis Dobbin,ENG,['MF'],Everton,20,2003,12,1,232,2.6,1,0,1,1,0,0,1,0,0.3,0.3,0.5,0.8,2023-2024
Matt Doherty,IRL,"['DF', 'MF']",Wolves,31,1992,30,9,"1,150",12.8,1,0,1,1,0,0,2,0,0.8,0.8,1.3,2.2,2023-2024
Jeremy Doku,BEL,"['FW', 'MF']",Manchester City,21,2002,29,18,"1,595",17.7,3,8,11,3,0,0,3,0,2.5,2.5,4.6,7.1,2023-2024
Nicolás Domínguez,ARG,"['MF', 'FW']",Nott'ham Forest,25,1998,26,19,"1,495",16.6,2,2,4,2,0,0,4,0,1.3,1.3,1.0,2.3,2023-2024
Jamie Donley,NIR,['FW'],Tottenham,18,2005,3,0,3,0.0,0,0,0,0,0,0,1,0,0.0,0.0,0.0,0.0,2023-2024
Abdoulaye Doucouré,MLI,"['FW', 'MF']",Everton,30,1993,32,32,"2,629",29.2,7,1,8,7,0,0,7,0,8.8,8.8,2.9,11.6,2023-2024
Cheick Doucouré,MLI,['MF'],Crystal Palace,23,2000,11,11,919,10.2,0,0,0,0,0,0,2,0,0.3,0.3,0.7,1.0,2023-2024
Alfie Doughty,ENG,['DF'],Luton Town,23,1999,37,34,"2,925",32.5,2,8,10,2,0,0,5,0,1.3,1.3,6.3,7.6,2023-2024
Tommy Doyle,ENG,['MF'],Wolves,21,2001,26,11,"1,222",13.6,0,0,0,0,0,0,2,0,0.4,0.4,0.4,0.9,2023-2024
Radu Drăgușin,ROU,['DF'],Tottenham,21,2002,9,4,429,4.8,0,0,0,0,0,0,1,0,0.1,0.1,0.0,0.1,2023-2024
Martin Dúbravka,SVK,['GK'],Newcastle Utd,34,1989,23,22,"1,985",22.1,0,0,0,0,0,0,1,0,0.0,0.0,0.1,0.1,2023-2024
Paul Dummett,WAL,['DF'],Newcastle Utd,31,1991,5,0,20,0.2,0,0,0,0,0,0,0,0,0.0,0.0,0.0,0.0,2023-2024
Lewis Dunk,ENG,['DF'],Brighton,31,1991,33,33,"2,869",31.9,3,1,4,3,0,0,7,1,3.1,3.1,0.9,4.0,2023-2024
Jáder Durán,COL,"['FW', 'MF']",Aston Villa,19,2003,23,3,475,5.3,5,0,5,5,0,0,5,0,2.0,2.0,0.3,2.3,2023-2024
George Earthy,ENG,['FW'],West Ham,18,2004,3,0,34,0.4,1,0,1,1,0,0,0,0,0.3,0.3,0.0,0.3,2023-2024
Ederson,BRA,['GK'],Manchester City,29,1993,33,33,"2,785",30.9,0,0,0,0,0,0,5,0,0.0,0.0,0.1,0.1,2023-2024
Odsonne Édouard,FRA,"['FW', 'MF']",Crystal Palace,25,1998,30,17,"1,555",17.3,7,0,7,7,0,0,4,0,6.2,6.2,1.2,7.4,2023-2024
John Egan,IRL,['DF'],Sheffield Utd,30,1992,6,6,482,5.4,0,0,0,0,0,0,2,0,0.2,0.2,0.0,0.2,2023-2024
Hjalmar Ekdal,SWE,['DF'],Burnley,24,1998,8,5,437,4.9,0,0,0,0,0,0,2,0,0.1,0.1,0.1,0.1,2023-2024
Anthony Elanga,SWE,"['FW', 'MF']",Nott'ham Forest,21,2002,36,25,"2,433",27.0,5,9,14,5,0,0,1,0,6.6,6.6,6.7,13.3,2023-2024
Harvey Elliott,ENG,"['MF', 'FW']",Liverpool,20,2003,34,11,"1,352",15.0,3,6,9,3,0,0,2,0,2.7,2.7,3.5,6.2,2023-2024
Mohamed Elneny,EGY,['MF'],Arsenal,31,1992,3,0,28,0.3,0,0,0,0,0,0,0,0,0.1,0.1,0.0,0.1,2023-2024
Emerson,BRA,['DF'],Tottenham,24,1999,22,11,"1,161",12.9,1,0,1,1,0,0,4,0,0.2,0.2,0.4,0.6,2023-2024
Julio Enciso,PAR,"['MF', 'FW']",Brighton,19,2004,12,5,475,5.3,0,2,2,0,0,0,2,0,1.4,1.4,1.7,3.2,2023-2024
Wataru Endo,JPN,['MF'],Liverpool,30,1993,29,20,"1,722",19.1,1,0,1,1,0,0,10,0,0.5,0.5,1.7,2.3,2023-2024
Christian Eriksen,DEN,['MF'],Manchester Utd,31,1992,22,12,"1,141",12.7,1,2,3,1,0,0,1,0,1.0,1.0,2.3,3.3,2023-2024
Maxime Estève,FRA,['DF'],Burnley,21,2002,16,15,"1,309",14.5,0,0,0,0,0,0,6,0,0.3,0.3,0.0,0.3,2023-2024
Pervis Estupiñán,ECU,['DF'],Brighton,25,1998,19,15,"1,243",13.8,2,3,5,2,0,0,4,0,1.0,1.0,3.5,4.4,2023-2024
Jonny Evans,NIR,['DF'],Manchester Utd,35,1988,23,15,"1,392",15.5,0,1,1,0,0,0,2,0,0.1,0.1,1.2,1.2,2023-2024
Eberechi Eze,ENG,"['MF', 'FW']",Crystal Palace,25,1998,27,24,"2,055",22.8,11,4,15,10,1,1,3,0,9.1,8.3,5.2,13.5,2023-2024
Łukasz Fabiański,POL,['GK'],West Ham,38,1985,10,7,721,8.0,0,0,0,0,0,0,0,0,0.0,0.0,0.0,0.0,2023-2024
Romain Faivre,FRA,"['MF', 'FW']",Bournemouth,25,1998,5,0,41,0.5,0,0,0,0,0,0,1,0,0.2,0.2,0.0,0.2,2023-2024
Ansu Fati,ESP,"['MF', 'FW']",Brighton,20,2002,19,3,521,5.8,2,0,2,2,0,0,2,0,3.4,3.4,0.8,4.2,2023-2024
Felipe,BRA,['DF'],Nott'ham Forest,34,1989,7,4,375,4.2,0,0,0,0,0,0,4,0,0.1,0.1,0.1,0.2,2023-2024
Evan Ferguson,IRL,['FW'],Brighton,18,2004,27,15,"1,367",15.2,6,0,6,6,0,0,1,0,4.6,4.6,0.5,5.1,2023-2024
Bruno Fernandes,POR,"['MF', 'FW']",Manchester Utd,28,1994,35,35,"3,118",34.6,10,8,18,6,4,5,9,0,10.0,6.1,11.8,17.8,2023-2024
Enzo Fernández,ARG,['MF'],Chelsea,22,2001,28,26,"2,209",24.5,3,2,5,2,1,2,7,0,6.2,4.6,3.4,8.0,2023-2024
John Fleck,SCO,"['MF', 'DF']",Sheffield Utd,31,1991,4,1,92,1.0,0,0,0,0,0,0,1,0,0.0,0.0,0.4,0.4,2023-2024
Mark Flekken,NED,['GK'],Brentford,30,1993,37,37,"3,285",36.5,0,1,1,0,0,0,3,0,0.0,0.0,0.5,0.5,2023-2024
Phil Foden,ENG,"['FW', 'MF']",Manchester City,23,2000,35,33,"2,857",31.7,19,8,27,19,0,0,2,0,10.3,10.3,8.4,18.7,2023-2024
Wes Foderingham,ENG,['GK'],Sheffield Utd,32,1991,30,29,"2,649",29.4,0,0,0,0,0,0,2,0,0.0,0.0,0.1,0.1,2023-2024
Pablo Fornals,ESP,"['MF', 'FW']",West Ham,27,1996,15,4,426,4.7,0,0,0,0,0,0,0,0,0.3,0.3,0.3,0.6,2023-2024
Omari Forson,ENG,['FW'],Manchester Utd,19,2004,4,1,70,0.8,0,1,1,0,0,0,0,0,0.0,0.0,0.2,0.2,2023-2024
Lyle Foster,RSA,"['FW', 'MF']",Burnley,22,2000,24,22,"1,899",21.1,5,3,8,5,0,0,0,1,4.5,4.5,1.9,6.4,2023-2024
Matheus França,BRA,"['MF', 'FW']",Crystal Palace,19,2004,10,1,232,2.6,0,1,1,0,0,0,1,0,0.4,0.4,0.9,1.2,2023-2024
Nathan Fraser,IRL,['FW'],Wolves,18,2005,7,1,186,2.1,0,0,0,0,0,0,1,0,0.3,0.3,0.1,0.4,2023-2024
Cody Gakpo,NED,"['FW', 'MF']",Liverpool,24,1999,35,17,"1,649",18.3,8,5,13,8,0,0,1,0,9.0,9.0,2.9,11.8,2023-2024
Conor Gallagher,ENG,['MF'],Chelsea,23,2000,37,37,"3,128",34.8,5,7,12,5,0,0,9,1,4.2,4.2,5.0,9.2,2023-2024
Idrissa Gana Gueye,SEN,['MF'],Everton,33,1989,25,24,"1,884",20.9,4,0,4,4,0,0,8,0,1.3,1.3,1.1,2.4,2023-2024
Ben Gannon-Doak,SCO,['FW'],Liverpool,17,2005,1,0,14,0.2,0,0,0,0,0,0,0,0,0.0,0.0,0.0,0.0,2023-2024
Alejandro Garnacho,ARG,['FW'],Manchester Utd,19,2004,36,30,"2,565",28.5,7,4,11,7,0,0,4,0,8.4,8.3,5.1,13.4,2023-2024
James Garner,ENG,['MF'],Everton,22,2001,37,34,"3,004",33.4,1,2,3,1,0,0,7,0,2.7,2.7,4.6,7.3,2023-2024
Saman Ghoddos,IRN,['DF'],Brentford,29,1993,19,7,739,8.2,1,0,1,1,0,0,5,0,0.3,0.3,1.1,1.4,2023-2024
Morgan Gibbs-White,ENG,"['MF', 'FW']",Nott'ham Forest,23,2000,37,35,"3,156",35.1,5,10,15,4,1,1,9,0,6.9,6.1,8.4,14.5,2023-2024
Bryan Gil,ESP,"['FW', 'MF']",Tottenham,22,2001,11,2,209,2.3,0,0,0,0,0,0,0,0,0.8,0.8,0.2,1.0,2023-2024
Alfie Gilchrist,ENG,['DF'],Chelsea,19,2003,11,2,207,2.3,1,0,1,1,0,0,1,0,0.3,0.3,0.0,0.3,2023-2024
Ryan Giles,ENG,"['DF', 'MF']",Luton Town,23,2000,11,5,503,5.6,0,0,0,0,0,0,0,0,0.1,0.1,0.2,0.3,2023-2024
Billy Gilmour,SCO,['MF'],Brighton,22,2001,30,24,"2,120",23.6,0,1,1,0,0,0,8,1,1.0,1.0,2.0,3.0,2023-2024
Ben Godfrey,ENG,['DF'],Everton,25,1998,15,13,"1,120",12.4,0,0,0,0,0,0,2,0,1.7,1.7,0.3,2.0,2023-2024
André Gomes,POR,"['MF', 'FW']",Everton,30,1993,12,3,508,5.6,1,0,1,1,0,0,4,0,0.3,0.3,0.4,0.7,2023-2024
João Gomes,BRA,['MF'],Wolves,22,2001,34,32,"2,649",29.4,2,1,3,2,0,0,11,0,1.7,1.7,1.1,2.8,2023-2024
Toti Gomes,POR,['DF'],Wolves,24,1999,35,31,"2,772",30.8,1,3,4,1,0,0,7,0,1.6,1.6,1.2,2.8,2023-2024
Joe Gomez,ENG,['DF'],Liverpool,26,1997,32,17,"1,786",19.8,0,1,1,0,0,0,5,0,0.8,0.8,1.3,2.1,2023-2024
Sergio Gómez,ESP,"['FW', 'MF']",Manchester City,22,2000,6,0,53,0.6,0,1,1,0,0,0,0,0,0.2,0.2,0.2,0.4,2023-2024
Enso Gonzalez,PAR,"['MF', 'DF']",Wolves,18,2005,1,0,1,0.0,0,0,0,0,0,0,0,0,0.0,0.0,0.0,0.0,2023-2024
Anthony Gordon,ENG,['FW'],Newcastle Utd,22,2001,35,34,"2,890",32.1,11,10,21,10,1,1,12,1,10.2,9.4,8.0,17.4,2023-2024
Kaide Gordon,ENG,['FW'],Liverpool,18,2004,1,0,1,0.0,0,0,0,0,0,0,0,0,0.0,0.0,0.0,0.0,2023-2024
Daniel Gore,ENG,['MF'],Manchester Utd,18,2004,1,0,1,0.0,0,0,0,0,0,0,0,0,0.0,0.0,0.0,0.0,2023-2024
Ryan Gravenberch,NED,['MF'],Liverpool,21,2002,26,12,"1,121",12.5,1,0,1,1,0,0,0,0,2.0,2.0,0.9,2.9,2023-2024
Ivo Grbić,CRO,['GK'],Sheffield Utd,27,1996,9,9,771,8.6,0,0,0,0,0,0,1,0,0.0,0.0,0.0,0.0,2023-2024
Jack Grealish,ENG,"['FW', 'MF']",Manchester City,27,1995,20,10,"1,009",11.2,3,1,4,3,0,0,6,0,2.1,2.1,2.5,4.6,2023-2024
Pascal Groß,GER,"['MF', 'DF']",Brighton,32,1991,36,34,"3,114",34.6,4,10,14,3,1,1,6,0,6.5,5.7,8.1,13.8,2023-2024
Marc Guéhi,ENG,['DF'],Crystal Palace,23,2000,25,23,"2,021",22.5,0,1,1,0,0,0,2,0,0.6,0.6,0.6,1.2,2023-2024
Bruno Guimarães,BRA,['MF'],Newcastle Utd,25,1997,37,37,"3,263",36.3,7,8,15,7,0,0,9,0,4.8,4.8,6.4,11.2,2023-2024
Malo Gusto,FRA,['DF'],Chelsea,20,2003,27,19,"1,751",19.5,0,6,6,0,0,0,7,1,0.9,0.9,4.3,5.2,2023-2024
Joško Gvardiol,CRO,['DF'],Manchester City,21,2002,28,26,"2,328",25.9,4,1,5,4,0,0,3,0,3.1,3.1,1.4,4.5,2023-2024
Erling Haaland,NOR,['FW'],Manchester City,23,2000,31,29,"2,552",28.4,27,5,32,20,7,8,1,0,29.2,22.9,4.3,27.2,2023-2024
Antwoine Hackford,ENG,['FW'],Sheffield Utd,19,2004,2,0,13,0.1,0,0,0,0,0,0,0,0,0.0,0.0,0.0,0.0,2023-2024
Lewis Hall,ENG,['DF'],Newcastle Utd,18,2004,18,8,781,8.7,1,0,1,1,0,0,2,0,0.3,0.3,0.3,0.6,2023-2024
Gustavo Hamer,NED,['MF'],Sheffield Utd,26,1997,36,34,"2,910",32.3,4,6,10,4,0,0,9,0,3.0,3.0,6.1,9.1,2023-2024
Luke Harris,WAL,['MF'],Fulham,18,2005,1,0,75,0.8,0,0,0,0,0,0,0,0,0.3,0.3,0.0,0.3,2023-2024
Jack Harrison,ENG,"['MF', 'FW']",Everton,26,1996,29,25,"2,214",24.6,3,3,6,3,0,0,1,0,3.6,3.6,3.4,7.0,2023-2024
Daiki Hashioka,JPN,['DF'],Luton Town,24,1999,10,6,595,6.6,0,0,0,0,0,0,0,0,0.1,0.1,0.7,0.8,2023-2024
Kai Havertz,GER,"['MF', 'FW']",Arsenal,24,1999,37,30,"2,634",29.3,13,7,20,12,1,1,11,0,12.3,11.6,4.4,15.9,2023-2024
Jan Paul van Hecke,NED,['DF'],Brighton,23,2000,28,26,"2,369",26.3,0,0,0,0,0,0,4,0,1.2,1.2,0.9,2.1,2023-2024
Hwang Hee-chan,KOR,"['FW', 'MF']",Wolves,27,1996,29,25,"2,119",23.5,12,3,15,11,1,1,6,0,7.7,6.9,3.0,9.9,2023-2024
Dean Henderson,ENG,['GK'],Crystal Palace,26,1997,18,18,"1,620",18.0,0,0,0,0,0,0,2,0,0.0,0.0,0.0,0.0,2023-2024
Rico Henry,ENG,['DF'],Brentford,26,1997,5,5,401,4.5,0,1,1,0,0,0,1,0,0.1,0.1,1.0,1.1,2023-2024
Son Heung-min,KOR,['FW'],Tottenham,31,1992,35,34,"2,934",32.6,17,10,27,15,2,2,1,0,12.0,10.4,11.8,22.2,2023-2024
Aaron Hickey,SCO,['DF'],Brentford,21,2002,9,9,713,7.9,0,0,0,0,0,0,5,0,0.2,0.2,0.1,0.3,2023-2024
James Hill,ENG,['DF'],Bournemouth,21,2002,5,1,76,0.8,0,0,0,0,0,0,0,0,0.0,0.0,0.0,0.0,2023-2024
Jack Hinshelwood,ENG,['DF'],Brighton,18,2005,12,8,869,9.7,3,0,3,3,0,0,1,0,1.9,1.9,0.7,2.5,2023-2024
Mason Holgate,JAM,['DF'],Sheffield Utd,26,1996,10,9,710,7.9,0,0,0,0,0,0,3,1,0.6,0.6,0.4,1.1,2023-2024
Callum Hudson-Odoi,ENG,"['FW', 'MF']",Nott'ham Forest,22,2000,29,20,"1,854",20.6,8,1,9,8,0,0,0,0,2.7,2.7,2.8,5.5,2023-2024
Will Hughes,ENG,['MF'],Crystal Palace,28,1995,30,23,"1,891",21.0,0,1,1,0,0,0,6,0,0.3,0.3,1.1,1.5,2023-2024
Pierre Højbjerg,DEN,['MF'],Tottenham,27,1995,36,8,"1,311",14.6,0,0,0,0,0,0,4,0,0.7,0.7,1.2,1.9,2023-2024
Rasmus Højlund,DEN,['FW'],Manchester Utd,20,2003,30,25,"2,158",24.0,10,2,12,10,0,0,2,0,7.6,7.6,1.6,9.2,2023-2024
Igor,BRA,['DF'],Brighton,25,1998,24,17,"1,637",18.2,0,0,0,0,0,0,4,0,0.3,0.3,0.7,1.0,2023-2024
Danny Ings,ENG,['FW'],West Ham,31,1992,20,3,404,4.5,1,0,1,1,0,0,1,0,1.3,1.3,0.3,1.5,2023-2024
Tim Iroegbunam,ENG,['MF'],Aston Villa,20,2003,9,1,164,1.8,0,0,0,0,0,0,0,0,0.0,0.0,0.0,0.0,2023-2024
Alexander Isak,SWE,['FW'],Newcastle Utd,23,1999,30,27,"2,255",25.1,21,2,23,16,5,6,1,0,20.3,15.6,3.7,19.3,2023-2024
Alex Iwobi,NGA,['MF'],Everton,27,1996,2,2,140,1.6,0,0,0,0,0,0,0,0,0.3,0.3,0.2,0.5,2023-2024
Alex Iwobi,NGA,"['FW', 'MF']",Fulham,27,1996,30,25,"2,192",24.4,5,2,7,5,0,0,2,0,5.3,5.3,4.7,10.0,2023-2024
Nicolas Jackson,SEN,['FW'],Chelsea,22,2001,35,31,"2,799",31.1,14,5,19,14,0,0,10,0,18.6,18.6,4.3,22.9,2023-2024
Reece James,ENG,['DF'],Chelsea,23,1999,10,5,419,4.7,0,2,2,0,0,0,2,2,0.3,0.3,1.7,2.1,2023-2024
Vitaly Janelt,GER,"['MF', 'DF']",Brentford,25,1998,38,37,"3,054",33.9,1,3,4,1,0,0,8,0,1.8,1.8,4.8,6.5,2023-2024
Daniel Jebbison,CAN,['FW'],Sheffield Utd,19,2003,1,0,21,0.2,0,0,0,0,0,0,0,0,0.0,0.0,0.0,0.0,2023-2024
Mathias Jensen,DEN,['MF'],Brentford,27,1996,32,27,"2,204",24.5,3,3,6,3,0,0,5,0,0.7,0.7,4.0,4.7,2023-2024
Gabriel Jesus,BRA,['FW'],Arsenal,26,1997,27,17,"1,478",16.4,4,5,9,4,0,0,6,0,6.3,6.3,3.8,10.1,2023-2024
Raúl Jiménez,MEX,['FW'],Fulham,32,1991,24,18,"1,395",15.5,7,0,7,7,0,0,3,1,5.2,5.2,1.5,6.6,2023-2024
João Pedro,BRA,"['FW', 'MF']",Brighton,21,2001,31,19,"2,045",22.7,9,3,12,5,4,5,2,0,11.9,7.9,3.8,11.7,2023-2024
Joelinton,BRA,"['MF', 'FW']",Newcastle Utd,26,1996,20,15,"1,279",14.2,2,1,3,2,0,0,6,0,3.1,3.1,2.8,5.9,2023-2024
Ben Johnson,ENG,"['DF', 'FW']",West Ham,23,2000,14,4,544,6.0,0,0,0,0,0,0,1,0,0.2,0.2,0.0,0.2,2023-2024
Brennan Johnson,WAL,['FW'],Tottenham,22,2001,32,23,"2,085",23.2,5,10,15,5,0,0,3,0,10.3,10.3,8.1,18.3,2023-2024
Brennan Johnson,WAL,"['FW', 'MF']",Nott'ham Forest,22,2001,3,3,237,2.6,0,0,0,0,0,0,0,0,0.3,0.3,0.2,0.5,2023-2024
Joseph Johnson,ENG,['DF'],Luton Town,17,2006,2,0,77,0.9,0,0,0,0,0,0,1,0,0.0,0.0,0.0,0.0,2023-2024
Sam Johnstone,ENG,['GK'],Crystal Palace,30,1993,20,20,"1,796",20.0,0,0,0,0,0,0,1,0,0.0,0.0,0.0,0.0,2023-2024
Curtis Jones,ENG,['MF'],Liverpool,22,2001,23,14,"1,167",13.0,1,1,2,1,0,0,3,1,2.6,2.6,0.7,3.3,2023-2024
Jorginho,ITA,['MF'],Arsenal,31,1991,24,10,921,10.2,0,2,2,0,0,0,1,0,0.1,0.1,1.4,1.5,2023-2024
Diogo Jota,POR,['FW'],Liverpool,26,1996,21,14,"1,145",12.7,10,3,13,10,0,0,3,1,5.3,5.3,3.3,8.6,2023-2024
Mads Juel Andersen,DEN,['DF'],Luton Town,25,1997,8,4,400,4.4,1,0,1,1,0,0,1,0,0.3,0.3,0.0,0.3,2023-2024
Hamed Junior Traorè,CIV,['MF'],Bournemouth,23,2000,3,0,47,0.5,0,0,0,0,0,0,0,0,0.2,0.2,0.0,0.2,2023-2024
Mathias Jørgensen,DEN,['DF'],Brentford,33,1990,14,12,"1,087",12.1,1,0,1,1,0,0,4,0,0.7,0.7,0.9,1.7,2023-2024
Issa Kaboré,BFA,['DF'],Luton Town,22,2001,24,21,"1,729",19.2,0,2,2,0,0,0,7,0,0.2,0.2,2.1,2.3,2023-2024
Sasa Kalajdzic,AUT,['FW'],Wolves,26,1997,11,1,166,1.8,2,0,2,2,0,0,0,0,1.1,1.1,1.0,2.0,2023-2024
Boubacar Kamara,FRA,['MF'],Aston Villa,23,1999,20,20,"1,652",18.4,0,1,1,0,0,0,7,1,0.1,0.1,1.3,1.4,2023-2024
Willy Kambwala,FRA,['DF'],Manchester Utd,18,2004,8,3,330,3.7,0,0,0,0,0,0,1,0,0.0,0.0,0.0,0.0,2023-2024
Thomas Kaminski,BEL,['GK'],Luton Town,30,1992,38,38,"3,405",37.8,0,0,0,0,0,0,3,0,0.0,0.0,0.0,0.0,2023-2024
Loris Karius,GER,['GK'],Newcastle Utd,30,1993,1,1,90,1.0,0,0,0,0,0,0,0,0,0.0,0.0,0.0,0.0,2023-2024
Michael Keane,ENG,['DF'],Everton,30,1993,9,4,439,4.9,1,0,1,1,0,0,2,0,0.7,0.7,0.0,0.7,2023-2024
Thilo Kehrer,GER,"['DF', 'MF']",West Ham,26,1996,4,0,22,0.2,0,0,0,0,0,0,2,0,0.0,0.0,0.0,0.0,2023-2024
Caoimhín Kelleher,IRL,['GK'],Liverpool,24,1998,10,10,900,10.0,0,0,0,0,0,0,0,0,0.0,0.0,0.0,0.0,2023-2024
Lloyd Kelly,ENG,['DF'],Bournemouth,24,1998,23,17,"1,559",17.3,0,1,1,0,0,0,2,0,0.3,0.3,1.2,1.6,2023-2024
Omari Kellyman,ENG,['FW'],Aston Villa,17,2005,2,0,37,0.4,0,0,0,0,0,0,0,0,0.1,0.1,0.0,0.1,2023-2024
Milos Kerkez,HUN,['DF'],Bournemouth,19,2003,28,22,"1,970",21.9,0,1,1,0,0,0,4,1,1.2,1.2,0.8,2.0,2023-2024
Kaine Kesler-Hayden,ENG,"['MF', 'DF']",Aston Villa,20,2002,3,0,6,0.1,0,0,0,0,0,0,0,0,0.0,0.0,0.0,0.0,2023-2024
Max Kilman,ENG,['DF'],Wolves,26,1997,38,38,"3,420",38.0,2,0,2,2,0,0,7,0,1.8,1.8,1.4,3.2,2023-2024
Jakub Kiwior,POL,['DF'],Arsenal,23,2000,20,11,946,10.5,1,3,4,1,0,0,1,0,0.8,0.8,0.9,1.7,2023-2024
Justin Kluivert,NED,"['MF', 'FW']",Bournemouth,24,1999,32,26,"1,916",21.3,7,1,8,7,0,0,5,0,6.2,6.2,1.9,8.1,2023-2024
Luca Koleosho,ITA,"['MF', 'FW']",Burnley,18,2004,15,13,974,10.8,1,1,2,1,0,0,0,0,2.0,2.0,1.3,3.3,2023-2024
Ibrahima Konaté,FRA,['DF'],Liverpool,24,1999,22,17,"1,574",17.5,0,0,0,0,0,0,5,1,0.7,0.7,0.4,1.1,2023-2024
Ezri Konsa,ENG,['DF'],Aston Villa,25,1997,35,35,"3,069",34.1,1,0,1,1,0,0,5,0,2.5,2.5,0.5,3.0,2023-2024
Cheikhou Kouyaté,SEN,['MF'],Nott'ham Forest,33,1989,12,2,212,2.4,0,0,0,0,0,0,2,0,0.3,0.3,0.0,0.3,2023-2024
Mateo Kovačić,CRO,['MF'],Manchester City,29,1994,30,16,"1,551",17.2,1,0,1,1,0,0,4,0,1.3,1.3,1.6,2.9,2023-2024
Emil Krafth,SWE,['DF'],Newcastle Utd,28,1994,17,8,913,10.1,0,0,0,0,0,0,2,0,0.2,0.2,1.0,1.2,2023-2024
Mohammed Kudus,GHA,"['FW', 'MF']",West Ham,22,2000,33,27,"2,484",27.6,8,6,14,8,0,0,6,0,5.1,5.1,3.5,8.6,2023-2024
Dejan Kulusevski,SWE,"['FW', 'MF']",Tottenham,23,2000,36,31,"2,762",30.7,8,3,11,8,0,0,7,0,4.7,4.7,7.7,12.4,2023-2024
Adam Lallana,ENG,"['MF', 'FW']",Brighton,35,1988,25,13,850,9.4,0,1,1,0,0,0,2,0,0.8,0.8,1.7,2.5,2023-2024
Tariq Lamptey,GHA,"['DF', 'FW']",Brighton,22,2000,19,10,914,10.2,0,3,3,0,0,0,3,0,0.4,0.4,1.2,1.7,2023-2024
Aymeric Laporte,ESP,['DF'],Manchester City,29,1994,1,0,12,0.1,0,0,0,0,0,0,0,0,0.0,0.0,0.0,0.0,2023-2024
Yasser Larouci,ALG,['DF'],Sheffield Utd,22,2001,11,6,531,5.9,0,0,0,0,0,0,1,0,0.2,0.2,0.3,0.5,2023-2024
Jamaal Lascelles,ENG,['DF'],Newcastle Utd,29,1993,16,13,"1,080",12.0,1,0,1,1,0,0,4,0,0.7,0.7,0.1,0.8,2023-2024
Roméo Lavia,BEL,['MF'],Chelsea,19,2004,1,0,33,0.4,0,0,0,0,0,0,0,0,0.0,0.0,0.0,0.0,2023-2024
Mario Lemina,GAB,['MF'],Wolves,29,1993,35,34,"2,968",33.0,4,1,5,4,0,0,12,1,4.6,4.6,1.5,6.2,2023-2024
Clément Lenglet,FRA,['DF'],Aston Villa,28,1995,14,14,"1,153",12.8,0,1,1,0,0,0,3,0,0.9,0.9,0.8,1.6,2023-2024
Bernd Leno,GER,['GK'],Fulham,31,1992,38,38,"3,420",38.0,0,0,0,0,0,0,3,0,0.0,0.0,0.0,0.0,2023-2024
Jefferson Lerma,COL,"['MF', 'DF']",Crystal Palace,28,1994,28,27,"2,400",26.7,1,1,2,1,0,0,8,0,2.7,2.7,2.2,4.8,2023-2024
Rico Lewis,ENG,"['DF', 'MF']",Manchester City,18,2004,16,8,809,9.0,2,0,2,2,0,0,1,0,0.6,0.6,1.1,1.8,2023-2024
Keane Lewis-Potter,ENG,"['FW', 'DF']",Brentford,22,2001,30,15,"1,441",16.0,3,1,4,3,0,0,0,0,6.3,6.3,1.7,8.0,2023-2024
Victor Lindelöf,SWE,['DF'],Manchester Utd,29,1994,19,14,"1,328",14.8,1,1,2,1,0,0,2,0,0.8,0.8,0.3,1.1,2023-2024
Valentino Livramento,ENG,['DF'],Newcastle Utd,20,2002,26,12,"1,314",14.6,1,0,1,1,0,0,1,0,0.4,0.4,0.8,1.2,2023-2024
Giovani Lo Celso,ARG,['MF'],Tottenham,27,1996,22,4,506,5.6,2,2,4,2,0,0,2,0,0.6,0.6,1.9,2.5,2023-2024
Tom Lockyer,WAL,['DF'],Luton Town,28,1994,14,14,"1,169",13.0,1,1,2,1,0,0,4,0,1.1,1.1,0.6,1.7,2023-2024
Sean Longstaff,ENG,['MF'],Newcastle Utd,25,1997,35,30,"2,747",30.5,6,2,8,6,0,0,7,0,6.6,6.6,2.3,8.8,2023-2024
Max Lowe,ENG,"['DF', 'MF']",Sheffield Utd,26,1997,10,4,503,5.6,0,0,0,0,0,0,1,0,0.6,0.6,0.7,1.3,2023-2024
Douglas Luiz,BRA,['MF'],Aston Villa,25,1998,35,35,"2,993",33.3,9,5,14,5,4,4,12,0,6.9,3.8,5.4,9.2,2023-2024
Saša Lukić,SRB,['MF'],Fulham,26,1996,24,13,"1,122",12.5,1,0,1,1,0,0,3,0,1.6,1.6,0.8,2.4,2023-2024
Ian Maatsen,NED,"['FW', 'MF']",Chelsea,21,2002,12,1,209,2.3,0,0,0,0,0,0,1,0,0.8,0.8,0.1,0.9,2023-2024
Alexis Mac Allister,ARG,['MF'],Liverpool,24,1998,33,31,"2,599",28.9,5,5,10,4,1,1,7,1,3.7,2.9,3.6,6.4,2023-2024
James Maddison,ENG,['MF'],Tottenham,26,1996,28,26,"2,135",23.7,4,9,13,4,0,0,5,0,6.4,6.4,5.9,12.4,2023-2024
Noni Madueke,ENG,['FW'],Chelsea,21,2002,23,13,"1,053",11.7,5,2,7,4,1,1,2,0,2.5,1.7,2.6,4.3,2023-2024
Gabriel Magalhães,BRA,['DF'],Arsenal,25,1997,36,34,"3,044",33.8,4,0,4,4,0,0,4,0,4.3,4.3,0.7,5.0,2023-2024
Harry Maguire,ENG,['DF'],Manchester Utd,30,1993,22,18,"1,653",18.4,2,2,4,2,0,0,4,0,2.0,2.0,1.2,3.3,2023-2024
Kobbie Mainoo,ENG,['MF'],Manchester Utd,18,2005,24,24,"1,924",21.4,3,1,4,3,0,0,3,0,0.9,0.9,0.7,1.6,2023-2024
Orel Mangala,BEL,['MF'],Nott'ham Forest,25,1998,20,19,"1,563",17.4,1,0,1,1,0,0,6,0,0.8,0.8,0.2,1.1,2023-2024
Benson Manuel,ANG,"['MF', 'FW']",Burnley,26,1997,8,1,116,1.3,0,0,0,0,0,0,0,0,0.1,0.1,0.0,0.1,2023-2024
Solly March,ENG,"['FW', 'DF']",Brighton,29,1994,7,7,554,6.2,3,1,4,3,0,0,1,0,2.0,2.0,1.0,2.9,2023-2024
Anthony Martial,FRA,['FW'],Manchester Utd,27,1995,13,5,448,5.0,1,0,1,1,0,0,0,0,1.2,1.2,0.2,1.5,2023-2024
Gabriel Martinelli,BRA,['FW'],Arsenal,22,2001,35,24,"2,019",22.4,6,4,10,6,0,0,1,0,6.8,6.8,6.1,12.9,2023-2024
Emiliano Martínez,ARG,['GK'],Aston Villa,30,1992,34,34,"3,015",33.5,0,0,0,0,0,0,4,0,0.0,0.0,0.0,0.0,2023-2024
Lisandro Martínez,ARG,['DF'],Manchester Utd,25,1998,11,8,646,7.2,0,1,1,0,0,0,3,0,0.0,0.0,0.1,0.1,2023-2024
Han-Noah Massengo,FRA,"['MF', 'DF']",Burnley,22,2001,3,0,16,0.2,0,0,0,0,0,0,0,0,0.0,0.0,0.0,0.0,2023-2024
Pape Matar Sarr,SEN,['MF'],Tottenham,20,2002,34,27,"2,069",23.0,3,3,6,3,0,0,9,0,3.4,3.4,2.2,5.7,2023-2024
Jean-Philippe Mateta,FRA,['FW'],Crystal Palace,26,1997,35,25,"2,282",25.4,16,5,21,14,2,2,3,0,10.9,9.4,3.1,12.5,2023-2024
Joël Matip,CMR,['DF'],Liverpool,31,1991,10,9,781,8.7,0,0,0,0,0,0,2,0,0.5,0.5,0.1,0.6,2023-2024
Alex Matos,ENG,['MF'],Chelsea,18,2004,1,0,1,0.0,0,0,0,0,0,0,0,0,0.0,0.0,0.0,0.0,2023-2024
Remi Matthews,ENG,['GK'],Crystal Palace,29,1994,1,0,4,0.0,0,0,0,0,0,0,0,0,0.0,0.0,0.0,0.0,2023-2024
Neal Maupay,FRA,['FW'],Brentford,26,1996,29,13,"1,321",14.7,6,3,9,6,0,0,8,0,5.7,5.7,2.3,8.1,2023-2024
Neal Maupay,FRA,['FW'],Everton,26,1996,2,1,111,1.2,0,0,0,0,0,0,0,0,1.4,1.4,0.1,1.5,2023-2024
Konstantinos Mavropanos,GRE,['DF'],West Ham,25,1997,19,16,"1,500",16.7,1,0,1,1,0,0,2,0,1.2,1.2,0.2,1.4,2023-2024
Bryan Mbeumo,CMR,['FW'],Brentford,23,1999,25,22,"1,960",21.8,9,6,15,6,3,3,2,0,9.8,7.4,4.6,12.1,2023-2024
James Mcatee,ENG,"['MF', 'FW']",Sheffield Utd,20,2002,30,20,"1,822",20.2,3,3,6,2,1,1,2,0,3.1,2.3,2.9,5.2,2023-2024
James Mcatee,ENG,['MF'],Manchester City,20,2002,1,0,1,0.0,0,0,0,0,0,0,0,0,0.0,0.0,0.0,0.0,2023-2024
Oliver McBurnie,SCO,['FW'],Sheffield Utd,27,1996,21,15,"1,280",14.2,6,3,9,4,2,2,7,2,6.9,5.3,2.0,7.3,2023-2024
James McConnell,ENG,['MF'],Liverpool,18,2004,3,0,4,0.0,0,0,0,0,0,0,0,0,0.0,0.0,0.0,0.0,2023-2024
John McGinn,SCO,"['MF', 'FW']",Aston Villa,28,1994,35,35,"2,999",33.3,6,4,10,6,0,0,9,1,5.0,5.0,4.6,9.6,2023-2024
Scott McKenna,SCO,['DF'],Nott'ham Forest,26,1996,5,5,416,4.6,0,0,0,0,0,0,0,0,0.2,0.2,0.2,0.4,2023-2024
Dwight McNeil,ENG,"['MF', 'FW']",Everton,23,1999,35,33,"2,892",32.1,3,6,9,3,0,0,2,0,3.4,3.4,8.8,12.2,2023-2024
Scott McTominay,SCO,"['MF', 'FW']",Manchester Utd,26,1996,32,18,"1,901",21.1,7,1,8,7,0,0,2,0,5.7,5.7,0.8,6.6,2023-2024
Ben Mee,ENG,['DF'],Brentford,33,1989,16,15,"1,272",14.1,2,0,2,2,0,0,1,1,1.5,1.5,0.3,1.8,2023-2024
Hannibal Mejbri,TUN,"['MF', 'FW']",Manchester Utd,20,2003,5,1,133,1.5,1,0,1,1,0,0,1,0,0.0,0.0,0.4,0.4,2023-2024
Teden Mengi,ENG,['DF'],Luton Town,21,2002,30,28,"2,469",27.4,1,0,1,1,0,0,3,0,0.6,0.6,0.3,0.9,2023-2024
Chris Mepham,WAL,['DF'],Bournemouth,25,1997,10,6,617,6.9,0,1,1,0,0,0,2,0,0.1,0.1,0.4,0.5,2023-2024
Lewis Miley,ENG,['MF'],Newcastle Utd,17,2006,17,14,"1,202",13.4,1,3,4,1,0,0,1,0,1.2,1.2,1.7,2.9,2023-2024
James Milner,ENG,"['DF', 'MF']",Brighton,37,1986,15,11,773,8.6,0,2,2,0,0,0,3,0,0.3,0.3,1.8,2.0,2023-2024
Tyrone Mings,ENG,['DF'],Aston Villa,30,1993,1,1,30,0.3,0,0,0,0,0,0,0,0,0.0,0.0,0.0,0.0,2023-2024
Tyrick Mitchell,ENG,"['DF', 'MF']",Crystal Palace,23,1999,37,37,"3,204",35.6,2,3,5,2,0,0,6,0,1.6,1.6,2.8,4.4,2023-2024
Kaoru Mitoma,JPN,['FW'],Brighton,26,1997,19,15,"1,486",16.5,3,4,7,3,0,0,4,0,3.5,3.5,2.7,6.2,2023-2024
Aleksandar Mitrović,SRB,['FW'],Fulham,28,1994,1,0,33,0.4,0,0,0,0,0,0,0,0,0.2,0.2,0.0,0.2,2023-2024
Jakub Moder,POL,"['MF', 'DF']",Brighton,24,1999,17,6,618,6.9,0,0,0,0,0,0,2,0,0.6,0.6,0.8,1.3,2023-2024
Gonzalo Montiel,ARG,['DF'],Nott'ham Forest,26,1997,14,8,801,8.9,0,2,2,0,0,0,5,0,0.1,0.1,1.4,1.5,2023-2024
Kieffer Moore,WAL,"['FW', 'MF']",Bournemouth,30,1992,8,0,108,1.2,1,0,1,1,0,0,0,0,1.5,1.5,0.2,1.7,2023-2024
Mikey Moore,ENG,['MF'],Tottenham,15,2007,2,0,4,0.0,0,0,0,0,0,0,0,0,0.0,0.0,0.0,0.0,2023-2024
Álex Moreno,ESP,['DF'],Aston Villa,30,1993,21,11,"1,031",11.5,2,0,2,2,0,0,2,0,1.1,1.1,1.1,2.3,2023-2024
Carlton Morris,ENG,"['FW', 'MF']",Luton Town,27,1995,38,32,"2,862",31.8,11,4,15,6,5,5,4,0,11.4,7.5,2.8,10.2,2023-2024
Mason Mount,ENG,"['MF', 'FW']",Manchester Utd,24,1999,14,5,516,5.7,1,0,1,1,0,0,2,0,0.4,0.4,0.3,0.7,2023-2024
Divin Mubama,ENG,['FW'],West Ham,18,2004,5,0,80,0.9,0,0,0,0,0,0,0,0,0.1,0.1,0.0,0.1,2023-2024
Mykhailo Mudryk,UKR,['FW'],Chelsea,22,2001,31,18,"1,576",17.5,5,2,7,5,0,0,5,0,4.4,4.4,4.1,8.5,2023-2024
Rodrigo Muniz,BRA,['FW'],Fulham,22,2001,26,18,"1,593",17.7,9,1,10,9,0,0,1,0,8.7,8.7,2.0,10.7,2023-2024
Daniel Muñoz,COL,"['DF', 'MF']",Crystal Palace,27,1996,16,16,"1,439",16.0,0,4,4,0,0,0,4,0,1.2,1.2,2.4,3.7,2023-2024
Finley Munroe,ENG,['MF'],Aston Villa,18,2005,1,0,4,0.0,0,0,0,0,0,0,0,0,0.0,0.0,0.0,0.0,2023-2024
Arijanet Muric,KVX,['GK'],Burnley,24,1998,10,10,900,10.0,0,0,0,0,0,0,0,0,0.0,0.0,0.2,0.2,2023-2024
Murillo,BRA,['DF'],Nott'ham Forest,21,2002,32,32,"2,789",31.0,0,2,2,0,0,0,5,0,1.8,1.8,1.2,3.0,2023-2024
Alex Murphy,IRL,"['DF', 'FW']",Newcastle Utd,19,2004,2,0,13,0.1,0,0,0,0,0,0,0,0,0.0,0.0,0.0,0.0,2023-2024
Jacob Murphy,ENG,"['FW', 'DF']",Newcastle Utd,28,1995,21,14,"1,189",13.2,3,7,10,3,0,0,1,0,2.1,2.1,5.0,7.1,2023-2024
Vitaliy Mykolenko,UKR,['DF'],Everton,24,1999,28,28,"2,469",27.4,2,0,2,2,0,0,1,0,1.5,1.5,0.9,2.4,2023-2024
Marvelous Nakamba,ZIM,['MF'],Luton Town,29,1994,13,13,"1,130",12.6,0,0,0,0,0,0,5,0,0.2,0.2,0.4,0.6,2023-2024
Michael Ndiweni,ENG,['FW'],Newcastle Utd,19,2003,1,0,1,0.0,0,0,0,0,0,0,0,0,0.0,0.0,0.0,0.0,2023-2024
Reiss Nelson,ENG,['FW'],Arsenal,23,1999,15,1,268,3.0,0,0,0,0,0,0,1,0,0.2,0.2,0.6,0.8,2023-2024
Zack Nelson,ENG,"['MF', 'DF']",Luton Town,18,2004,2,0,7,0.1,0,0,0,0,0,0,0,0,0.0,0.0,0.0,0.0,2023-2024
Neto,BRA,['GK'],Bournemouth,34,1989,32,32,"2,880",32.0,0,0,0,0,0,0,5,0,0.0,0.0,0.0,0.0,2023-2024
Pedro Neto,POR,"['FW', 'MF']",Wolves,23,2000,20,18,"1,516",16.8,2,9,11,2,0,0,4,0,3.5,3.5,4.4,7.9,2023-2024
Moussa Niakhate,SEN,['DF'],Nott'ham Forest,27,1996,21,15,"1,460",16.2,1,0,1,1,0,0,5,1,1.1,1.1,0.1,1.2,2023-2024
Eddie Nketiah,ENG,['FW'],Arsenal,24,1999,27,10,"1,082",12.0,5,2,7,5,0,0,3,0,4.5,4.5,0.8,5.4,2023-2024
Christopher Nkunku,FRA,"['FW', 'MF']",Chelsea,25,1997,11,2,443,4.9,3,0,3,3,0,0,0,0,2.3,2.3,0.2,2.5,2023-2024
Rhys Norrington-Davies,WAL,['DF'],Sheffield Utd,24,1999,5,2,110,1.2,0,0,0,0,0,0,1,0,0.0,0.0,0.0,0.0,2023-2024
Oliver Norwood,NIR,['MF'],Sheffield Utd,32,1991,27,16,"1,440",16.0,1,0,1,0,1,1,8,0,1.1,0.3,0.6,0.9,2023-2024
Matheus Nunes,POR,['MF'],Wolves,24,1998,2,2,179,2.0,0,0,0,0,0,0,2,1,0.1,0.1,0.1,0.2,2023-2024
Matheus Nunes,POR,['MF'],Manchester City,24,1998,17,7,661,7.3,0,2,2,0,0,0,0,0,0.8,0.8,1.1,2.0,2023-2024
Darwin Núñez,URU,['FW'],Liverpool,24,1999,36,22,"2,047",22.7,11,8,19,11,0,1,9,0,16.3,15.5,6.0,21.5,2023-2024
Ethan Nwaneri,ENG,['FW'],Arsenal,16,2007,1,0,14,0.2,0,0,0,0,0,0,0,0,0.0,0.0,0.0,0.0,2023-2024
Christian Nørgaard,DEN,['MF'],Brentford,29,1994,31,30,"2,505",27.8,2,1,3,2,0,0,8,0,3.5,3.5,1.9,5.4,2023-2024
Mark O'Mahony,IRL,['FW'],Brighton,18,2005,3,1,63,0.7,0,0,0,0,0,0,1,0,0.1,0.1,0.0,0.1,2023-2024
Dara O'Shea,IRL,['DF'],Burnley,24,1999,33,32,"2,892",32.1,3,4,7,3,0,0,5,1,0.7,0.7,2.0,2.7,2023-2024
Michael Obafemi,IRL,"['FW', 'MF']",Burnley,23,2000,2,0,20,0.2,0,0,0,0,0,0,0,0,0.1,0.1,0.0,0.1,2023-2024
Wilson Odobert,FRA,"['MF', 'FW']",Burnley,18,2004,29,25,"2,098",23.3,3,2,5,3,0,0,3,0,2.8,2.8,3.3,6.1,2023-2024
Odeluga Offiah,ENG,['DF'],Brighton,20,2002,4,1,128,1.4,0,0,0,0,0,0,0,0,0.0,0.0,0.0,0.0,2023-2024
Chiedozie Ogbene,IRL,"['MF', 'DF']",Luton Town,26,1997,30,20,"1,995",22.2,4,1,5,4,0,0,1,0,4.2,4.2,3.1,7.4,2023-2024
Angelo Ogbonna,ITA,['DF'],West Ham,35,1988,11,7,635,7.1,0,0,0,0,0,0,1,0,0.0,0.0,0.0,0.0,2023-2024
Michael Olakigbe,ENG,"['DF', 'FW']",Brentford,19,2004,8,0,59,0.7,0,0,0,0,0,0,0,0,0.1,0.1,0.0,0.1,2023-2024
Michael Olise,FRA,"['FW', 'MF']",Crystal Palace,21,2001,19,14,"1,275",14.2,10,6,16,9,1,1,0,0,5.5,4.7,5.8,10.5,2023-2024
Robin Olsen,SWE,['GK'],Aston Villa,33,1990,5,4,405,4.5,0,0,0,0,0,0,0,0,0.0,0.0,0.0,0.0,2023-2024
Andrew Omobamidele,IRL,['DF'],Nott'ham Forest,21,2002,11,8,783,8.7,0,0,0,0,0,0,2,0,0.1,0.1,0.1,0.2,2023-2024
Amadou Onana,BEL,['MF'],Everton,21,2001,30,23,"2,091",23.2,2,0,2,2,0,0,5,0,2.0,2.0,2.7,4.7,2023-2024
André Onana,CMR,['GK'],Manchester Utd,27,1996,38,38,"3,420",38.0,0,0,0,0,0,0,5,0,0.0,0.0,0.1,0.1,2023-2024
Ryan One,SCO,['FW'],Sheffield Utd,17,2006,1,0,8,0.1,0,0,0,0,0,0,0,0,0.0,0.0,0.0,0.0,2023-2024
Tyler Onyango,ENG,['MF'],Everton,20,2003,1,0,1,0.0,0,0,0,0,0,0,0,0,0.0,0.0,0.0,0.0,2023-2024
Fred Onyedinma,ENG,"['DF', 'MF']",Luton Town,26,1996,8,4,407,4.5,0,0,0,0,0,0,1,0,0.2,0.2,0.1,0.3,2023-2024
Frank Onyeka,NGA,['MF'],Brentford,25,1998,26,11,"1,161",12.9,1,2,3,1,0,0,8,0,2.2,2.2,1.8,4.0,2023-2024
Divock Origi,BEL,['FW'],Nott'ham Forest,28,1995,20,6,606,6.7,0,1,1,0,0,0,1,0,1.4,1.4,2.1,3.5,2023-2024
Stefan Ortega,GER,['GK'],Manchester City,30,1992,9,5,635,7.1,0,0,0,0,0,0,0,0,0.0,0.0,0.0,0.0,2023-2024
Ben Osborn,ENG,"['DF', 'MF']",Sheffield Utd,28,1994,24,14,"1,367",15.2,0,2,2,0,0,0,3,0,0.2,0.2,0.9,1.1,2023-2024
Gabriel Osho,NGA,['DF'],Luton Town,24,1998,21,21,"1,846",20.5,2,0,2,2,0,0,3,0,1.1,1.1,0.1,1.2,2023-2024
William Osula,DEN,['FW'],Sheffield Utd,19,2003,21,9,786,8.7,0,0,0,0,0,0,4,0,1.6,1.6,0.1,1.7,2023-2024
Dango Ouattara,BFA,"['FW', 'DF']",Bournemouth,21,2002,30,12,"1,229",13.7,1,2,3,1,0,0,3,0,2.6,2.6,1.5,4.1,2023-2024
David Ozoh,ENG,"['MF', 'DF']",Crystal Palace,18,2005,9,0,156,1.7,0,0,0,0,0,0,1,0,0.0,0.0,0.0,0.0,2023-2024
João Palhinha,POR,['MF'],Fulham,28,1995,33,31,"2,699",30.0,4,1,5,4,0,0,13,0,3.3,3.3,0.8,4.1,2023-2024
Cole Palmer,ENG,"['FW', 'MF']",Chelsea,21,2002,33,29,"2,607",29.0,22,11,33,13,9,9,7,0,18.2,11.1,11.1,22.2,2023-2024
Cole Palmer,ENG,['MF'],Manchester City,21,2002,1,0,11,0.1,0,0,0,0,0,0,0,0,0.0,0.0,0.0,0.0,2023-2024
Emerson Palmieri,ITA,['DF'],West Ham,28,1994,36,35,"3,137",34.9,1,2,3,1,0,0,10,0,1.5,1.5,2.4,3.9,2023-2024
Lucas Paquetá,BRA,"['FW', 'MF']",West Ham,25,1997,31,31,"2,622",29.1,4,6,10,2,2,2,10,0,5.4,3.8,5.4,9.2,2023-2024
Ben Parkinson,ENG,['FW'],Newcastle Utd,18,2005,1,0,25,0.3,0,0,0,0,0,0,0,0,0.0,0.0,0.0,0.0,2023-2024
Thomas Partey,GHA,"['MF', 'DF']",Arsenal,30,1993,14,9,788,8.8,0,0,0,0,0,0,3,0,0.4,0.4,0.3,0.7,2023-2024
Nathan Patterson,SCO,['DF'],Everton,21,2001,20,9,"1,005",11.2,0,2,2,0,0,0,4,0,0.3,0.3,1.7,2.0,2023-2024
Myles Peart-Harris,ENG,"['DF', 'MF']",Brentford,20,2002,3,0,13,0.1,0,0,0,0,0,0,0,0,0.0,0.0,0.0,0.0,2023-2024
Sydie Peck,ENG,['MF'],Sheffield Utd,18,2004,1,0,10,0.1,0,0,0,0,0,0,0,0,0.0,0.0,0.0,0.0,2023-2024
Facundo Pellistri,URU,"['FW', 'MF']",Manchester Utd,21,2001,9,1,172,1.9,0,1,1,0,0,0,0,0,0.7,0.7,0.1,0.8,2023-2024
Andreas Pereira,BRA,['MF'],Fulham,27,1996,37,34,"2,613",29.0,3,7,10,3,0,0,6,0,4.6,4.6,7.1,11.7,2023-2024
Ivan Perišić,CRO,['FW'],Tottenham,34,1989,5,0,103,1.1,0,1,1,0,0,0,2,0,0.1,0.1,0.9,1.0,2023-2024
Đorđe Petrović,SRB,['GK'],Chelsea,23,1999,23,22,"1,987",22.1,0,0,0,0,0,0,2,0,0.0,0.0,0.0,0.0,2023-2024
Kalvin Phillips,ENG,['MF'],West Ham,27,1995,8,3,309,3.4,0,0,0,0,0,0,3,1,0.1,0.1,0.0,0.1,2023-2024
Kalvin Phillips,ENG,['MF'],Manchester City,27,1995,4,0,93,1.0,0,0,0,0,0,0,0,0,0.1,0.1,0.0,0.1,2023-2024
Jaden Philogene Bidace,ENG,['FW'],Aston Villa,21,2002,1,0,4,0.0,0,0,0,0,0,0,0,0,0.0,0.0,0.0,0.0,2023-2024
Jordan Pickford,ENG,['GK'],Everton,29,1994,38,38,"3,420",38.0,0,0,0,0,0,0,5,0,0.0,0.0,0.1,0.1,2023-2024
Ethan Pinnock,JAM,['DF'],Brentford,30,1993,29,28,"2,521",28.0,2,0,2,2,0,0,1,0,2.0,2.0,1.0,3.0,2023-2024
Nick Pope,ENG,['GK'],Newcastle Utd,31,1992,15,15,"1,345",14.9,0,0,0,0,0,0,1,0,0.0,0.0,0.0,0.0,2023-2024
Pedro Porro,ESP,['DF'],Tottenham,23,1999,35,35,"3,089",34.3,3,7,10,3,0,0,3,0,2.9,2.9,7.2,10.1,2023-2024
Jarell Quansah,ENG,['DF'],Liverpool,20,2003,17,13,"1,190",13.2,2,0,2,2,0,0,1,0,1.0,1.0,0.1,1.1,2023-2024
Ionuț Radu,ROU,['GK'],Bournemouth,26,1997,2,2,180,2.0,0,0,0,0,0,0,0,0,0.0,0.0,0.0,0.0,2023-2024
Jesurun Rak Sakyi,ENG,"['MF', 'FW']",Crystal Palace,20,2002,6,0,136,1.5,0,0,0,0,0,0,0,0,0.4,0.4,0.2,0.6,2023-2024
Aaron Ramsdale,ENG,['GK'],Arsenal,25,1998,6,6,540,6.0,0,0,0,0,0,0,0,0,0.0,0.0,0.0,0.0,2023-2024
Aaron Ramsey,ENG,"['MF', 'FW']",Burnley,20,2003,14,5,527,5.9,0,0,0,0,0,0,1,0,0.3,0.3,0.4,0.7,2023-2024
Jacob Ramsey,ENG,"['FW', 'MF']",Aston Villa,22,2001,16,8,853,9.5,1,1,2,1,0,0,2,0,2.2,2.2,1.0,3.2,2023-2024
Marcus Rashford,ENG,['FW'],Manchester Utd,25,1997,33,26,"2,271",25.2,7,2,9,5,2,2,2,0,7.4,5.8,2.3,8.1,2023-2024
David Raya,ESP,['GK'],Arsenal,27,1995,32,32,"2,880",32.0,0,0,0,0,0,0,2,0,0.0,0.0,0.0,0.0,2023-2024
Tim Ream,USA,['DF'],Fulham,35,1987,18,17,"1,503",16.7,1,0,1,1,0,0,4,1,1.0,1.0,0.0,1.0,2023-2024
Nathan Redmond,ENG,"['FW', 'MF']",Burnley,29,1994,12,0,142,1.6,0,0,0,0,0,0,1,0,0.0,0.0,0.3,0.3,2023-2024
Harrison Reed,ENG,['MF'],Fulham,28,1995,27,15,"1,325",14.7,0,2,2,0,0,0,6,0,0.3,0.3,1.1,1.4,2023-2024
Sergio Reguilón,ESP,['DF'],Manchester Utd,26,1996,9,4,412,4.6,0,0,0,0,0,0,3,0,0.2,0.2,0.7,0.9,2023-2024
Sergio Reguilón,ESP,['DF'],Brentford,26,1996,16,14,"1,118",12.4,0,4,4,0,0,0,4,1,0.8,0.8,2.8,3.6,2023-2024
Gio Reyna,USA,"['FW', 'MF']",Nott'ham Forest,20,2002,9,2,235,2.6,0,1,1,0,0,0,0,0,0.3,0.3,0.5,0.8,2023-2024
Rodrigo Ribeiro,POR,"['MF', 'FW']",Nott'ham Forest,18,2005,4,0,17,0.2,0,0,0,0,0,0,0,0,0.0,0.0,0.0,0.0,2023-2024
Declan Rice,ENG,['MF'],Arsenal,24,1999,38,37,"3,225",35.8,7,8,15,7,0,0,5,0,3.3,3.3,5.3,8.6,2023-2024
Chris Richards,USA,"['DF', 'MF']",Crystal Palace,23,2000,26,23,"2,094",23.3,1,1,2,1,0,0,3,0,0.6,0.6,0.4,1.0,2023-2024
Richarlison,BRA,['FW'],Tottenham,26,1997,28,18,"1,491",16.6,11,4,15,11,0,0,3,0,9.6,9.6,2.1,11.7,2023-2024
Jaïro Riedewald,NED,"['MF', 'FW']",Crystal Palace,26,1996,9,2,235,2.6,0,0,0,0,0,0,0,0,0.0,0.0,0.0,0.0,2023-2024
Matt Ritchie,SCO,"['FW', 'MF']",Newcastle Utd,33,1989,13,0,128,1.4,1,0,1,1,0,0,1,0,1.0,1.0,0.0,1.0,2023-2024
Connor Roberts,WAL,['DF'],Burnley,27,1995,14,8,823,9.1,0,1,1,0,0,0,5,1,0.0,0.0,0.2,0.2,2023-2024
Andrew Robertson,SCO,['DF'],Liverpool,29,1994,23,18,"1,693",18.8,3,2,5,3,0,0,2,0,1.9,1.9,5.4,7.3,2023-2024
Antonee Robinson,USA,['DF'],Fulham,25,1997,37,37,"3,265",36.3,0,6,6,0,0,0,6,0,0.7,0.7,4.2,4.8,2023-2024
Jack Robinson,ENG,['DF'],Sheffield Utd,29,1993,34,31,"2,885",32.1,1,1,2,1,0,0,10,0,1.2,1.2,1.2,2.4,2023-2024
Rodri,ESP,['MF'],Manchester City,27,1996,34,34,"2,931",32.6,8,9,17,8,0,0,8,1,4.1,4.1,3.9,8.0,2023-2024
Jay Rodriguez,ENG,['FW'],Burnley,34,1989,21,7,822,9.1,2,1,3,1,1,1,0,0,3.5,2.7,0.2,2.9,2023-2024
Mads Roerslev,DEN,['DF'],Brentford,24,1999,34,22,"1,985",22.1,1,2,3,1,0,0,1,0,0.9,0.9,1.8,2.7,2023-2024
Morgan Rogers,ENG,"['MF', 'FW']",Aston Villa,21,2002,11,8,638,7.1,3,1,4,3,0,0,3,0,1.4,1.4,0.6,2.0,2023-2024
Cristian Romero,ARG,['DF'],Tottenham,25,1998,33,33,"2,790",31.0,5,0,5,5,0,0,7,1,3.5,3.5,0.4,3.9,2023-2024
Joe Rothwell,ENG,['MF'],Bournemouth,28,1995,11,3,386,4.3,0,0,0,0,0,0,0,0,0.1,0.1,0.2,0.3,2023-2024
Pelly Ruddock Mpanzu,COD,['MF'],Luton Town,30,1993,27,11,"1,101",12.2,0,0,0,0,0,0,1,0,0.6,0.6,0.4,1.1,2023-2024
José Sá,POR,['GK'],Wolves,30,1993,35,35,"3,037",33.7,0,1,1,0,0,0,1,0,0.0,0.0,0.0,0.0,2023-2024
Dominic Sadi,ENG,['FW'],Bournemouth,19,2003,1,0,1,0.0,0,0,0,0,0,0,0,0,0.0,0.0,0.0,0.0,2023-2024
Bukayo Saka,ENG,['FW'],Arsenal,21,2001,35,35,"2,919",32.4,16,9,25,10,6,6,4,0,15.5,10.8,10.5,21.2,2023-2024
Mohamed Salah,EGY,['FW'],Liverpool,31,1992,32,28,"2,534",28.2,18,10,28,13,5,7,2,0,21.2,15.5,11.8,27.3,2023-2024
William Saliba,FRA,['DF'],Arsenal,22,2001,38,38,"3,420",38.0,2,1,3,2,0,0,4,0,1.6,1.6,0.2,1.8,2023-2024
Albert Sambi Lokonga,BEL,['MF'],Luton Town,23,1999,17,16,"1,303",14.5,1,3,4,1,0,0,4,0,0.6,0.6,1.4,2.0,2023-2024
Davinson Sánchez,COL,['DF'],Tottenham,27,1996,1,0,77,0.9,0,0,0,0,0,0,1,0,0.1,0.1,0.0,0.1,2023-2024
Robert Sánchez,ESP,['GK'],Chelsea,25,1997,16,16,"1,433",15.9,0,0,0,0,0,0,2,0,0.0,0.0,0.0,0.0,2023-2024
Jadon Sancho,ENG,"['FW', 'MF']",Manchester Utd,23,2000,3,0,79,0.9,0,0,0,0,0,0,0,0,0.0,0.0,0.1,0.1,2023-2024
Ibrahim Sangaré,CIV,['MF'],Nott'ham Forest,25,1997,17,13,"1,035",11.5,0,0,0,0,0,0,6,0,0.6,0.6,0.4,1.0,2023-2024
Andrey Santos,BRA,['MF'],Nott'ham Forest,19,2004,1,0,8,0.1,0,0,0,0,0,0,0,0,0.1,0.1,0.0,0.1,2023-2024
Pablo Sarabia,ESP,"['MF', 'FW']",Wolves,31,1992,30,20,"1,745",19.4,4,7,11,2,2,2,5,0,5.5,3.9,5.9,9.8,2023-2024
Dane Scarlett,ENG,['FW'],Tottenham,19,2004,4,0,22,0.2,0,0,0,0,0,0,0,0,0.0,0.0,0.0,0.0,2023-2024
Kevin Schade,GER,"['FW', 'MF']",Brentford,21,2001,11,3,333,3.7,2,1,3,2,0,0,0,0,1.2,1.2,0.7,1.9,2023-2024
Fabian Schär,SUI,['DF'],Newcastle Utd,31,1991,36,35,"3,054",33.9,4,1,5,4,0,0,5,0,2.5,2.5,0.7,3.3,2023-2024
Jeffrey Schlupp,GHA,"['FW', 'MF']",Crystal Palace,30,1992,29,17,"1,352",15.0,2,2,4,2,0,0,1,0,1.8,1.8,2.3,4.1,2023-2024
Alex Scott,ENG,['MF'],Bournemouth,19,2003,23,11,"1,014",11.3,1,1,2,1,0,0,3,0,0.7,0.7,1.7,2.4,2023-2024
Matz Sels,BEL,['GK'],Nott'ham Forest,31,1992,16,16,"1,440",16.0,0,0,0,0,0,0,1,0,0.0,0.0,0.1,0.1,2023-2024
Nélson Semedo,POR,"['DF', 'MF']",Wolves,29,1993,36,36,"3,084",34.3,0,1,1,0,0,0,10,1,1.3,1.3,1.7,3.0,2023-2024
Antoine Semenyo,GHA,['FW'],Bournemouth,23,2000,33,25,"2,105",23.4,8,2,10,8,0,0,6,0,4.6,4.6,3.2,7.8,2023-2024
Marcos Senesi,ARG,['DF'],Bournemouth,26,1997,31,26,"2,242",24.9,4,5,9,4,0,0,13,0,2.0,2.0,1.7,3.7,2023-2024
Luke Shaw,ENG,['DF'],Manchester Utd,28,1995,12,12,959,10.7,0,0,0,0,0,0,6,0,0.0,0.0,1.0,1.0,2023-2024
James Shea,ENG,['GK'],Luton Town,32,1991,1,0,15,0.2,0,0,0,0,0,0,0,0,0.0,0.0,0.0,0.0,2023-2024
Bernardo Silva,POR,"['MF', 'FW']",Manchester City,28,1994,33,29,"2,578",28.6,6,9,15,6,0,0,8,0,3.7,3.7,7.6,11.3,2023-2024
Fábio Silva,POR,['FW'],Wolves,21,2002,8,3,264,2.9,0,0,0,0,0,0,2,0,1.0,1.0,0.2,1.2,2023-2024
Thiago Silva,BRA,['DF'],Chelsea,38,1984,31,28,"2,527",28.1,3,1,4,3,0,0,4,0,0.8,0.8,1.0,1.8,2023-2024
Luis Sinisterra,COL,"['FW', 'MF']",Bournemouth,24,1999,20,7,699,7.8,2,2,4,2,0,0,0,0,2.5,2.5,2.4,5.0,2023-2024
Oliver Skipp,ENG,"['MF', 'DF']",Tottenham,22,2000,21,5,707,7.9,0,0,0,0,0,0,3,0,0.7,0.7,0.6,1.3,2023-2024
Adam Smith,ENG,['DF'],Bournemouth,32,1991,28,25,"2,150",23.9,0,2,2,0,0,0,6,0,0.1,0.1,1.3,1.4,2023-2024
Emile Smith Rowe,ENG,['MF'],Arsenal,23,2000,13,3,353,3.9,0,1,1,0,0,0,0,0,2.0,2.0,0.2,2.2,2023-2024
Cédric Soares,POR,['DF'],Arsenal,31,1991,3,0,62,0.7,0,0,0,0,0,0,0,0,0.0,0.0,0.0,0.0,2023-2024
Dominic Solanke,ENG,['FW'],Bournemouth,25,1997,38,37,"3,325",36.9,19,3,22,17,2,3,3,0,19.6,17.2,3.0,20.3,2023-2024
Manor Solomon,ISR,['FW'],Tottenham,24,1999,5,2,199,2.2,0,2,2,0,0,0,1,0,0.4,0.4,0.8,1.2,2023-2024
Tomáš Souček,CZE,['MF'],West Ham,28,1995,37,34,"2,870",31.9,7,2,9,7,0,0,7,0,6.7,6.7,1.7,8.4,2023-2024
Vinicius Souza,BRA,['MF'],Sheffield Utd,24,1999,36,29,"2,668",29.6,1,0,1,1,0,0,3,0,0.6,0.6,0.2,0.9,2023-2024
Jason Steele,ENG,['GK'],Brighton,32,1990,17,17,"1,530",17.0,0,0,0,0,0,0,0,0,0.0,0.0,0.0,0.0,2023-2024
Raheem Sterling,ENG,"['FW', 'MF']",Chelsea,28,1994,31,22,"1,978",22.0,8,4,12,8,0,0,7,0,6.5,6.5,4.5,11.0,2023-2024
John Stones,ENG,"['DF', 'MF']",Manchester City,29,1994,16,12,"1,064",11.8,1,0,1,1,0,0,2,0,1.0,1.0,0.2,1.3,2023-2024
Thomas Strakosha,ALB,['GK'],Brentford,28,1995,2,1,135,1.5,0,0,0,0,0,0,0,0,0.0,0.0,0.0,0.0,2023-2024
Dominik Szoboszlai,HUN,['MF'],Liverpool,22,2000,33,25,"2,104",23.4,3,2,5,3,0,0,1,0,3.7,3.7,5.8,9.5,2023-2024
Matt Targett,ENG,['DF'],Newcastle Utd,27,1995,3,1,78,0.9,0,0,0,0,0,0,1,0,0.0,0.0,0.0,0.0,2023-2024
James Tarkowski,ENG,['DF'],Everton,30,1992,38,38,"3,419",38.0,1,1,2,1,0,0,11,0,2.6,2.6,2.5,5.1,2023-2024
Jimi Tauriainen,ENG,['FW'],Chelsea,19,2004,1,0,1,0.0,0,0,0,0,0,0,0,0,0.0,0.0,0.0,0.0,2023-2024
Nuno Tavares,POR,['DF'],Nott'ham Forest,23,2000,8,5,457,5.1,0,0,0,0,0,0,2,0,0.2,0.2,0.5,0.7,2023-2024
Marcus Tavernier,ENG,['FW'],Bournemouth,24,1999,30,25,"2,118",23.5,3,4,7,3,0,0,3,0,3.9,3.9,5.2,9.1,2023-2024
Charlie Taylor,ENG,['DF'],Burnley,29,1993,28,25,"2,331",25.9,1,1,2,1,0,0,8,0,0.2,0.2,1.2,1.5,2023-2024
Kenny Tete,NED,['DF'],Fulham,27,1995,14,10,867,9.6,1,0,1,1,0,0,2,0,0.9,0.9,0.4,1.2,2023-2024
Luke Thomas,ENG,['DF'],Sheffield Utd,22,2001,12,11,917,10.2,0,0,0,0,0,0,3,0,0.5,0.5,0.1,0.6,2023-2024
Youri Tielemans,BEL,"['MF', 'FW']",Aston Villa,26,1997,32,17,"1,622",18.0,2,6,8,2,0,0,3,0,1.3,1.3,2.6,3.9,2023-2024
Jurriën Timber,NED,['DF'],Arsenal,22,2001,2,1,71,0.8,0,0,0,0,0,0,2,0,0.0,0.0,0.0,0.0,2023-2024
Harry Toffolo,ENG,['DF'],Nott'ham Forest,27,1995,23,15,"1,459",16.2,1,3,4,1,0,0,3,0,1.6,1.6,1.5,3.2,2023-2024
Takehiro Tomiyasu,JPN,['DF'],Arsenal,24,1998,22,10,"1,149",12.8,2,1,3,2,0,0,2,1,1.5,1.5,0.4,1.9,2023-2024
James Tomkins,ENG,['DF'],Crystal Palace,34,1989,4,0,10,0.1,0,0,0,0,0,0,0,0,0.0,0.0,0.0,0.0,2023-2024
Sandro Tonali,ITA,['MF'],Newcastle Utd,23,2000,8,5,438,4.9,1,0,1,1,0,0,2,0,0.7,0.7,0.6,1.3,2023-2024
Ivan Toney,ENG,['FW'],Brentford,27,1996,17,16,"1,450",16.1,4,2,6,4,0,0,5,0,6.0,6.0,1.5,7.4,2023-2024
Pau Torres,ESP,['DF'],Aston Villa,26,1997,29,27,"2,464",27.4,2,0,2,2,0,0,1,0,1.0,1.0,0.4,1.4,2023-2024
Andros Townsend,ENG,"['MF', 'FW']",Luton Town,32,1991,27,14,"1,210",13.4,1,3,4,1,0,0,1,0,1.2,1.2,1.3,2.5,2023-2024
James Trafford,ENG,['GK'],Burnley,20,2002,28,28,"2,520",28.0,0,0,0,0,0,0,2,0,0.0,0.0,0.0,0.0,2023-2024
Adama Traoré,ESP,"['FW', 'MF']",Fulham,27,1996,17,1,377,4.2,2,3,5,2,0,0,2,0,1.5,1.5,0.7,2.2,2023-2024
Bénie Traoré,CIV,"['FW', 'MF']",Sheffield Utd,20,2002,8,3,387,4.3,0,0,0,0,0,0,0,0,0.3,0.3,0.5,0.8,2023-2024
Bertrand Traoré,BFA,"['DF', 'FW']",Aston Villa,27,1995,2,0,11,0.1,0,0,0,0,0,0,0,0,0.0,0.0,0.0,0.0,2023-2024
Boubacar Traoré,MLI,['MF'],Wolves,21,2001,24,7,819,9.1,0,0,0,0,0,0,4,0,0.3,0.3,0.4,0.7,2023-2024
Mark Travers,IRL,['GK'],Bournemouth,24,1999,4,4,360,4.0,0,0,0,0,0,0,0,0,0.0,0.0,0.0,0.0,2023-2024
Mike Trésor,BEL,"['FW', 'MF']",Burnley,24,1999,16,3,420,4.7,0,0,0,0,0,0,0,0,0.5,0.5,0.4,0.9,2023-2024
Kieran Trippier,ENG,['DF'],Newcastle Utd,32,1990,28,26,"2,236",24.8,1,10,11,1,0,0,5,0,0.7,0.7,7.5,8.2,2023-2024
Leandro Trossard,BEL,"['FW', 'MF']",Arsenal,28,1994,34,18,"1,649",18.3,12,1,13,12,0,0,2,0,7.9,7.9,2.8,10.7,2023-2024
Auston Trusty,USA,['DF'],Sheffield Utd,24,1998,32,28,"2,572",28.6,0,0,0,0,0,0,4,0,0.4,0.4,1.1,1.5,2023-2024
Kostas Tsimikas,GRE,['DF'],Liverpool,27,1996,13,8,679,7.5,0,3,3,0,0,0,0,0,0.1,0.1,1.0,1.1,2023-2024
Matt Turner,USA,['GK'],Nott'ham Forest,29,1994,17,17,"1,530",17.0,0,0,0,0,0,0,2,0,0.0,0.0,0.0,0.0,2023-2024
Destiny Udogie,ITA,['DF'],Tottenham,20,2002,28,28,"2,391",26.6,2,3,5,2,0,0,7,1,2.4,2.4,2.2,4.6,2023-2024
Lesley Ugochukwu,FRA,['MF'],Chelsea,19,2004,12,3,301,3.3,0,0,0,0,0,0,2,0,0.0,0.0,0.1,0.1,2023-2024
Enes Ünal,TUR,"['FW', 'MF']",Bournemouth,26,1997,16,2,328,3.6,2,2,4,2,0,0,1,0,2.9,2.9,1.0,3.9,2023-2024
Virgil van Dijk,NED,['DF'],Liverpool,32,1991,36,36,"3,177",35.3,2,2,4,2,0,0,3,1,2.8,2.8,1.6,4.4,2023-2024
Raphaël Varane,FRA,['DF'],Manchester Utd,30,1993,22,16,"1,375",15.3,1,0,1,1,0,0,2,0,1.3,1.3,0.1,1.3,2023-2024
Alejo Véliz,ARG,['FW'],Tottenham,19,2003,8,0,50,0.6,1,0,1,1,0,0,1,0,0.2,0.2,0.0,0.2,2023-2024
Joël Veltman,NED,['DF'],Brighton,31,1992,27,17,"1,588",17.6,1,1,2,1,0,0,4,0,0.4,0.4,0.5,0.9,2023-2024
Micky van de Ven,NED,['DF'],Tottenham,22,2001,27,27,"2,339",26.0,3,0,3,3,0,0,5,0,0.6,0.6,0.0,0.6,2023-2024
Bart Verbruggen,NED,['GK'],Brighton,20,2002,21,21,"1,890",21.0,0,0,0,0,0,0,3,0,0.0,0.0,0.0,0.0,2023-2024
Guglielmo Vicario,ITA,['GK'],Tottenham,26,1996,38,38,"3,420",38.0,0,0,0,0,0,0,2,0,0.0,0.0,0.0,0.0,2023-2024
Fabio Vieira,POR,"['MF', 'FW']",Arsenal,23,2000,11,2,297,3.3,1,2,3,0,1,1,0,1,1.3,0.5,1.6,2.1,2023-2024
Carlos Vinícius,BRA,['FW'],Fulham,28,1995,13,2,315,3.5,2,0,2,2,0,0,2,0,1.6,1.6,0.8,2.4,2023-2024
Vitinho,BRA,"['DF', 'MF']",Burnley,24,1999,32,26,"2,314",25.7,0,2,2,0,0,0,1,0,1.6,1.6,1.3,2.9,2023-2024
Odysseas Vlachodimos,GRE,['GK'],Nott'ham Forest,29,1994,5,5,450,5.0,0,0,0,0,0,0,0,0,0.0,0.0,0.0,0.0,2023-2024
Kyle Walker,ENG,['DF'],Manchester City,33,1990,32,30,"2,767",30.7,0,4,4,0,0,0,2,0,0.4,0.4,2.6,3.0,2023-2024
Aaron Wan-Bissaka,COD,['DF'],Manchester Utd,25,1997,22,20,"1,780",19.8,0,2,2,0,0,0,4,0,0.1,0.1,1.5,1.6,2023-2024
Joel Ward,ENG,['DF'],Crystal Palace,33,1989,26,23,"1,980",22.0,0,1,1,0,0,0,4,0,0.9,0.9,0.2,1.1,2023-2024
James Ward-Prowse,ENG,['MF'],West Ham,28,1994,37,34,"3,001",33.3,7,7,14,5,2,2,4,0,6.0,4.4,7.8,12.3,2023-2024
Lewis Warrington,ENG,['FW'],Everton,20,2002,1,0,1,0.0,0,0,0,0,0,0,0,0,0.0,0.0,0.0,0.0,2023-2024
Deivid Washington,BRA,"['DF', 'FW']",Chelsea,18,2005,2,0,13,0.1,0,0,0,0,0,0,0,0,0.5,0.5,0.0,0.5,2023-2024
Ollie Watkins,ENG,['FW'],Aston Villa,27,1995,37,37,"3,217",35.7,19,13,32,19,0,0,4,0,16.8,16.8,7.3,24.2,2023-2024
Adam Webster,ENG,['DF'],Brighton,28,1995,15,13,"1,144",12.7,0,0,0,0,0,0,2,0,0.4,0.4,0.1,0.6,2023-2024
Danny Welbeck,ENG,"['FW', 'MF']",Brighton,32,1990,29,21,"1,693",18.8,5,1,6,5,0,0,4,0,5.3,5.3,1.7,7.0,2023-2024
Timo Werner,GER,['FW'],Tottenham,27,1996,13,10,809,9.0,2,3,5,2,0,0,1,0,3.7,3.7,2.7,6.4,2023-2024
Adam Wharton,ENG,['MF'],Crystal Palace,19,2004,16,15,"1,297",14.4,0,3,3,0,0,0,2,0,0.3,0.3,2.4,2.8,2023-2024
Ethan Wheatley,ENG,['FW'],Manchester Utd,17,2006,3,0,16,0.2,0,0,0,0,0,0,0,0,0.0,0.0,0.0,0.0,2023-2024
Ben White,ENG,['DF'],Arsenal,25,1997,37,35,"2,988",33.2,4,4,8,4,0,0,8,0,1.2,1.2,3.8,5.0,2023-2024
Joe White,ENG,['MF'],Newcastle Utd,20,2002,4,0,13,0.1,0,0,0,0,0,0,1,0,0.0,0.0,0.0,0.0,2023-2024
Neco Williams,WAL,['DF'],Nott'ham Forest,22,2001,26,18,"1,637",18.2,0,1,1,0,0,0,4,0,0.8,0.8,1.6,2.5,2023-2024
Willian,BRA,['FW'],Fulham,34,1988,31,24,"2,053",22.8,4,2,6,2,2,2,1,0,5.1,3.6,3.9,7.5,2023-2024
Joe Willock,ENG,['MF'],Newcastle Utd,23,1999,9,5,419,4.7,1,0,1,1,0,0,0,0,0.8,0.8,0.6,1.4,2023-2024
Callum Wilson,ENG,['FW'],Newcastle Utd,31,1992,20,9,991,11.0,9,1,10,7,2,2,3,0,8.8,7.2,0.6,7.8,2023-2024
Harry Wilson,WAL,['FW'],Fulham,26,1997,35,16,"1,620",18.0,4,6,10,4,0,0,6,0,3.4,3.4,3.5,6.8,2023-2024
Yoane Wissa,COD,['FW'],Brentford,26,1996,34,29,"2,493",27.7,12,3,15,12,0,0,7,0,10.6,10.6,3.9,14.5,2023-2024
Chris Wood,NZL,['FW'],Nott'ham Forest,31,1991,31,20,"1,812",20.1,14,1,15,14,0,0,0,0,11.9,11.9,2.1,14.0,2023-2024
Cauley Woodrow,ENG,"['FW', 'MF']",Luton Town,28,1994,24,2,427,4.7,1,1,2,1,0,0,2,0,1.4,1.4,1.2,2.6,2023-2024
Joe Worrall,ENG,['DF'],Nott'ham Forest,26,1997,7,5,439,4.9,0,0,0,0,0,0,0,1,0.1,0.1,0.2,0.3,2023-2024
Yehor Yarmoliuk,UKR,['MF'],Brentford,19,2004,27,6,688,7.6,0,0,0,0,0,0,2,0,1.0,1.0,0.1,1.1,2023-2024
Ryan Yates,ENG,['MF'],Nott'ham Forest,25,1997,35,21,"1,992",22.1,1,1,2,1,0,0,6,0,2.6,2.6,0.8,3.5,2023-2024
Ashley Young,ENG,"['DF', 'MF']",Everton,38,1985,31,27,"2,280",25.3,0,0,0,0,0,0,7,1,0.6,0.6,1.5,2.1,2023-2024
Illia Zabarnyi,UKR,['DF'],Bournemouth,20,2002,37,37,"3,330",37.0,1,0,1,1,0,0,5,0,1.1,1.1,0.4,1.5,2023-2024
Nicolò Zaniolo,ITA,"['FW', 'MF']",Aston Villa,24,1999,25,9,839,9.3,2,0,2,2,0,0,7,0,2.6,2.6,1.0,3.6,2023-2024
Anass Zaroury,MAR,"['FW', 'MF']",Burnley,22,2000,6,1,152,1.7,0,0,0,0,0,0,0,1,0.2,0.2,0.0,0.2,2023-2024
Oleksandr Zinchenko,UKR,['DF'],Arsenal,26,1996,27,20,"1,722",19.1,1,2,3,1,0,0,2,0,0.6,0.6,2.5,3.1,2023-2024
Kurt Zouma,FRA,['DF'],West Ham,28,1994,33,32,"2,838",31.5,3,0,3,3,0,0,3,0,1.8,1.8,0.2,2.0,2023-2024
Martin Ødegaard,NOR,['MF'],Arsenal,24,1998,35,35,"3,091",34.3,8,10,18,6,2,2,2,0,7.4,5.8,9.6,15.5,2023-2024
