Player,Nation,Pos,Squad,Age,Born,MP,Starts,Min,90s,Gls,Ast,G+A,G-PK,PK,PKatt,CrdY,CrdR,xG,npxG,xAG,npxG+xAG,PrgC,PrgP,PrgR,Season
Brenden Aaronson,USA,"['MF', 'FW']",Leeds United,21,2000,36,28,"2,372",26.4,1,3,4,1,0,0,2,0,3.9,3.9,4.2,8.1,43,86,151,2022-2023
George Abbott,ENG,['MF'],Tottenham,16,2005,1,0,1,0.0,0,0,0,0,0,0,0,0,0.0,0.0,0.0,0.0,0,0,0,2022-2023
Che Adams,SCO,['FW'],Southampton,26,1996,28,23,"1,992",22.1,5,3,8,5,0,0,1,0,6.7,6.7,2.8,9.5,17,34,115,2022-2023
Tyler Adams,USA,['MF'],Leeds United,23,1999,24,24,"2,156",24.0,0,0,0,0,0,0,6,1,0.1,0.1,1.4,1.5,19,136,20,2022-2023
Tosin Adarabioyo,ENG,['DF'],Fulham,24,1997,25,23,"2,085",23.2,1,0,1,1,0,0,4,0,0.7,0.7,0.4,1.1,16,95,3,2022-2023
Nayef Aguerd,MAR,['DF'],West Ham,26,1996,18,17,"1,595",17.7,2,0,2,2,0,0,4,0,2.2,2.2,0.5,2.7,2,25,4,2022-2023
Naouirou Ahamada,FRA,"['MF', 'FW']",Crystal Palace,20,2002,8,0,94,1.0,0,0,0,0,0,0,1,0,0.2,0.2,0.1,0.2,1,2,11,2022-2023
Rayan Aït-Nouri,ALG,['DF'],Wolves,21,2001,21,9,"1,076",12.0,1,0,1,1,0,0,4,0,0.7,0.7,1.0,1.7,30,43,76,2022-2023
Kristoffer Ajer,NOR,['DF'],Brentford,24,1998,9,9,763,8.5,0,0,0,0,0,0,0,0,0.0,0.0,0.0,0.1,10,31,12,2022-2023
Manuel Akanji,SUI,['DF'],Manchester City,27,1995,29,24,"2,287",25.4,0,1,1,0,0,0,2,0,1.3,1.3,0.4,1.7,24,116,17,2022-2023
Nathan Aké,NED,['DF'],Manchester City,27,1995,26,22,"1,873",20.8,1,0,1,1,0,0,2,0,1.6,1.6,0.7,2.3,25,140,30,2022-2023
Marc Albrighton,ENG,"['FW', 'MF']",Leicester City,32,1989,6,1,237,2.6,1,0,1,1,0,0,0,0,0.3,0.3,0.9,1.3,4,7,18,2022-2023
Thiago Alcántara,ESP,['MF'],Liverpool,31,1991,18,14,"1,254",13.9,0,0,0,0,0,0,2,0,0.4,0.4,1.1,1.5,13,120,24,2022-2023
Carlos Alcaraz,ARG,"['MF', 'FW']",Southampton,19,2002,18,13,"1,029",11.4,4,2,6,4,0,0,3,0,1.9,1.9,0.7,2.6,20,28,32,2022-2023
Trent Alexander-Arnold,ENG,['DF'],Liverpool,23,1998,37,34,"2,923",32.5,2,9,11,2,0,0,5,0,2.4,2.4,11.5,13.8,43,235,139,2022-2023
Alisson,BRA,['GK'],Liverpool,29,1992,37,37,"3,330",37.0,0,1,1,0,0,0,1,0,0.0,0.0,0.3,0.3,0,3,0,2022-2023
Dele Alli,ENG,['MF'],Everton,26,1996,2,0,40,0.4,0,0,0,0,0,0,0,0,0.0,0.0,0.0,0.0,0,1,1,2022-2023
Miguel Almirón,PAR,['FW'],Newcastle Utd,28,1994,34,29,"2,491",27.7,11,2,13,11,0,0,2,0,8.0,8.0,3.2,11.1,77,124,264,2022-2023
Julián Álvarez,ARG,"['FW', 'MF']",Manchester City,22,2000,31,13,"1,465",16.3,9,0,9,8,1,1,0,0,7.0,6.2,1.8,8.0,38,37,99,2022-2023
Daniel Amartey,GHA,['DF'],Leicester City,27,1994,20,18,"1,610",17.9,0,0,0,0,0,0,1,0,1.1,1.1,0.5,1.6,23,66,5,2022-2023
Samuel Amo-Ameyaw,ENG,['MF'],Southampton,16,2006,1,0,4,0.0,0,0,0,0,0,0,0,0,0.0,0.0,0.0,0.0,2,1,0,2022-2023
Joachim Andersen,DEN,['DF'],Crystal Palace,26,1996,32,32,"2,782",30.9,1,0,1,1,0,0,8,0,1.8,1.8,1.3,3.1,16,105,7,2022-2023
Elliot Anderson,ENG,"['MF', 'FW']",Newcastle Utd,19,2002,22,3,410,4.6,0,1,1,0,0,0,0,0,1.0,1.0,1.3,2.3,23,24,35,2022-2023
Jaidon Anthony,ENG,"['MF', 'FW']",Bournemouth,22,1999,30,11,"1,257",14.0,3,1,4,3,0,0,2,0,2.2,2.2,1.0,3.3,31,49,72,2022-2023
Michail Antonio,JAM,['FW'],West Ham,32,1990,33,21,"1,829",20.3,5,3,8,5,0,0,2,0,6.6,6.6,1.3,7.8,49,27,120,2022-2023
Antony,BRA,['FW'],Manchester Utd,22,2000,25,23,"1,802",20.0,4,2,6,4,0,0,5,0,6.6,6.6,2.9,9.4,95,74,168,2022-2023
Cameron Archer,ENG,"['FW', 'MF']",Aston Villa,21,2001,6,0,49,0.5,0,0,0,0,0,0,0,0,0.0,0.0,0.0,0.0,3,0,3,2022-2023
Alphonse Areola,FRA,['GK'],West Ham,29,1993,5,2,309,3.4,0,0,0,0,0,0,0,0,0.0,0.0,0.0,0.0,0,0,0,2022-2023
Joe Aribo,NGA,"['MF', 'FW']",Southampton,26,1996,21,13,"1,224",13.6,2,0,2,2,0,0,2,0,1.5,1.5,0.8,2.3,19,39,64,2022-2023
Adam Armstrong,ENG,"['FW', 'MF']",Southampton,25,1997,30,14,"1,335",14.8,2,1,3,2,0,0,2,0,2.1,2.1,1.3,3.3,39,16,70,2022-2023
Stuart Armstrong,SCO,"['MF', 'FW']",Southampton,30,1992,32,14,"1,408",15.6,2,1,3,2,0,0,6,0,2.4,2.4,2.2,4.7,61,75,88,2022-2023
Kepa Arrizabalaga,ESP,['GK'],Chelsea,27,1994,29,29,"2,565",28.5,0,0,0,0,0,0,1,0,0.0,0.0,0.0,0.0,0,0,0,2022-2023
Pierre-Emerick Aubameyang,GAB,['FW'],Chelsea,33,1989,15,5,554,6.2,1,0,1,1,0,0,1,0,1.5,1.5,0.4,1.9,9,3,29,2022-2023
Ludwig Augustinsson,SWE,['DF'],Aston Villa,28,1994,3,1,77,0.9,0,0,0,0,0,0,1,0,0.1,0.1,0.0,0.1,0,0,3,2022-2023
Serge Aurier,CIV,['DF'],Nott'ham Forest,29,1992,24,22,"1,943",21.6,1,0,1,1,0,0,2,0,0.8,0.8,1.0,1.8,37,71,50,2022-2023
Taiwo Awoniyi,NGA,['FW'],Nott'ham Forest,24,1997,27,17,"1,404",15.6,10,1,11,10,0,0,2,0,6.6,6.6,1.1,7.7,18,12,55,2022-2023
Yasin Ayari,SWE,['MF'],Brighton,18,2003,3,1,67,0.7,0,0,0,0,0,0,0,0,0.0,0.0,0.1,0.2,0,2,2,2022-2023
André Ayew,GHA,"['FW', 'MF']",Nott'ham Forest,32,1989,13,1,316,3.5,0,0,0,0,0,1,1,0,1.0,0.3,0.0,0.3,3,11,16,2022-2023
Jordan Ayew,GHA,"['FW', 'MF']",Crystal Palace,30,1991,38,31,"2,714",30.2,4,3,7,4,0,0,5,0,3.2,3.2,3.2,6.4,83,63,174,2022-2023
Luke Ayling,ENG,['DF'],Leeds United,30,1991,29,22,"2,054",22.8,2,1,3,2,0,0,3,0,3.2,3.2,2.0,5.2,28,77,100,2022-2023
César Azpilicueta,ESP,['DF'],Chelsea,32,1989,25,16,"1,527",17.0,0,0,0,0,0,0,3,0,0.4,0.4,1.1,1.5,23,71,81,2022-2023
Benoît Badiashile,FRA,['DF'],Chelsea,21,2001,11,10,905,10.1,1,0,1,1,0,0,2,0,1.2,1.2,0.5,1.6,11,56,2,2022-2023
Leon Bailey,JAM,"['FW', 'MF']",Aston Villa,24,1997,33,26,"1,967",21.9,4,4,8,4,0,0,4,0,5.3,5.3,4.8,10.1,85,28,182,2022-2023
Stefan Bajcetic,ESP,['MF'],Liverpool,17,2004,11,6,526,5.8,1,0,1,1,0,0,2,0,0.8,0.8,0.4,1.2,10,24,1,2022-2023
Dominic Ballard,ENG,"['FW', 'MF']",Southampton,17,2005,2,0,26,0.3,0,0,0,0,0,0,0,0,0.0,0.0,0.0,0.0,1,0,1,2022-2023
Patrick Bamford,ENG,['FW'],Leeds United,28,1993,28,18,"1,515",16.8,4,2,6,4,0,2,3,0,8.5,6.9,1.0,7.9,17,23,96,2022-2023
Shandon Baptiste,GRN,['MF'],Brentford,24,1998,23,4,618,6.9,0,1,1,0,0,0,3,1,0.4,0.4,1.1,1.4,8,39,23,2022-2023
Harvey Barnes,ENG,"['FW', 'MF']",Leicester City,24,1997,34,32,"2,711",30.1,13,1,14,13,0,0,3,0,8.9,8.9,3.1,12.0,100,79,257,2022-2023
Gavin Bazunu,IRL,['GK'],Southampton,20,2002,32,32,"2,880",32.0,0,0,0,0,0,0,0,0,0.0,0.0,0.1,0.1,0,1,0,2022-2023
Mads Bech Sørensen,DEN,"['DF', 'MF']",Brentford,23,1999,4,0,21,0.2,0,0,0,0,0,0,0,0,0.0,0.0,0.0,0.0,0,1,0,2022-2023
Jan Bednarek,POL,['DF'],Southampton,26,1996,20,20,"1,672",18.6,0,0,0,0,0,0,5,0,0.4,0.4,0.1,0.5,8,45,2,2022-2023
Jan Bednarek,POL,['DF'],Aston Villa,26,1996,3,1,100,1.1,0,0,0,0,0,0,0,0,0.0,0.0,0.0,0.0,1,5,0,2022-2023
Donny van de Beek,NED,['MF'],Manchester Utd,25,1997,7,2,167,1.9,0,0,0,0,0,0,0,0,0.1,0.1,0.1,0.2,2,6,20,2022-2023
Asmir Begović,BIH,['GK'],Everton,35,1987,1,1,90,1.0,0,0,0,0,0,0,0,0,0.0,0.0,0.0,0.0,0,0,0,2022-2023
Armel Bella Kotchap,GER,['DF'],Southampton,20,2001,24,24,"1,879",20.9,0,2,2,0,0,0,4,0,1.0,1.0,1.0,2.1,9,39,2,2022-2023
Saïd Benrahma,ALG,"['FW', 'MF']",West Ham,26,1995,35,22,"2,069",23.0,6,3,9,2,4,4,0,0,7.0,3.9,4.5,8.4,109,82,237,2022-2023
Rodrigo Bentancur,URU,['MF'],Tottenham,25,1997,18,17,"1,500",16.7,5,2,7,5,0,0,8,0,2.2,2.2,0.8,3.1,26,76,19,2022-2023
Daniel Bentley,ENG,['GK'],Wolves,29,1993,2,2,180,2.0,0,0,0,0,0,0,0,0,0.0,0.0,0.0,0.0,0,0,0,2022-2023
Victor Bernth Kristiansen,DEN,['DF'],Leicester City,19,2002,12,11,892,9.9,0,1,1,0,0,0,2,0,0.1,0.1,0.8,0.9,17,31,24,2022-2023
Owen Bevan,WAL,['DF'],Bournemouth,18,2003,1,0,9,0.1,0,0,0,0,0,0,0,0,0.0,0.0,0.0,0.0,0,0,0,2022-2023
Giulian Biancone,FRA,['DF'],Nott'ham Forest,22,2000,2,0,17,0.2,0,0,0,0,0,0,0,0,0.0,0.0,0.0,0.0,2,0,1,2022-2023
Philip Billing,DEN,"['MF', 'FW']",Bournemouth,26,1996,36,34,"2,764",30.7,7,1,8,7,0,0,5,0,4.9,4.9,3.2,8.0,37,80,101,2022-2023
Yves Bissouma,MLI,['MF'],Tottenham,25,1996,23,10,"1,010",11.2,0,0,0,0,0,0,6,0,0.2,0.2,0.5,0.7,14,62,10,2022-2023
Willy Boly,CIV,['DF'],Nott'ham Forest,31,1991,11,9,685,7.6,0,1,1,0,0,0,2,0,0.0,0.0,0.2,0.2,1,12,0,2022-2023
Sven Botman,NED,['DF'],Newcastle Utd,22,2000,36,35,"3,127",34.7,0,0,0,0,0,0,2,0,2.5,2.5,1.0,3.5,8,87,5,2022-2023
Jarrod Bowen,ENG,"['FW', 'MF']",West Ham,25,1996,38,36,"3,233",35.9,6,5,11,5,1,2,2,0,8.9,7.8,7.4,15.2,101,72,213,2022-2023
James Bree,ENG,['DF'],Southampton,24,1997,5,4,367,4.1,0,0,0,0,0,0,1,0,0.0,0.0,0.2,0.2,4,5,12,2022-2023
Armando Broja,ALB,['FW'],Chelsea,20,2001,12,2,294,3.3,1,0,1,1,0,0,0,0,0.8,0.8,0.1,0.9,8,4,17,2022-2023
David Brooks,WAL,"['FW', 'MF']",Bournemouth,25,1997,6,2,173,1.9,0,0,0,0,0,0,1,0,0.3,0.3,0.2,0.5,5,11,10,2022-2023
Lewis Brunt,ENG,['DF'],Leicester City,21,2000,1,0,23,0.3,0,0,0,0,0,0,0,0,0.0,0.0,0.0,0.0,0,0,2,2022-2023
Emi Buendía,ARG,"['MF', 'FW']",Aston Villa,25,1996,38,27,"2,412",26.8,5,2,7,5,0,0,0,0,6.3,6.3,5.7,12.0,60,138,137,2022-2023
Hugo Bueno,ESP,['DF'],Wolves,19,2002,21,16,"1,310",14.6,0,1,1,0,0,0,1,0,0.2,0.2,1.3,1.5,52,39,64,2022-2023
Facundo Buonanotte,ARG,"['FW', 'MF']",Brighton,17,2004,13,6,565,6.3,1,1,2,1,0,0,2,0,1.4,1.4,0.5,1.9,9,13,42,2022-2023
Dan Burn,ENG,['DF'],Newcastle Utd,30,1992,38,35,"3,111",34.6,1,0,1,1,0,0,5,0,2.1,2.1,1.3,3.4,29,118,46,2022-2023
Cafú,POR,['MF'],Nott'ham Forest,29,1993,1,0,7,0.1,0,0,0,0,0,0,0,0,0.0,0.0,0.0,0.0,0,1,0,2022-2023
Moisés Caicedo,ECU,['MF'],Brighton,20,2001,37,34,"3,139",34.9,1,1,2,1,0,0,10,0,1.7,1.7,2.7,4.3,38,219,61,2022-2023
Tom Cairney,SCO,['MF'],Fulham,31,1991,33,6,988,11.0,2,0,2,2,0,0,2,0,1.5,1.5,1.4,2.9,34,92,57,2022-2023
Duje Ćaleta-Car,CRO,['DF'],Southampton,25,1996,13,9,946,10.5,1,0,1,1,0,0,2,0,0.8,0.8,0.0,0.8,5,33,0,2022-2023
Dominic Calvert-Lewin,ENG,['FW'],Everton,25,1997,17,15,"1,165",12.9,2,1,3,1,1,1,3,0,5.8,5.0,0.8,5.9,18,15,56,2022-2023
Chem Campbell,WAL,"['FW', 'MF']",Wolves,19,2002,5,0,74,0.8,0,0,0,0,0,0,0,0,0.1,0.1,0.0,0.1,2,4,10,2022-2023
João Cancelo,POR,['DF'],Manchester City,28,1994,17,16,"1,274",14.2,2,1,3,2,0,0,3,1,0.8,0.8,0.9,1.7,73,106,125,2022-2023
Thomas Cannon,IRL,['FW'],Everton,19,2002,2,0,25,0.3,0,0,0,0,0,0,0,0,0.1,0.1,0.5,0.6,1,0,2,2022-2023
Sergi Canós,ESP,"['FW', 'DF']",Brentford,25,1997,5,0,77,0.9,0,0,0,0,0,0,0,0,0.1,0.1,0.0,0.1,4,2,7,2022-2023
Diego Carlos,BRA,['DF'],Aston Villa,29,1993,3,2,205,2.3,0,0,0,0,0,0,0,0,0.4,0.4,0.0,0.4,1,11,0,2022-2023
Fabio Carvalho,POR,"['MF', 'FW']",Liverpool,19,2002,13,4,347,3.9,2,0,2,2,0,0,0,0,1.1,1.1,0.1,1.2,9,12,26,2022-2023
Casemiro,BRA,['MF'],Manchester Utd,30,1992,28,24,"2,124",23.6,4,3,7,4,0,0,7,2,3.4,3.4,3.1,6.5,14,152,34,2022-2023
Matty Cash,POL,['DF'],Aston Villa,24,1997,26,20,"1,820",20.2,0,1,1,0,0,0,4,0,0.2,0.2,0.7,0.9,42,75,57,2022-2023
Timothy Castagne,BEL,['DF'],Leicester City,26,1995,37,36,"3,254",36.2,2,3,5,2,0,0,3,0,2.2,2.2,2.6,4.8,39,106,149,2022-2023
Jonny Castro,ESP,['DF'],Wolves,28,1994,18,14,"1,261",14.0,1,0,1,1,0,0,3,1,0.3,0.3,1.0,1.3,24,70,46,2022-2023
Nathaniel Chalobah,ENG,['MF'],Fulham,27,1994,4,1,12,0.1,0,0,0,0,0,0,0,1,0.1,0.1,0.0,0.1,0,0,0,2022-2023
Trevoh Chalobah,ENG,['DF'],Chelsea,23,1999,25,18,"1,608",17.9,0,0,0,0,0,0,4,0,0.9,0.9,0.3,1.2,17,71,27,2022-2023
Calum Chambers,ENG,"['DF', 'MF']",Aston Villa,27,1995,14,2,353,3.9,0,0,0,0,0,0,2,0,0.1,0.1,0.3,0.4,6,16,2,2022-2023
Shea Charles,NIR,['DF'],Manchester City,18,2003,1,0,28,0.3,0,0,0,0,0,0,0,0,0.0,0.0,0.0,0.0,1,1,0,2022-2023
Ben Chilwell,ENG,"['DF', 'MF']",Chelsea,25,1996,23,15,"1,408",15.6,2,2,4,2,0,0,3,0,1.4,1.4,2.2,3.7,43,41,131,2022-2023
Ryan Christie,SCO,"['MF', 'FW']",Bournemouth,27,1995,32,22,"1,834",20.4,1,1,2,1,0,0,2,0,2.7,2.7,2.4,5.1,39,71,71,2022-2023
Carney Chukwuemeka,ENG,"['MF', 'FW']",Chelsea,18,2003,14,2,354,3.9,0,0,0,0,0,0,0,0,0.4,0.4,0.6,1.0,21,23,21,2022-2023
Bobby Clark,ENG,['MF'],Liverpool,17,2005,1,0,8,0.1,0,0,0,0,0,0,0,0,0.0,0.0,0.0,0.0,0,1,2,2022-2023
Nathaniel Clyne,ENG,['DF'],Crystal Palace,31,1991,22,19,"1,640",18.2,0,0,0,0,0,0,3,0,0.0,0.0,0.7,0.7,14,52,29,2022-2023
Conor Coady,ENG,['DF'],Everton,29,1993,24,23,"2,096",23.3,1,1,2,1,0,0,2,0,0.8,0.8,0.3,1.2,4,43,1,2022-2023
Jack Colback,ENG,['MF'],Nott'ham Forest,32,1989,11,4,497,5.5,0,0,0,0,0,0,0,0,0.0,0.0,0.2,0.2,5,16,3,2022-2023
Séamus Coleman,IRL,['DF'],Everton,33,1988,23,20,"1,656",18.4,1,0,1,1,0,0,1,0,0.4,0.4,0.9,1.2,13,61,37,2022-2023
Nathan Collins,IRL,['DF'],Wolves,21,2001,26,19,"1,814",20.2,0,0,0,0,0,0,2,1,0.2,0.2,0.1,0.3,11,64,5,2022-2023
Levi Colwill,ENG,['DF'],Brighton,19,2003,17,13,"1,220",13.6,0,2,2,0,0,0,1,0,1.4,1.4,0.5,1.9,16,70,3,2022-2023
Lewis Cook,ENG,['MF'],Bournemouth,25,1997,28,18,"1,720",19.1,0,2,2,0,0,0,4,0,0.2,0.2,2.5,2.7,9,63,10,2022-2023
Steve Cook,ENG,['DF'],Nott'ham Forest,31,1991,12,11,957,10.6,0,0,0,0,0,0,4,0,0.1,0.1,0.6,0.7,1,19,0,2022-2023
Liam Cooper,SCO,['DF'],Leeds United,30,1991,18,16,"1,426",15.8,1,0,1,1,0,0,5,0,1.0,1.0,0.7,1.7,3,47,2,2022-2023
Maxwel Cornet,CIV,['FW'],West Ham,25,1996,14,2,245,2.7,0,0,0,0,0,0,0,0,1.3,1.3,0.1,1.3,9,5,26,2022-2023
Diego Costa,ESP,['FW'],Wolves,33,1988,23,16,"1,241",13.8,1,0,1,1,0,0,5,1,3.2,3.2,0.7,3.9,19,13,60,2022-2023
Vladimír Coufal,CZE,['DF'],West Ham,29,1992,27,24,"2,136",23.7,0,1,1,0,0,0,5,0,0.3,0.3,2.5,2.7,53,82,109,2022-2023
Philippe Coutinho,BRA,"['MF', 'FW']",Aston Villa,30,1992,20,7,788,8.8,1,0,1,1,0,0,3,0,1.4,1.4,0.5,1.8,18,48,68,2022-2023
Conor Coventry,IRL,"['MF', 'FW']",West Ham,22,2000,1,0,1,0.0,0,0,0,0,0,0,0,0,0.0,0.0,0.0,0.0,0,0,0,2022-2023
Matthew Craig,SCO,['MF'],Tottenham,19,2003,1,0,14,0.2,0,0,0,0,0,0,0,0,0.0,0.0,0.0,0.0,0,0,0,2022-2023
Aaron Cresswell,ENG,['DF'],West Ham,32,1989,28,24,"2,235",24.8,0,1,1,0,0,0,3,0,0.3,0.3,3.7,4.0,35,145,82,2022-2023
Marc Cucurella,ESP,['DF'],Chelsea,24,1998,24,21,"1,671",18.6,0,2,2,0,0,0,4,0,0.4,0.4,0.6,1.0,30,73,65,2022-2023
Matheus Cunha,BRA,['FW'],Wolves,23,1999,17,12,965,10.7,2,0,2,2,0,0,1,0,2.0,2.0,0.6,2.6,16,14,43,2022-2023
Patson Daka,ZAM,['FW'],Leicester City,23,1998,30,13,"1,187",13.2,4,4,8,4,0,0,2,0,3.5,3.5,2.8,6.3,18,17,82,2022-2023
Diogo Dalot,POR,['DF'],Manchester Utd,23,1999,26,24,"2,154",23.9,1,2,3,1,0,0,6,0,2.5,2.5,1.9,4.4,46,92,85,2022-2023
Mikkel Damsgaard,DEN,"['MF', 'FW']",Brentford,22,2000,26,9,988,11.0,0,0,0,0,0,0,4,0,2.6,2.6,1.4,4.0,9,44,45,2022-2023
Danilo,BRA,['MF'],Nott'ham Forest,21,2001,13,12,976,10.8,3,2,5,3,0,0,1,0,1.5,1.5,0.7,2.3,13,34,22,2022-2023
Arnaut Danjuma,NED,"['FW', 'MF']",Tottenham,25,1997,9,1,169,1.9,1,0,1,1,0,0,0,0,0.8,0.8,0.0,0.9,5,2,19,2022-2023
Josh Dasilva,ENG,['MF'],Brentford,23,1998,36,14,"1,389",15.4,4,2,6,4,0,0,1,0,1.5,1.5,1.4,3.0,60,62,69,2022-2023
David Datro Fofana,CIV,['FW'],Chelsea,19,2002,3,1,70,0.8,0,0,0,0,0,0,0,0,0.2,0.2,0.1,0.4,2,2,9,2022-2023
Ben Davies,WAL,['DF'],Tottenham,29,1993,31,26,"2,288",25.4,2,2,4,2,0,0,4,0,1.0,1.0,2.5,3.5,39,107,69,2022-2023
Tom Davies,ENG,['MF'],Everton,24,1998,19,4,538,6.0,0,0,0,0,0,0,3,0,1.2,1.2,0.2,1.3,2,30,13,2022-2023
Craig Dawson,ENG,['DF'],West Ham,32,1990,8,8,720,8.0,0,0,0,0,0,0,2,0,0.5,0.5,0.1,0.6,0,18,1,2022-2023
Craig Dawson,ENG,['DF'],Wolves,32,1990,17,17,"1,414",15.7,1,0,1,1,0,0,4,0,1.0,1.0,0.0,1.0,5,44,1,2022-2023
Kevin De Bruyne,BEL,['MF'],Manchester City,31,1991,32,28,"2,417",26.9,7,16,23,7,0,0,1,0,5.6,5.6,13.7,19.3,100,246,245,2022-2023
Bobby De Cordova-Reid,JAM,"['FW', 'DF']",Fulham,29,1993,36,29,"2,475",27.5,4,1,5,4,0,0,8,0,3.9,3.9,1.7,5.6,46,63,186,2022-2023
Siriki Dembélé,CIV,"['FW', 'MF']",Bournemouth,25,1996,6,0,110,1.2,0,0,0,0,0,0,0,0,0.2,0.2,0.3,0.5,5,4,11,2022-2023
Leander Dendoncker,BEL,['MF'],Aston Villa,27,1995,20,7,697,7.7,0,0,0,0,0,0,0,0,0.1,0.1,0.5,0.5,1,18,2,2022-2023
Leander Dendoncker,BEL,['MF'],Wolves,27,1995,4,2,214,2.4,0,0,0,0,0,0,0,0,0.7,0.7,0.0,0.7,1,6,3,2022-2023
Emmanuel Dennis,NGA,"['FW', 'MF']",Nott'ham Forest,24,1997,19,6,720,8.0,2,2,4,2,0,0,3,0,1.9,1.9,0.6,2.4,24,17,63,2022-2023
Halil Dervişoğlu,TUR,['MF'],Brentford,22,1999,1,0,8,0.1,0,0,0,0,0,0,0,0,0.0,0.0,0.0,0.0,0,0,0,2022-2023
Kiernan Dewsbury-Hall,ENG,['MF'],Leicester City,23,1998,31,28,"2,306",25.6,2,2,4,2,0,0,5,1,2.4,2.4,3.3,5.6,68,132,91,2022-2023
Ibrahima Diallo,FRA,['MF'],Southampton,23,1999,18,11,819,9.1,0,0,0,0,0,0,4,0,0.2,0.2,0.1,0.3,9,28,6,2022-2023
Rúben Dias,POR,['DF'],Manchester City,25,1997,26,22,"1,998",22.2,0,0,0,0,0,0,3,0,1.3,1.3,0.6,1.9,14,98,2,2022-2023
Luis Díaz,COL,['FW'],Liverpool,25,1997,17,11,996,11.1,4,2,6,4,0,0,2,0,2.5,2.5,1.5,4.0,39,49,116,2022-2023
Eric Dier,ENG,['DF'],Tottenham,28,1994,33,31,"2,818",31.3,2,1,3,2,0,0,3,0,1.6,1.6,1.2,2.8,9,87,14,2022-2023
Lucas Digne,FRA,['DF'],Aston Villa,29,1993,28,18,"1,502",16.7,1,0,1,1,0,0,5,0,0.4,0.4,1.9,2.3,29,57,89,2022-2023
Issa Diop,FRA,['DF'],Fulham,25,1997,25,21,"2,012",22.4,1,0,1,1,0,0,2,0,0.3,0.3,0.4,0.7,13,70,4,2022-2023
Moussa Djenepo,MLI,"['DF', 'FW']",Southampton,24,1998,16,7,710,7.9,0,2,2,0,0,0,1,0,0.2,0.2,0.5,0.7,27,19,39,2022-2023
Matt Doherty,IRL,"['DF', 'MF']",Tottenham,30,1992,12,7,667,7.4,1,0,1,1,0,0,0,0,0.8,0.8,0.3,1.0,16,20,57,2022-2023
Abdoulaye Doucouré,MLI,['MF'],Everton,29,1993,25,17,"1,533",17.0,5,2,7,5,0,0,6,1,2.4,2.4,2.2,4.6,23,38,66,2022-2023
Cheick Doucouré,MLI,['MF'],Crystal Palace,22,2000,34,34,"2,769",30.8,0,3,3,0,0,0,10,1,1.4,1.4,1.9,3.4,18,140,17,2022-2023
Flynn Downes,ENG,['MF'],West Ham,23,1999,21,7,762,8.5,0,0,0,0,0,0,2,0,0.4,0.4,0.1,0.5,3,22,11,2022-2023
Kami Doyle,ENG,['MF'],Southampton,16,2005,1,0,7,0.1,0,0,0,0,0,0,0,0,0.0,0.0,0.0,0.0,0,0,0,2022-2023
Cody Drameh,ENG,['DF'],Leeds United,20,2001,1,1,69,0.8,0,0,0,0,0,0,0,0,0.0,0.0,0.0,0.0,0,2,3,2022-2023
Martin Dúbravka,SVK,['GK'],Newcastle Utd,33,1989,2,1,157,1.7,0,0,0,0,0,0,0,0,0.0,0.0,0.0,0.0,0,0,0,2022-2023
Shane Duffy,IRL,"['DF', 'FW']",Fulham,30,1992,5,0,20,0.2,0,0,0,0,0,0,0,0,0.2,0.2,0.0,0.2,0,0,0,2022-2023
Lewis Dunk,ENG,['DF'],Brighton,30,1991,36,36,"3,239",36.0,1,0,1,1,0,0,4,0,1.7,1.7,1.0,2.7,19,158,5,2022-2023
Jáder Durán,COL,"['FW', 'MF']",Aston Villa,18,2003,12,0,136,1.5,0,0,0,0,0,0,1,0,0.6,0.6,0.0,0.6,4,4,13,2022-2023
Malcolm Ebiowei,ENG,"['MF', 'FW']",Crystal Palace,18,2003,3,0,34,0.4,0,0,0,0,0,0,0,0,0.0,0.0,0.0,0.0,2,2,9,2022-2023
Ederson,BRA,['GK'],Manchester City,28,1993,35,35,"3,150",35.0,0,1,1,0,0,0,3,0,0.0,0.0,0.2,0.2,0,0,0,2022-2023
Odsonne Édouard,FRA,['FW'],Crystal Palace,24,1998,35,20,"1,803",20.0,5,2,7,5,0,0,3,0,4.2,4.2,1.2,5.4,29,32,100,2022-2023
Samuel Edozie,ENG,"['FW', 'MF']",Southampton,19,2003,17,5,567,6.3,0,0,0,0,0,0,0,0,0.9,0.9,0.4,1.3,26,13,39,2022-2023
Anthony Elanga,SWE,['FW'],Manchester Utd,20,2002,16,5,426,4.7,0,1,1,0,0,0,0,0,0.7,0.7,0.9,1.6,12,8,28,2022-2023
Harvey Elliott,ENG,"['MF', 'FW']",Liverpool,19,2003,32,18,"1,613",17.9,1,2,3,1,0,0,2,0,2.1,2.1,3.5,5.6,54,142,129,2022-2023
Mohamed Elneny,EGY,['MF'],Arsenal,30,1992,5,1,113,1.3,0,0,0,0,0,0,0,0,0.0,0.0,0.0,0.0,1,2,1,2022-2023
Mohamed Elyounoussi,NOR,"['MF', 'FW']",Southampton,27,1994,33,27,"2,168",24.1,1,1,2,1,0,0,4,0,3.5,3.5,2.1,5.6,56,50,98,2022-2023
Emerson,BRA,['DF'],Tottenham,23,1999,26,20,"1,735",19.3,2,1,3,2,0,0,2,1,1.7,1.7,0.6,2.3,47,80,103,2022-2023
Julio Enciso,PAR,"['FW', 'MF']",Brighton,18,2004,20,7,806,9.0,4,2,6,4,0,0,1,0,4.0,4.0,1.7,5.7,39,31,74,2022-2023
Christian Eriksen,DEN,['MF'],Manchester Utd,30,1992,28,25,"2,048",22.8,1,8,9,1,0,0,3,0,5.0,5.0,4.2,9.2,23,164,66,2022-2023
Pervis Estupiñán,ECU,['DF'],Brighton,24,1998,35,31,"2,675",29.7,1,5,6,1,0,0,4,0,1.7,1.7,5.4,7.1,91,157,183,2022-2023
Jonny Evans,NIR,['DF'],Leicester City,34,1988,13,12,"1,051",11.7,0,0,0,0,0,0,1,0,0.2,0.2,0.0,0.2,6,35,0,2022-2023
Eberechi Eze,ENG,"['MF', 'FW']",Crystal Palace,24,1998,38,30,"2,636",29.3,10,4,14,9,1,1,3,0,7.3,6.5,4.3,10.8,69,131,129,2022-2023
Łukasz Fabiański,POL,['GK'],West Ham,37,1985,36,36,"3,111",34.6,0,0,0,0,0,0,1,0,0.0,0.0,0.0,0.0,0,0,0,2022-2023
Fabinho,BRA,['MF'],Liverpool,28,1993,36,31,"2,671",29.7,0,2,2,0,0,0,11,0,0.7,0.7,2.1,2.9,15,161,39,2022-2023
Wout Faes,BEL,['DF'],Leicester City,24,1998,31,31,"2,786",31.0,1,2,3,1,0,0,6,1,1.2,1.2,0.6,1.8,11,74,2,2022-2023
Felipe,BRA,['DF'],Nott'ham Forest,33,1989,16,15,"1,418",15.8,0,1,1,0,0,0,4,0,1.2,1.2,0.9,2.1,3,22,4,2022-2023
João Félix,POR,"['FW', 'MF']",Chelsea,22,1999,16,11,941,10.5,4,0,4,4,0,0,1,1,4.9,4.9,0.5,5.4,34,47,79,2022-2023
Evan Ferguson,IRL,['FW'],Brighton,17,2004,19,10,950,10.6,6,2,8,6,0,0,1,0,5.3,5.3,0.7,6.1,11,14,58,2022-2023
Bruno Fernandes,POR,"['MF', 'FW']",Manchester Utd,27,1994,37,37,"3,316",36.8,8,8,16,6,2,2,6,0,9.3,7.7,16.7,24.4,89,263,231,2022-2023
Enzo Fernández,ARG,['MF'],Chelsea,21,2001,18,18,"1,547",17.2,0,2,2,0,0,0,3,0,0.8,0.8,2.4,3.2,22,168,18,2022-2023
Roberto Firmino,BRA,"['FW', 'MF']",Liverpool,30,1991,25,13,"1,213",13.5,11,4,15,11,0,0,0,0,5.5,5.5,2.5,8.0,16,78,96,2022-2023
Junior Firpo,DOM,['DF'],Leeds United,25,1996,19,14,"1,368",15.2,1,1,2,1,0,0,6,1,0.1,0.1,0.8,0.9,20,54,34,2022-2023
Phil Foden,ENG,['FW'],Manchester City,22,2000,32,22,"1,842",20.5,11,6,17,11,0,0,1,0,5.9,5.9,4.7,10.6,68,88,275,2022-2023
Wesley Fofana,FRA,['DF'],Leicester City,21,2000,2,2,180,2.0,0,0,0,0,0,0,1,0,0.1,0.1,0.0,0.1,3,6,1,2022-2023
Wesley Fofana,FRA,['DF'],Chelsea,21,2000,15,12,"1,183",13.1,1,0,1,1,0,0,3,0,0.7,0.7,0.1,0.8,29,43,12,2022-2023
Pablo Fornals,ESP,"['FW', 'MF']",West Ham,26,1996,32,17,"1,503",16.7,3,1,4,3,0,0,0,0,2.2,2.2,1.7,3.9,33,89,101,2022-2023
Adam Forshaw,ENG,['MF'],Leeds United,30,1991,12,5,479,5.3,0,0,0,0,0,0,0,0,0.0,0.0,0.9,0.9,4,33,7,2022-2023
Fraser Forster,ENG,['GK'],Tottenham,34,1988,14,13,"1,215",13.5,0,0,0,0,0,0,1,0,0.0,0.0,0.0,0.0,0,0,0,2022-2023
Tyrese Francois,AUS,['FW'],Fulham,22,2000,1,0,1,0.0,0,0,0,0,0,0,0,0,0.0,0.0,0.0,0.0,0,0,1,2022-2023
Ryan Fraser,SCO,['FW'],Newcastle Utd,28,1994,8,3,313,3.5,0,0,0,0,0,0,1,0,0.3,0.3,0.4,0.7,8,9,23,2022-2023
Fred,BRA,['MF'],Manchester Utd,29,1993,35,12,"1,249",13.9,2,2,4,2,0,0,6,0,2.0,2.0,2.9,4.9,10,76,50,2022-2023
Ryan Fredericks,ENG,['DF'],Bournemouth,29,1992,12,5,533,5.9,0,0,0,0,0,0,1,0,0.0,0.0,0.1,0.1,13,15,28,2022-2023
Remo Freuler,SUI,['MF'],Nott'ham Forest,30,1992,28,24,"2,161",24.0,0,0,0,0,0,0,4,0,0.4,0.4,0.8,1.2,7,54,11,2022-2023
Cody Gakpo,NED,"['FW', 'MF']",Liverpool,23,1999,21,17,"1,458",16.2,7,2,9,7,0,0,0,0,6.2,6.2,2.7,8.9,36,50,109,2022-2023
Conor Gallagher,ENG,['MF'],Chelsea,22,2000,35,18,"1,621",18.0,3,1,4,3,0,0,11,1,2.5,2.5,2.3,4.7,40,105,104,2022-2023
Idrissa Gana Gueye,SEN,['MF'],Everton,32,1989,33,32,"2,577",28.6,0,1,1,0,0,0,7,0,0.7,0.7,1.1,1.8,27,98,19,2022-2023
Ben Gannon-Doak,SCO,['FW'],Liverpool,16,2005,2,0,26,0.3,0,0,0,0,0,0,0,0,0.0,0.0,0.0,0.0,1,1,4,2022-2023
Alejandro Garnacho,ARG,"['FW', 'MF']",Manchester Utd,18,2004,19,5,569,6.3,3,2,5,3,0,0,3,0,3.0,3.0,1.0,4.1,33,12,85,2022-2023
James Garner,ENG,"['MF', 'DF']",Everton,21,2001,16,7,804,8.9,0,1,1,0,0,0,3,0,0.8,0.8,0.5,1.3,8,33,18,2022-2023
David de Gea,ESP,['GK'],Manchester Utd,31,1990,38,38,"3,420",38.0,0,0,0,0,0,0,0,0,0.0,0.0,0.1,0.1,0,0,0,2022-2023
Joe Gelhardt,ENG,['FW'],Leeds United,20,2002,15,1,212,2.4,0,2,2,0,0,0,1,0,0.8,0.8,0.5,1.3,2,6,21,2022-2023
Saman Ghoddos,IRN,"['MF', 'FW']",Brentford,28,1993,15,0,139,1.5,0,0,0,0,0,0,0,0,0.0,0.0,0.4,0.5,1,8,6,2022-2023
Morgan Gibbs-White,ENG,"['FW', 'MF']",Wolves,22,2000,2,2,180,2.0,0,0,0,0,0,0,1,0,0.7,0.7,0.1,0.8,4,12,12,2022-2023
Morgan Gibbs-White,ENG,"['MF', 'FW']",Nott'ham Forest,22,2000,35,34,"2,971",33.0,5,8,13,3,2,2,5,0,6.0,4.4,8.2,12.7,69,131,157,2022-2023
Bryan Gil,ESP,"['MF', 'FW']",Tottenham,21,2001,4,2,148,1.6,0,1,1,0,0,0,1,0,0.1,0.1,0.2,0.3,4,5,15,2022-2023
Billy Gilmour,SCO,['MF'],Brighton,21,2001,14,7,507,5.6,0,1,1,0,0,0,1,0,0.5,0.5,0.2,0.8,5,35,4,2022-2023
Wilfried Gnonto,ITA,"['FW', 'MF']",Leeds United,18,2003,24,14,"1,354",15.0,2,4,6,2,0,0,7,0,1.8,1.8,2.2,4.0,66,35,136,2022-2023
Ben Godfrey,ENG,['DF'],Everton,24,1998,13,10,802,8.9,0,1,1,0,0,0,2,0,1.2,1.2,0.2,1.4,9,19,7,2022-2023
João Gomes,BRA,['MF'],Wolves,21,2001,11,7,653,7.3,1,0,1,1,0,0,5,0,0.3,0.3,0.2,0.4,7,19,8,2022-2023
Toti Gomes,POR,['DF'],Wolves,23,1999,17,10,984,10.9,1,0,1,1,0,0,6,0,0.4,0.4,0.3,0.7,4,27,23,2022-2023
Joe Gomez,ENG,['DF'],Liverpool,25,1997,21,15,"1,466",16.3,0,0,0,0,0,0,3,0,0.2,0.2,0.2,0.3,15,108,5,2022-2023
Sergio Gómez,ESP,"['DF', 'MF']",Manchester City,21,2000,12,2,349,3.9,0,1,1,0,0,0,0,0,0.4,0.4,1.2,1.5,10,18,20,2022-2023
Anthony Gordon,ENG,"['FW', 'MF']",Newcastle Utd,21,2001,16,4,487,5.4,1,0,1,1,0,0,1,0,1.7,1.7,0.9,2.6,20,15,45,2022-2023
Anthony Gordon,ENG,['FW'],Everton,21,2001,16,12,"1,095",12.2,3,0,3,3,0,0,6,0,3.3,3.3,0.6,3.9,28,19,67,2022-2023
Demarai Gray,JAM,"['FW', 'MF']",Everton,26,1996,33,27,"2,507",27.9,4,1,5,2,2,2,3,0,6.2,4.7,3.8,8.5,94,46,199,2022-2023
Jack Grealish,ENG,['FW'],Manchester City,26,1995,28,23,"2,055",22.8,5,7,12,5,0,0,4,0,4.6,4.6,7.1,11.7,143,100,310,2022-2023
Sam Greenwood,ENG,"['MF', 'FW']",Leeds United,20,2002,18,3,424,4.7,1,2,3,1,0,0,1,0,0.7,0.7,1.1,1.8,7,15,10,2022-2023
Pascal Groß,GER,"['MF', 'DF']",Brighton,31,1991,37,37,"3,239",36.0,9,8,17,9,0,0,6,0,5.4,5.4,10.9,16.3,62,255,209,2022-2023
Vicente Guaita,ESP,['GK'],Crystal Palace,35,1987,27,27,"2,430",27.0,0,0,0,0,0,0,1,0,0.0,0.0,0.0,0.0,0,1,0,2022-2023
Gonçalo Guedes,POR,"['FW', 'MF']",Wolves,25,1996,13,8,707,7.9,1,1,2,1,0,0,1,0,1.2,1.2,0.5,1.7,20,16,54,2022-2023
Marc Guéhi,ENG,['DF'],Crystal Palace,22,2000,37,37,"3,329",37.0,1,0,1,1,0,0,8,0,1.5,1.5,0.5,1.9,17,106,3,2022-2023
Bruno Guimarães,BRA,['MF'],Newcastle Utd,24,1997,32,32,"2,726",30.3,4,5,9,4,0,0,7,0,2.8,2.8,4.0,6.8,41,222,42,2022-2023
İlkay Gündoğan,GER,['MF'],Manchester City,31,1990,31,27,"2,353",26.1,8,4,12,8,0,1,0,0,7.5,6.7,3.3,10.0,53,170,124,2022-2023
Darko Gyabi,ENG,['FW'],Leeds United,18,2004,1,0,8,0.1,0,0,0,0,0,0,0,0,0.1,0.1,0.0,0.1,0,2,0,2022-2023
Erling Haaland,NOR,['FW'],Manchester City,22,2000,35,33,"2,769",30.8,36,8,44,29,7,7,5,0,28.4,23.0,5.3,28.3,35,58,151,2022-2023
Lewis Hall,ENG,['DF'],Chelsea,17,2004,9,8,654,7.3,0,0,0,0,0,0,1,0,0.9,0.9,2.2,3.1,19,25,40,2022-2023
Luke Harris,WAL,"['MF', 'FW']",Fulham,17,2005,3,0,13,0.1,0,0,0,0,0,0,0,0,0.0,0.0,0.0,0.0,0,1,0,2022-2023
Jack Harrison,ENG,"['FW', 'MF']",Leeds United,25,1996,36,34,"2,708",30.1,5,7,12,5,0,0,2,0,4.7,4.7,5.1,9.8,103,103,255,2022-2023
Kai Havertz,GER,"['FW', 'MF']",Chelsea,23,1999,35,30,"2,569",28.5,7,1,8,6,1,1,5,0,11.6,10.8,3.8,14.6,59,89,218,2022-2023
Jan Paul van Hecke,NED,['DF'],Brighton,22,2000,8,3,295,3.3,0,0,0,0,0,0,2,0,0.6,0.6,0.0,0.6,3,21,0,2022-2023
Hwang Hee-chan,KOR,"['FW', 'MF']",Wolves,26,1996,27,12,"1,130",12.6,3,1,4,3,0,0,1,0,2.9,2.9,1.1,4.0,25,30,60,2022-2023
Dean Henderson,ENG,['GK'],Nott'ham Forest,25,1997,18,18,"1,620",18.0,0,0,0,0,0,0,2,0,0.0,0.0,0.0,0.0,0,0,0,2022-2023
Jordan Henderson,ENG,['MF'],Liverpool,32,1990,35,23,"2,074",23.0,0,2,2,0,0,0,2,0,1.4,1.4,3.2,4.5,37,189,90,2022-2023
Wayne Hennessey,WAL,['GK'],Nott'ham Forest,35,1987,4,3,271,3.0,0,0,0,0,0,0,0,0,0.0,0.0,0.0,0.0,0,0,0,2022-2023
Rico Henry,ENG,['DF'],Brentford,25,1997,37,37,"3,238",36.0,0,2,2,0,0,0,4,0,1.5,1.5,2.6,4.1,55,107,111,2022-2023
Son Heung-min,KOR,"['MF', 'FW']",Tottenham,30,1992,36,33,"2,888",32.1,10,6,16,10,0,0,2,0,10.1,10.1,6.5,16.6,82,79,196,2022-2023
Aaron Hickey,SCO,['DF'],Brentford,20,2002,26,23,"1,916",21.3,0,1,1,0,0,0,7,0,0.4,0.4,0.4,0.8,41,81,47,2022-2023
Jack Hinshelwood,ENG,['FW'],Brighton,17,2005,1,0,2,0.0,0,0,0,0,0,0,0,0,0.0,0.0,0.0,0.0,0,0,1,2022-2023
Joseph Hodge,IRL,['MF'],Wolves,19,2002,6,1,175,1.9,0,0,0,0,0,0,1,0,0.3,0.3,0.1,0.3,1,8,5,2022-2023
Rob Holding,ENG,['DF'],Arsenal,26,1995,14,6,566,6.3,1,0,1,1,0,0,0,0,0.3,0.3,0.0,0.3,3,24,2,2022-2023
Mason Holgate,JAM,['DF'],Everton,25,1996,8,5,507,5.6,0,0,0,0,0,0,3,1,1.0,1.0,0.4,1.4,4,14,5,2022-2023
Will Hughes,ENG,['MF'],Crystal Palace,27,1995,27,7,842,9.4,1,1,2,1,0,0,4,0,0.3,0.3,0.9,1.2,14,32,23,2022-2023
Omari Hutchinson,ENG,['FW'],Chelsea,18,2003,1,0,23,0.3,0,0,0,0,0,0,0,0,0.0,0.0,0.0,0.0,1,0,2,2022-2023
Pierre Højbjerg,DEN,['MF'],Tottenham,26,1995,35,35,"3,131",34.8,4,5,9,4,0,0,5,0,2.0,2.0,3.1,5.1,46,235,66,2022-2023
Kelechi Iheanacho,NGA,"['FW', 'MF']",Leicester City,25,1996,28,11,"1,127",12.5,5,5,10,4,1,1,0,0,7.1,6.3,4.0,10.4,33,27,99,2022-2023
Danny Ings,ENG,['FW'],West Ham,30,1992,17,7,775,8.6,2,2,4,2,0,0,1,0,3.0,3.0,1.0,4.0,9,12,44,2022-2023
Danny Ings,ENG,['FW'],Aston Villa,30,1992,18,8,824,9.2,6,0,6,4,2,2,3,0,5.3,3.8,1.2,5.0,15,12,46,2022-2023
Alexander Isak,SWE,['FW'],Newcastle Utd,22,1999,22,17,"1,522",16.9,10,1,11,8,2,2,3,0,8.2,6.7,2.2,8.9,41,48,122,2022-2023
Daniel Iversen,DEN,['GK'],Leicester City,25,1997,12,12,"1,080",12.0,0,0,0,0,0,0,0,0,0.0,0.0,0.0,0.0,0,0,0,2022-2023
Alex Iwobi,NGA,"['MF', 'FW']",Everton,26,1996,38,38,"3,378",37.5,2,7,9,2,0,0,2,0,2.5,2.5,6.1,8.5,90,194,145,2022-2023
Daniel James,WAL,['FW'],Leeds United,24,1997,4,2,198,2.2,0,0,0,0,0,0,0,0,0.3,0.3,0.3,0.6,6,3,9,2022-2023
Daniel James,WAL,['FW'],Fulham,24,1997,20,5,621,6.9,2,1,3,2,0,0,0,0,1.7,1.7,0.7,2.5,24,15,48,2022-2023
Reece James,ENG,"['DF', 'MF']",Chelsea,22,1999,16,14,"1,244",13.8,1,1,2,1,0,0,4,0,1.0,1.0,3.0,4.0,52,90,115,2022-2023
Vitaly Janelt,GER,"['MF', 'DF']",Brentford,24,1998,35,24,"2,208",24.5,3,1,4,3,0,0,3,0,2.4,2.4,1.4,3.8,14,82,28,2022-2023
Pontus Jansson,SWE,['DF'],Brentford,31,1991,12,9,724,8.0,1,0,1,1,0,0,0,0,0.3,0.3,0.0,0.3,1,14,0,2022-2023
Mathias Jensen,DEN,['MF'],Brentford,26,1996,37,37,"2,803",31.1,5,6,11,5,0,0,5,0,2.1,2.1,5.0,7.1,21,141,77,2022-2023
Gabriel Jesus,BRA,['FW'],Arsenal,25,1997,26,24,"2,064",22.9,11,6,17,10,1,1,6,0,13.9,13.1,3.9,17.0,44,64,194,2022-2023
Raúl Jiménez,MEX,['FW'],Wolves,31,1991,15,8,846,9.4,0,1,1,0,0,0,0,0,2.6,2.6,1.7,4.3,5,14,45,2022-2023
Joelinton,BRA,"['MF', 'FW']",Newcastle Utd,25,1996,32,30,"2,661",29.6,6,1,7,6,0,0,12,0,7.1,7.1,2.4,9.4,64,130,150,2022-2023
Ben Johnson,ENG,['DF'],West Ham,22,2000,17,9,866,9.6,0,0,0,0,0,0,0,0,0.1,0.1,0.2,0.3,15,37,22,2022-2023
Brennan Johnson,WAL,"['FW', 'MF']",Nott'ham Forest,21,2001,38,33,"2,934",32.6,8,3,11,7,1,3,6,0,8.6,6.2,3.2,9.4,88,30,155,2022-2023
Sam Johnstone,ENG,['GK'],Crystal Palace,29,1993,9,9,810,9.0,0,0,0,0,0,0,1,0,0.0,0.0,0.0,0.0,0,0,0,2022-2023
Curtis Jones,ENG,['MF'],Liverpool,21,2001,18,12,"1,035",11.5,3,1,4,3,0,0,2,0,1.2,1.2,1.1,2.3,31,69,75,2022-2023
Jorginho,ITA,['MF'],Arsenal,30,1991,14,9,855,9.5,0,1,1,0,0,0,0,0,0.2,0.2,0.2,0.4,15,99,8,2022-2023
Jorginho,ITA,['MF'],Chelsea,30,1991,18,15,"1,279",14.2,2,0,2,0,2,2,4,0,1.7,0.1,0.4,0.5,13,80,10,2022-2023
Mateo Joseph,ESP,"['FW', 'MF']",Leeds United,18,2003,3,0,26,0.3,0,0,0,0,0,0,0,0,0.1,0.1,0.0,0.1,0,0,2,2022-2023
Diogo Jota,POR,['FW'],Liverpool,25,1996,22,12,"1,131",12.6,7,4,11,7,0,0,2,0,6.5,6.5,2.1,8.6,34,30,104,2022-2023
Hamed Junior Traorè,CIV,"['FW', 'MF']",Bournemouth,22,2000,7,5,427,4.7,0,0,0,0,0,0,0,0,0.9,0.9,1.1,2.1,19,26,21,2022-2023
James Justin,ENG,['DF'],Leicester City,24,1998,14,14,"1,252",13.9,0,0,0,0,0,0,0,0,0.3,0.3,0.3,0.6,20,47,50,2022-2023
Mathias Jørgensen,DEN,['DF'],Brentford,32,1990,18,11,"1,103",12.3,0,0,0,0,0,0,2,0,0.9,0.9,0.2,1.1,1,35,1,2022-2023
Sasa Kalajdzic,AUT,['FW'],Wolves,25,1997,1,1,45,0.5,0,0,0,0,0,0,0,0,0.3,0.3,0.0,0.3,0,0,1,2022-2023
Boubacar Kamara,FRA,['MF'],Aston Villa,22,1999,24,21,"1,777",19.7,0,1,1,0,0,0,4,0,0.2,0.2,0.8,1.0,16,84,8,2022-2023
Harry Kane,ENG,['FW'],Tottenham,29,1993,38,38,"3,405",37.8,30,3,33,25,5,6,6,0,21.4,16.7,7.0,23.7,60,180,193,2022-2023
N'Golo Kanté,FRA,['MF'],Chelsea,31,1991,7,6,518,5.8,0,1,1,0,0,0,1,0,0.3,0.3,1.9,2.2,19,34,36,2022-2023
Michael Keane,ENG,['DF'],Everton,29,1993,12,10,985,10.9,1,2,3,1,0,0,0,0,1.3,1.3,0.7,2.1,2,31,4,2022-2023
Neeskens Kebano,COD,['FW'],Fulham,30,1992,17,9,764,8.5,0,3,3,0,0,0,0,0,0.5,0.5,1.5,2.0,39,24,68,2022-2023
Thilo Kehrer,GER,['DF'],West Ham,25,1996,27,25,"2,230",24.8,0,2,2,0,0,0,4,0,0.5,0.5,0.6,1.1,15,60,29,2022-2023
Naby Keïta,GUI,['MF'],Liverpool,27,1995,8,3,293,3.3,0,0,0,0,0,0,1,0,0.6,0.6,0.7,1.3,5,15,21,2022-2023
Caoimhín Kelleher,IRL,['GK'],Liverpool,23,1998,1,1,90,1.0,0,0,0,0,0,0,0,0,0.0,0.0,0.0,0.0,0,0,0,2022-2023
Lloyd Kelly,ENG,['DF'],Bournemouth,23,1998,23,23,"2,040",22.7,0,2,2,0,0,0,3,0,0.2,0.2,0.5,0.7,14,47,10,2022-2023
Max Kilman,ENG,['DF'],Wolves,25,1997,37,37,"3,307",36.7,0,0,0,0,0,0,3,0,1.3,1.3,0.2,1.6,30,127,5,2022-2023
Jakub Kiwior,POL,['DF'],Arsenal,22,2000,7,5,427,4.7,1,0,1,1,0,0,0,0,0.1,0.1,0.0,0.1,0,6,6,2022-2023
Mateusz Klich,POL,"['MF', 'FW']",Leeds United,32,1990,14,0,280,3.1,0,0,0,0,0,0,2,0,0.2,0.2,0.2,0.4,5,16,21,2022-2023
Robin Koch,GER,['DF'],Leeds United,26,1996,36,36,"3,175",35.3,0,0,0,0,0,0,7,0,1.5,1.5,0.4,1.9,11,114,11,2022-2023
Ibrahima Konaté,FRA,['DF'],Liverpool,23,1999,18,17,"1,552",17.2,0,0,0,0,0,0,5,0,1.1,1.1,0.1,1.3,7,56,5,2022-2023
Ezri Konsa,ENG,['DF'],Aston Villa,24,1997,38,37,"3,322",36.9,0,0,0,0,0,0,6,0,1.1,1.1,1.3,2.3,7,56,11,2022-2023
Kalidou Koulibaly,SEN,['DF'],Chelsea,31,1991,23,20,"1,800",20.0,2,1,3,2,0,0,7,1,0.9,0.9,0.4,1.4,10,81,4,2022-2023
Cheikhou Kouyaté,SEN,['MF'],Nott'ham Forest,32,1989,21,10,882,9.8,1,0,1,1,0,0,3,0,0.4,0.4,0.7,1.1,7,19,14,2022-2023
Mateo Kovačić,CRO,['MF'],Chelsea,28,1994,27,17,"1,707",19.0,1,2,3,1,0,0,8,0,1.8,1.8,2.1,3.9,37,153,30,2022-2023
Emil Krafth,SWE,['DF'],Newcastle Utd,27,1994,1,0,1,0.0,0,0,0,0,0,0,0,0,0.0,0.0,0.0,0.0,0,0,0,2022-2023
Rasmus Kristensen,DEN,['DF'],Leeds United,25,1997,26,21,"1,960",21.8,3,1,4,3,0,0,4,0,0.8,0.8,1.0,1.9,15,89,70,2022-2023
Dejan Kulusevski,SWE,"['MF', 'FW']",Tottenham,22,2000,30,23,"2,067",23.0,2,7,9,2,0,0,2,0,2.5,2.5,4.6,7.2,87,67,195,2022-2023
Layvin Kurzawa,FRA,['DF'],Fulham,29,1992,3,2,135,1.5,0,0,0,0,0,0,1,0,0.0,0.0,0.0,0.0,1,2,2,2022-2023
Adam Lallana,ENG,"['MF', 'FW']",Brighton,34,1988,16,12,722,8.0,2,1,3,2,0,0,0,0,0.9,0.9,1.0,1.9,10,33,43,2022-2023
Tariq Lamptey,GHA,['DF'],Brighton,21,2000,20,3,453,5.0,0,0,0,0,0,0,1,0,0.2,0.2,0.2,0.4,28,26,58,2022-2023
Manuel Lanzini,ARG,"['MF', 'FW']",West Ham,29,1993,10,2,252,2.8,1,0,1,1,0,0,0,0,0.5,0.5,0.2,0.7,2,19,6,2022-2023
Aymeric Laporte,ESP,['DF'],Manchester City,28,1994,12,11,993,11.0,0,0,0,0,0,0,0,0,0.5,0.5,0.2,0.7,30,85,11,2022-2023
Juan Larios,ESP,['DF'],Southampton,18,2004,5,2,152,1.7,0,0,0,0,0,0,0,0,0.0,0.0,0.0,0.0,10,4,1,2022-2023
Jamaal Lascelles,ENG,['DF'],Newcastle Utd,28,1993,7,2,218,2.4,0,0,0,0,0,0,4,0,0.1,0.1,0.0,0.1,0,3,0,2022-2023
Roméo Lavia,BEL,['MF'],Southampton,18,2004,29,26,"2,221",24.7,1,0,1,1,0,0,9,0,0.4,0.4,0.6,1.0,22,102,14,2022-2023
Dexter Lembikisa,JAM,['DF'],Wolves,18,2003,1,0,23,0.3,0,0,0,0,0,0,0,0,0.0,0.0,0.0,0.0,2,3,3,2022-2023
Mario Lemina,GAB,['MF'],Wolves,28,1993,19,17,"1,299",14.4,0,1,1,0,0,0,4,1,0.3,0.3,0.3,0.6,6,42,9,2022-2023
Clément Lenglet,FRA,['DF'],Tottenham,27,1995,26,24,"2,019",22.4,0,2,2,0,0,0,4,0,1.0,1.0,0.6,1.6,33,85,7,2022-2023
Bernd Leno,GER,['GK'],Fulham,30,1992,36,36,"3,240",36.0,0,0,0,0,0,0,3,0,0.0,0.0,0.0,0.0,0,0,0,2022-2023
Jefferson Lerma,COL,['MF'],Bournemouth,27,1994,37,37,"3,252",36.1,5,0,5,5,0,0,7,0,2.6,2.6,2.3,4.9,22,142,30,2022-2023
Jamal Lewis,NIR,"['DF', 'FW']",Newcastle Utd,24,1998,2,0,11,0.1,0,0,0,0,0,0,0,0,0.0,0.0,0.0,0.0,0,1,1,2022-2023
Rico Lewis,ENG,"['DF', 'MF']",Manchester City,17,2004,14,10,903,10.0,0,0,0,0,0,0,1,0,0.2,0.2,1.5,1.7,22,48,26,2022-2023
Keane Lewis-Potter,ENG,"['FW', 'MF']",Brentford,21,2001,10,3,321,3.6,0,1,1,0,0,0,0,0,0.5,0.5,1.2,1.7,8,6,39,2022-2023
Victor Lindelöf,SWE,['DF'],Manchester Utd,28,1994,20,14,"1,365",15.2,0,0,0,0,0,0,1,0,0.3,0.3,0.1,0.4,3,36,1,2022-2023
Jesse Lingard,ENG,"['FW', 'MF']",Nott'ham Forest,29,1992,17,12,923,10.3,0,0,0,0,0,0,1,0,1.0,1.0,0.7,1.7,11,33,38,2022-2023
Valentino Livramento,ENG,"['DF', 'FW']",Southampton,19,2002,2,0,28,0.3,0,0,0,0,0,0,0,0,0.0,0.0,0.0,0.0,0,0,0,2022-2023
Diego Llorente,ESP,['DF'],Leeds United,28,1993,8,7,649,7.2,0,0,0,0,0,0,1,0,0.7,0.7,0.0,0.7,2,27,1,2022-2023
Hugo Lloris,FRA,['GK'],Tottenham,35,1986,25,25,"2,205",24.5,0,0,0,0,0,0,0,0,0.0,0.0,0.0,0.0,0,0,0,2022-2023
Renan Lodi,BRA,['DF'],Nott'ham Forest,24,1998,28,26,"2,214",24.6,0,1,1,0,0,0,7,0,1.0,1.0,1.2,2.1,24,31,70,2022-2023
Ruben Loftus-Cheek,ENG,"['MF', 'DF']",Chelsea,26,1996,25,19,"1,536",17.1,0,1,1,0,0,0,1,0,0.8,0.8,1.5,2.4,56,90,86,2022-2023
Sean Longstaff,ENG,['MF'],Newcastle Utd,24,1997,33,28,"2,518",28.0,1,4,5,1,0,0,2,0,3.6,3.6,3.3,6.9,21,116,115,2022-2023
Jamal Lowe,JAM,"['MF', 'FW']",Bournemouth,28,1994,2,0,12,0.1,0,0,0,0,0,0,0,0,0.0,0.0,0.0,0.0,0,1,0,2022-2023
Douglas Luiz,BRA,['MF'],Aston Villa,24,1998,37,33,"2,927",32.5,6,6,12,6,0,0,6,1,2.8,2.8,4.4,7.2,48,148,35,2022-2023
Saša Lukić,SRB,['MF'],Fulham,25,1996,12,4,412,4.6,0,0,0,0,0,0,1,0,0.1,0.1,0.0,0.1,8,13,5,2022-2023
Lyanco,BRA,['DF'],Southampton,25,1997,21,11,"1,180",13.1,1,1,2,1,0,0,4,0,0.6,0.6,0.5,1.0,13,35,4,2022-2023
Alexis Mac Allister,ARG,['MF'],Brighton,23,1998,35,31,"2,886",32.1,10,2,12,4,6,6,8,0,12.1,7.3,4.3,11.6,69,174,77,2022-2023
James Maddison,ENG,"['MF', 'FW']",Leicester City,25,1996,30,28,"2,480",27.6,10,9,19,9,1,2,10,0,8.7,6.6,9.3,15.9,77,151,155,2022-2023
Noni Madueke,ENG,['FW'],Chelsea,20,2002,12,7,643,7.1,1,0,1,1,0,0,0,0,0.9,0.9,0.5,1.5,48,36,100,2022-2023
Gabriel Magalhães,BRA,['DF'],Arsenal,24,1997,38,38,"3,409",37.9,3,0,3,3,0,0,5,0,5.1,5.1,0.3,5.3,18,153,16,2022-2023
Harry Maguire,ENG,['DF'],Manchester Utd,29,1993,16,8,767,8.5,0,0,0,0,0,0,4,0,0.3,0.3,0.0,0.4,8,26,4,2022-2023
Riyad Mahrez,ALG,"['FW', 'MF']",Manchester City,31,1991,30,22,"1,920",21.3,5,10,15,4,1,1,2,0,5.6,4.8,7.0,11.8,78,76,242,2022-2023
Kobbie Mainoo,ENG,['MF'],Manchester Utd,17,2005,1,0,11,0.1,0,0,0,0,0,0,0,0,0.0,0.0,0.0,0.0,2,1,1,2022-2023
Ainsley Maitland-Niles,ENG,"['DF', 'MF']",Southampton,24,1997,22,13,"1,407",15.6,0,0,0,0,0,0,3,0,0.0,0.0,0.7,0.7,15,57,35,2022-2023
Tyrell Malacia,NED,['DF'],Manchester Utd,22,1999,22,14,"1,396",15.5,0,0,0,0,0,0,6,0,0.2,0.2,0.7,0.9,19,44,33,2022-2023
Orel Mangala,BEL,['MF'],Nott'ham Forest,24,1998,27,20,"1,550",17.2,1,1,2,1,0,0,3,0,0.6,0.6,0.4,0.9,14,43,8,2022-2023
Javier Manquillo,ESP,['DF'],Newcastle Utd,28,1994,4,0,37,0.4,0,0,0,0,0,0,0,0,0.0,0.0,0.0,0.0,2,4,1,2022-2023
Sekou Mara,FRA,"['FW', 'MF']",Southampton,20,2002,22,4,555,6.2,1,2,3,1,0,0,1,0,1.0,1.0,0.8,1.8,7,7,27,2022-2023
Solly March,ENG,"['FW', 'DF']",Brighton,28,1994,33,31,"2,715",30.2,7,7,14,7,0,0,2,0,8.1,8.1,8.4,16.5,110,135,357,2022-2023
Emiliano Marcondes,DEN,['MF'],Bournemouth,27,1995,1,0,9,0.1,0,0,0,0,0,0,0,0,0.0,0.0,0.0,0.0,0,1,0,2022-2023
Marquinhos,BRA,['MF'],Arsenal,19,2003,1,0,1,0.0,0,0,0,0,0,0,0,0,0.0,0.0,0.0,0.0,0,0,0,2022-2023
Anthony Martial,FRA,['FW'],Manchester Utd,26,1995,21,11,978,10.9,6,2,8,5,1,1,0,0,6.2,5.5,1.4,6.9,18,35,87,2022-2023
Gabriel Martinelli,BRA,['FW'],Arsenal,21,2001,36,34,"2,789",31.0,15,5,20,15,0,0,3,0,9.1,9.1,9.1,18.2,124,94,350,2022-2023
Emiliano Martínez,ARG,['GK'],Aston Villa,29,1992,36,36,"3,139",34.9,0,0,0,0,0,0,7,0,0.0,0.0,0.3,0.3,0,0,0,2022-2023
Lisandro Martínez,ARG,['DF'],Manchester Utd,24,1998,27,24,"2,114",23.5,1,0,1,1,0,0,6,0,0.5,0.5,0.3,0.8,12,83,2,2022-2023
Pape Matar Sarr,SEN,"['MF', 'FW']",Tottenham,19,2002,11,2,218,2.4,0,1,1,0,0,0,1,0,0.1,0.1,0.3,0.4,1,13,0,2022-2023
Jean-Philippe Mateta,FRA,['FW'],Crystal Palace,25,1997,29,6,770,8.6,2,0,2,2,0,0,3,0,3.4,3.4,0.6,4.0,9,6,43,2022-2023
Joël Matip,CMR,['DF'],Liverpool,30,1991,14,12,"1,092",12.1,1,0,1,1,0,0,3,0,0.7,0.7,0.3,1.0,28,59,2,2022-2023
Neal Maupay,FRA,['FW'],Everton,25,1996,27,11,"1,118",12.4,1,0,1,1,0,0,4,0,4.8,4.8,0.6,5.4,8,11,61,2022-2023
Kevin Mbabu,SUI,"['DF', 'FW']",Fulham,27,1995,6,1,144,1.6,0,1,1,0,0,0,1,0,0.0,0.0,0.4,0.4,4,8,11,2022-2023
Bryan Mbeumo,CMR,['FW'],Brentford,22,1999,38,36,"2,906",32.3,9,8,17,8,1,1,5,0,9.6,8.8,7.5,16.3,66,88,235,2022-2023
James McArthur,SCO,['MF'],Crystal Palace,34,1987,4,0,54,0.6,0,0,0,0,0,0,0,0,0.0,0.0,0.0,0.0,0,1,0,2022-2023
Alex McCarthy,ENG,['GK'],Southampton,32,1989,6,6,540,6.0,0,0,0,0,0,0,0,0,0.0,0.0,0.0,0.0,0,0,0,2022-2023
John McGinn,SCO,"['MF', 'FW']",Aston Villa,27,1994,34,30,"2,693",29.9,1,3,4,1,0,0,7,0,2.4,2.4,2.6,5.0,34,140,66,2022-2023
Scott McKenna,SCO,['DF'],Nott'ham Forest,25,1996,20,19,"1,571",17.5,0,0,0,0,0,0,4,0,0.1,0.1,1.0,1.1,5,35,2,2022-2023
Weston McKennie,USA,['MF'],Leeds United,23,1998,19,16,"1,437",16.0,0,1,1,0,0,0,7,0,0.8,0.8,0.7,1.4,14,82,33,2022-2023
Dwight McNeil,ENG,"['FW', 'MF']",Everton,22,1999,36,28,"2,498",27.8,7,3,10,7,0,0,5,0,3.5,3.5,6.1,9.6,76,69,128,2022-2023
Scott McTominay,SCO,['MF'],Manchester Utd,25,1996,24,10,"1,160",12.9,1,0,1,1,0,0,8,0,1.9,1.9,0.6,2.5,20,33,19,2022-2023
Ben Mee,ENG,['DF'],Brentford,32,1989,37,37,"3,269",36.3,3,1,4,3,0,0,2,0,3.1,3.1,1.3,4.5,8,84,14,2022-2023
Edouard Mendy,SEN,['GK'],Chelsea,30,1992,10,9,855,9.5,0,0,0,0,0,0,1,0,0.0,0.0,0.0,0.0,0,0,0,2022-2023
Nampalys Mendy,SEN,['MF'],Leicester City,30,1992,19,7,757,8.4,1,0,1,1,0,0,1,0,0.1,0.1,0.0,0.2,2,28,4,2022-2023
Chris Mepham,WAL,['DF'],Bournemouth,24,1997,26,24,"2,199",24.4,0,0,0,0,0,0,7,0,0.7,0.7,0.2,0.9,2,42,1,2022-2023
Illan Meslier,FRA,['GK'],Leeds United,22,2000,34,34,"3,060",34.0,0,0,0,0,0,0,3,0,0.1,0.1,0.0,0.1,0,0,0,2022-2023
Alex Mighten,ENG,['FW'],Nott'ham Forest,20,2002,1,0,8,0.1,0,0,0,0,0,0,0,0,0.0,0.0,0.0,0.0,0,0,1,2022-2023
Lewis Miley,ENG,['MF'],Newcastle Utd,16,2006,1,0,15,0.2,0,0,0,0,0,0,0,0,0.1,0.1,0.0,0.1,0,0,0,2022-2023
Luka Milivojević,SRB,['MF'],Crystal Palace,31,1991,18,5,512,5.7,0,0,0,0,0,0,2,0,0.3,0.3,0.2,0.5,2,20,2,2022-2023
James Milner,ENG,"['MF', 'DF']",Liverpool,36,1986,31,7,913,10.1,0,1,1,0,0,0,2,0,0.4,0.4,0.9,1.3,21,70,78,2022-2023
Yerry Mina,COL,['DF'],Everton,27,1994,7,7,594,6.6,2,0,2,2,0,0,2,0,1.5,1.5,0.1,1.6,1,13,3,2022-2023
Tyrone Mings,ENG,['DF'],Aston Villa,29,1993,35,35,"3,150",35.0,1,2,3,1,0,0,7,0,1.2,1.2,1.4,2.6,20,111,7,2022-2023
Tyrick Mitchell,ENG,['DF'],Crystal Palace,22,1999,36,34,"2,891",32.1,0,2,2,0,0,0,5,1,0.6,0.6,1.2,1.8,23,106,90,2022-2023
Kaoru Mitoma,JPN,"['FW', 'MF']",Brighton,25,1997,33,24,"2,318",25.8,7,5,12,7,0,0,0,0,8.1,8.1,6.4,14.5,143,90,260,2022-2023
Aleksandar Mitrović,SRB,['FW'],Fulham,27,1994,24,23,"2,008",22.3,14,1,15,10,4,8,7,0,14.9,8.6,2.3,10.9,24,44,97,2022-2023
Kieffer Moore,WAL,['FW'],Bournemouth,29,1992,27,12,"1,279",14.2,4,0,4,4,0,0,1,0,4.4,4.4,0.3,4.7,10,23,56,2022-2023
Andrew Moran,IRL,['FW'],Brighton,18,2003,1,0,12,0.1,0,0,0,0,0,0,0,0,0.0,0.0,0.0,0.0,0,0,1,2022-2023
Álex Moreno,ESP,['DF'],Aston Villa,29,1993,19,14,"1,329",14.8,0,3,3,0,0,0,3,0,0.6,0.6,3.0,3.7,65,37,122,2022-2023
Mason Mount,ENG,"['MF', 'FW']",Chelsea,23,1999,24,20,"1,648",18.3,3,2,5,3,0,0,4,0,2.0,2.0,3.0,5.0,48,98,114,2022-2023
Lucas Moura,BRA,"['MF', 'DF']",Tottenham,29,1992,15,0,153,1.7,1,0,1,1,0,0,0,1,0.5,0.5,0.3,0.9,4,13,15,2022-2023
João Moutinho,POR,['MF'],Wolves,35,1986,31,20,"1,780",19.8,0,2,2,0,0,0,3,0,1.3,1.3,2.6,3.9,23,132,32,2022-2023
Divin Mubama,ENG,['FW'],West Ham,17,2004,3,0,38,0.4,0,0,0,0,0,0,0,0,0.0,0.0,0.0,0.0,0,0,1,2022-2023
Mykhailo Mudryk,UKR,"['FW', 'MF']",Chelsea,21,2001,15,7,657,7.3,0,2,2,0,0,0,1,0,1.9,1.9,0.9,2.8,25,20,43,2022-2023
Jacob Murphy,ENG,['FW'],Newcastle Utd,27,1995,36,14,"1,251",13.9,4,2,6,4,0,0,0,0,3.3,3.3,2.8,6.1,67,57,141,2022-2023
Enock Mwepu,ZAM,"['FW', 'MF']",Brighton,24,1998,6,2,213,2.4,0,1,1,0,0,0,0,0,0.2,0.2,0.5,0.7,5,6,17,2022-2023
Vitaliy Mykolenko,UKR,['DF'],Everton,23,1999,34,30,"2,655",29.5,0,0,0,0,0,0,4,0,0.5,0.5,1.2,1.8,31,100,72,2022-2023
Keylor Navas,CRC,['GK'],Nott'ham Forest,35,1986,17,17,"1,529",17.0,0,0,0,0,0,0,2,0,0.0,0.0,0.0,0.0,0,1,0,2022-2023
Wilfred Ndidi,NGA,['MF'],Leicester City,25,1996,27,19,"1,679",18.7,0,0,0,0,0,0,4,0,0.2,0.2,0.1,0.3,11,51,7,2022-2023
Reiss Nelson,ENG,['FW'],Arsenal,22,1999,11,0,212,2.4,3,2,5,3,0,0,0,0,1.1,1.1,1.4,2.4,19,6,34,2022-2023
Neto,BRA,['GK'],Bournemouth,33,1989,27,27,"2,385",26.5,0,0,0,0,0,0,4,0,0.0,0.0,0.0,0.0,0,0,0,2022-2023
Pedro Neto,POR,"['FW', 'MF']",Wolves,22,2000,18,13,964,10.7,0,0,0,0,0,0,1,0,1.1,1.1,2.1,3.2,37,24,111,2022-2023
Rúben Neves,POR,['MF'],Wolves,25,1997,35,33,"3,019",33.5,6,1,7,3,3,3,12,0,5.2,2.8,1.6,4.4,28,218,18,2022-2023
Moussa Niakhate,SEN,['DF'],Nott'ham Forest,26,1996,14,14,"1,163",12.9,0,0,0,0,0,0,1,0,0.6,0.6,0.1,0.7,2,15,3,2022-2023
Eddie Nketiah,ENG,['FW'],Arsenal,23,1999,30,9,"1,089",12.1,4,1,5,4,0,0,3,0,8.2,8.2,1.1,9.3,32,15,82,2022-2023
Matheus Nunes,POR,['MF'],Wolves,23,1998,34,30,"2,467",27.4,1,1,2,1,0,0,2,1,2.4,2.4,2.2,4.7,59,84,129,2022-2023
Darwin Núñez,URU,['FW'],Liverpool,23,1999,29,19,"1,695",18.8,9,3,12,9,0,0,1,1,11.6,11.6,5.4,16.9,61,29,181,2022-2023
Ethan Nwaneri,ENG,['FW'],Arsenal,15,2007,1,0,1,0.0,0,0,0,0,0,0,0,0,0.0,0.0,0.0,0.0,0,0,0,2022-2023
Christian Nørgaard,DEN,['MF'],Brentford,28,1994,22,21,"1,763",19.6,1,3,4,1,0,0,6,0,1.6,1.6,3.1,4.7,4,73,8,2022-2023
Lewis O'Brien,ENG,['MF'],Nott'ham Forest,23,1998,13,6,584,6.5,1,0,1,1,0,0,2,0,0.3,0.3,0.2,0.5,13,21,3,2022-2023
Odeluga Offiah,ENG,['DF'],Brighton,19,2002,2,0,25,0.3,0,0,0,0,0,0,0,0,0.0,0.0,0.0,0.0,1,1,1,2022-2023
Angelo Ogbonna,ITA,['DF'],West Ham,34,1988,16,13,"1,237",13.7,0,0,0,0,0,0,0,0,0.3,0.3,0.2,0.5,0,11,2,2022-2023
Michael Olise,FRA,"['FW', 'MF']",Crystal Palace,20,2001,37,31,"2,749",30.5,2,11,13,2,0,0,2,0,2.9,2.9,8.7,11.6,111,133,243,2022-2023
Robin Olsen,SWE,['GK'],Aston Villa,32,1990,4,2,281,3.1,0,0,0,0,0,0,0,0,0.0,0.0,0.0,0.0,0,0,0,2022-2023
Amadou Onana,BEL,['MF'],Everton,20,2001,33,29,"2,488",27.6,1,2,3,1,0,0,9,0,3.0,3.0,2.6,5.6,27,79,49,2022-2023
Josh Onomah,ENG,['MF'],Fulham,25,1997,2,0,15,0.2,0,0,0,0,0,0,0,0,0.0,0.0,0.0,0.0,1,0,0,2022-2023
Paul Onuachu,NGA,['FW'],Southampton,28,1994,11,4,407,4.5,0,0,0,0,0,0,0,0,1.3,1.3,0.1,1.4,1,7,22,2022-2023
Frank Onyeka,NGA,['MF'],Brentford,24,1998,21,8,848,9.4,0,2,2,0,0,0,0,0,1.0,1.0,0.6,1.6,9,28,21,2022-2023
Mislav Oršić,CRO,['MF'],Southampton,29,1992,1,0,7,0.1,0,0,0,0,0,0,0,0,0.0,0.0,0.0,0.0,0,0,0,2022-2023
Stefan Ortega,GER,['GK'],Manchester City,29,1992,3,3,270,3.0,0,0,0,0,0,0,0,0,0.0,0.0,0.0,0.0,0,0,0,2022-2023
Dango Ouattara,BFA,"['MF', 'FW']",Bournemouth,20,2002,19,15,"1,241",13.8,1,3,4,1,0,0,1,0,3.6,3.6,2.5,6.1,39,23,87,2022-2023
Alex Oxlade-Chamberlain,ENG,"['FW', 'MF']",Liverpool,28,1993,9,4,335,3.7,1,0,1,1,0,0,0,0,1.2,1.2,0.6,1.8,11,14,28,2022-2023
David Ozoh,ENG,['FW'],Crystal Palace,17,2005,1,0,1,0.0,0,0,0,0,0,0,0,0,0.0,0.0,0.0,0.0,0,0,0,2022-2023
João Palhinha,POR,['MF'],Fulham,27,1995,35,35,"3,108",34.5,3,0,3,3,0,0,14,0,2.9,2.9,0.4,3.3,8,101,18,2022-2023
Cole Palmer,ENG,"['MF', 'FW']",Manchester City,20,2002,14,2,370,4.1,0,1,1,0,0,0,1,0,1.2,1.2,0.6,1.8,29,13,40,2022-2023
Emerson Palmieri,ITA,['DF'],West Ham,27,1994,22,16,"1,320",14.7,1,0,1,1,0,0,2,0,0.8,0.8,0.9,1.7,39,45,57,2022-2023
Lucas Paquetá,BRA,['MF'],West Ham,24,1997,28,27,"2,151",23.9,4,3,7,3,1,1,5,0,4.4,3.6,2.5,6.1,25,147,63,2022-2023
Thomas Partey,GHA,['MF'],Arsenal,29,1993,33,28,"2,483",27.6,3,0,3,3,0,0,5,0,2.2,2.2,1.5,3.8,34,231,35,2022-2023
Nathan Patterson,SCO,"['DF', 'MF']",Everton,20,2001,19,14,"1,279",14.2,0,0,0,0,0,0,3,0,0.5,0.5,0.4,0.9,16,24,51,2022-2023
Ben Pearson,ENG,['MF'],Bournemouth,27,1995,7,3,286,3.2,0,0,0,0,0,0,1,0,0.0,0.0,0.0,0.0,2,5,4,2022-2023
Facundo Pellistri,URU,"['FW', 'MF']",Manchester Utd,20,2001,4,0,64,0.7,0,0,0,0,0,0,0,0,0.0,0.0,0.0,0.0,1,1,2,2022-2023
Andreas Pereira,BRA,['MF'],Fulham,26,1996,33,33,"2,692",29.9,4,6,10,3,1,1,8,0,7.3,6.5,5.2,11.7,53,121,133,2022-2023
Ricardo Pereira,POR,"['DF', 'MF']",Leicester City,28,1993,10,5,454,5.0,1,1,2,1,0,0,2,0,0.1,0.1,0.6,0.7,5,27,14,2022-2023
Ayoze Pérez,ESP,"['MF', 'FW']",Leicester City,29,1993,8,3,382,4.2,0,1,1,0,0,0,0,0,1.1,1.1,1.5,2.6,17,20,43,2022-2023
Ivan Perišić,CRO,"['DF', 'MF']",Tottenham,33,1989,34,23,"2,108",23.4,1,8,9,1,0,0,6,0,2.6,2.6,6.1,8.8,87,61,181,2022-2023
Romain Perraud,FRA,['DF'],Southampton,24,1997,29,22,"1,835",20.4,2,2,4,2,0,0,4,0,1.3,1.3,1.9,3.2,33,62,122,2022-2023
Máximo Perrone,ARG,['MF'],Manchester City,19,2003,1,0,19,0.2,0,0,0,0,0,0,0,0,0.0,0.0,0.0,0.0,0,2,1,2022-2023
Cameron Peupion,AUS,['MF'],Brighton,19,2002,1,0,6,0.1,0,0,0,0,0,0,0,0,0.1,0.1,0.0,0.1,0,0,2,2022-2023
Kalvin Phillips,ENG,['MF'],Manchester City,26,1995,12,2,300,3.3,0,0,0,0,0,0,1,0,0.3,0.3,0.2,0.5,1,18,2,2022-2023
Nathaniel Phillips,ENG,['DF'],Liverpool,25,1997,2,1,66,0.7,0,0,0,0,0,0,0,0,0.0,0.0,0.0,0.0,0,9,0,2022-2023
Jordan Pickford,ENG,['GK'],Everton,28,1994,37,37,"3,330",37.0,0,1,1,0,0,0,6,0,0.0,0.0,0.1,0.1,0,2,0,2022-2023
Ethan Pinnock,JAM,['DF'],Brentford,29,1993,30,30,"2,700",30.0,3,0,3,3,0,0,0,0,3.0,3.0,1.0,4.0,2,52,16,2022-2023
Daniel Podence,POR,"['FW', 'MF']",Wolves,26,1995,32,20,"1,771",19.7,6,0,6,6,0,0,5,0,3.9,3.9,2.5,6.4,43,95,148,2022-2023
Nick Pope,ENG,['GK'],Newcastle Utd,30,1992,37,37,"3,261",36.2,0,0,0,0,0,0,3,1,0.0,0.0,0.1,0.1,0,1,0,2022-2023
Pedro Porro,ESP,"['DF', 'MF']",Tottenham,22,1999,15,13,"1,131",12.6,3,3,6,3,0,0,0,0,1.8,1.8,3.0,4.8,34,39,95,2022-2023
Dennis Praet,BEL,"['MF', 'FW']",Leicester City,28,1994,22,6,649,7.2,1,0,1,1,0,0,1,0,1.0,1.0,0.5,1.5,15,17,42,2022-2023
Isaac Price,NIR,['MF'],Everton,18,2003,1,0,33,0.4,0,0,0,0,0,0,1,0,0.0,0.0,0.1,0.1,1,1,0,2022-2023
Christian Pulisic,USA,"['FW', 'DF']",Chelsea,23,1998,24,8,821,9.1,1,1,2,1,0,0,1,0,1.7,1.7,0.7,2.3,35,23,76,2022-2023
Aaron Ramsdale,ENG,['GK'],Arsenal,24,1998,38,38,"3,420",38.0,0,0,0,0,0,0,1,0,0.0,0.0,0.0,0.0,0,8,0,2022-2023
Jacob Ramsey,ENG,"['MF', 'FW']",Aston Villa,21,2001,35,31,"2,636",29.3,6,7,13,6,0,0,5,0,5.0,5.0,5.1,10.1,94,98,119,2022-2023
Marcus Rashford,ENG,['FW'],Manchester Utd,24,1997,35,32,"2,879",32.0,17,5,22,17,0,0,2,0,15.4,15.4,3.4,18.8,85,88,245,2022-2023
David Raya,ESP,['GK'],Brentford,26,1995,38,38,"3,420",38.0,0,0,0,0,0,0,1,0,0.1,0.1,0.1,0.3,0,13,0,2022-2023
Tim Ream,USA,['DF'],Fulham,34,1987,33,33,"2,897",32.2,1,0,1,1,0,0,2,0,0.3,0.3,0.1,0.4,28,142,2,2022-2023
Nathan Redmond,ENG,['DF'],Southampton,28,1994,1,0,1,0.0,0,0,0,0,0,0,0,0,0.0,0.0,0.0,0.0,0,0,1,2022-2023
Harrison Reed,ENG,['MF'],Fulham,27,1995,37,35,"2,866",31.8,3,4,7,3,0,0,5,0,1.9,1.9,4.1,6.0,30,102,107,2022-2023
Declan Rice,ENG,['MF'],West Ham,23,1999,37,36,"3,273",36.4,4,1,5,4,0,1,5,0,2.4,1.6,3.2,4.8,89,240,37,2022-2023
Chris Richards,USA,['DF'],Crystal Palace,22,2000,9,4,447,5.0,0,0,0,0,0,0,0,0,0.7,0.7,0.3,1.0,4,14,3,2022-2023
Richarlison,BRA,"['MF', 'FW']",Tottenham,25,1997,27,12,"1,010",11.2,1,3,4,1,0,0,3,0,3.3,3.3,2.2,5.5,33,28,75,2022-2023
Jaïro Riedewald,NED,"['DF', 'MF']",Crystal Palace,25,1996,6,0,64,0.7,0,0,0,0,0,0,0,0,0.1,0.1,0.0,0.1,1,1,1,2022-2023
Matt Ritchie,SCO,"['FW', 'MF']",Newcastle Utd,32,1989,7,0,39,0.4,0,0,0,0,0,0,0,0,0.0,0.0,0.1,0.1,1,1,9,2022-2023
Andrew Robertson,SCO,['DF'],Liverpool,28,1994,34,29,"2,583",28.7,0,8,8,0,0,0,3,0,1.3,1.3,6.1,7.4,80,166,194,2022-2023
Antonee Robinson,USA,['DF'],Fulham,24,1997,35,35,"3,088",34.3,0,1,1,0,0,0,8,0,0.1,0.1,1.3,1.3,113,129,153,2022-2023
Joel Robles,ESP,['GK'],Leeds United,32,1990,4,4,360,4.0,0,0,0,0,0,0,1,0,0.0,0.0,0.0,0.0,0,0,0,2022-2023
Marc Roca,ESP,['MF'],Leeds United,25,1996,32,29,"2,315",25.7,1,2,3,1,0,0,7,0,2.1,2.1,2.9,5.0,25,172,28,2022-2023
Marek Rodák,SVK,['GK'],Fulham,25,1996,2,2,180,2.0,0,0,0,0,0,0,0,0,0.0,0.0,0.0,0.0,0,0,0,2022-2023
Rodri,ESP,['MF'],Manchester City,26,1996,36,34,"2,911",32.3,2,6,8,2,0,0,5,0,4.6,4.6,4.1,8.7,76,260,37,2022-2023
Rodrigo,ESP,"['FW', 'MF']",Leeds United,31,1991,31,23,"1,935",21.5,13,1,14,12,1,1,6,0,8.0,7.2,1.8,9.0,40,44,143,2022-2023
Mads Roerslev,DEN,['DF'],Brentford,23,1999,20,12,"1,108",12.3,0,0,0,0,0,0,0,0,0.3,0.3,1.2,1.5,8,19,36,2022-2023
Cristian Romero,ARG,['DF'],Tottenham,24,1998,27,26,"2,364",26.3,0,1,1,0,0,0,11,1,1.5,1.5,1.2,2.6,19,92,9,2022-2023
Oriol Romeu,ESP,['MF'],Southampton,30,1991,1,1,74,0.8,0,0,0,0,0,0,0,0,0.0,0.0,0.0,0.0,2,4,0,2022-2023
Cristiano Ronaldo,POR,['FW'],Manchester Utd,37,1985,10,4,525,5.8,1,0,1,1,0,0,2,0,1.9,1.9,0.4,2.3,9,12,33,2022-2023
Connor Ronan,IRL,['MF'],Wolves,24,1998,1,0,1,0.0,0,0,0,0,0,0,0,0,0.0,0.0,0.0,0.0,0,0,1,2022-2023
Salomón Rondón,VEN,['FW'],Everton,32,1989,7,1,109,1.2,0,0,0,0,0,0,0,0,0.8,0.8,0.2,1.0,0,1,7,2022-2023
Joe Rothwell,ENG,['MF'],Bournemouth,27,1995,20,12,"1,016",11.3,0,1,1,0,0,0,1,0,0.1,0.1,1.0,1.2,12,33,12,2022-2023
Georginio Rutter,FRA,"['FW', 'MF']",Leeds United,20,2002,11,1,273,3.0,0,1,1,0,0,0,0,0,0.4,0.4,0.3,0.7,5,6,21,2022-2023
José Sá,POR,['GK'],Wolves,29,1993,36,36,"3,240",36.0,0,0,0,0,0,0,2,0,0.0,0.0,0.0,0.0,0,0,0,2022-2023
Marcel Sabitzer,AUT,['MF'],Manchester Utd,28,1994,11,7,627,7.0,0,1,1,0,0,0,1,0,0.7,0.7,0.9,1.7,8,38,26,2022-2023
Allan Saint-Maximin,FRA,['FW'],Newcastle Utd,25,1997,25,12,"1,120",12.4,1,5,6,1,0,0,1,0,1.6,1.6,4.6,6.2,93,69,111,2022-2023
Bukayo Saka,ENG,['FW'],Arsenal,20,2001,38,37,"3,181",35.3,14,11,25,12,2,3,6,0,11.2,9.1,8.5,17.6,179,109,520,2022-2023
Mohamed Salah,EGY,['FW'],Liverpool,30,1992,38,37,"3,290",36.6,19,12,31,17,2,4,2,0,21.6,18.5,7.2,25.7,120,149,421,2022-2023
William Saliba,FRA,['DF'],Arsenal,21,2001,27,27,"2,415",26.8,2,1,3,2,0,0,4,0,0.9,0.9,1.2,2.1,13,99,2,2022-2023
Mohammed Salisu,GHA,['DF'],Southampton,23,1999,22,21,"1,973",21.9,0,1,1,0,0,0,5,0,1.5,1.5,0.6,2.1,5,82,4,2022-2023
Albert Sambi Lokonga,BEL,['MF'],Arsenal,22,1999,6,2,198,2.2,0,0,0,0,0,0,0,0,0.0,0.0,0.0,0.0,0,12,2,2022-2023
Albert Sambi Lokonga,BEL,['MF'],Crystal Palace,22,1999,9,6,536,6.0,0,0,0,0,0,0,2,0,0.2,0.2,0.0,0.2,2,20,2,2022-2023
Davinson Sánchez,COL,['DF'],Tottenham,26,1996,18,8,858,9.5,0,0,0,0,0,0,1,0,0.6,0.6,0.4,1.0,5,35,4,2022-2023
Robert Sánchez,ESP,['GK'],Brighton,24,1997,23,23,"2,070",23.0,0,0,0,0,0,0,2,0,0.0,0.0,0.0,0.0,0,0,0,2022-2023
Jadon Sancho,ENG,"['FW', 'MF']",Manchester Utd,22,2000,26,21,"1,686",18.7,6,3,9,6,0,0,0,0,4.2,4.2,5.0,9.2,88,76,173,2022-2023
Morgan Sanson,FRA,['MF'],Aston Villa,27,1994,2,0,11,0.1,0,0,0,0,0,0,0,0,0.0,0.0,0.0,0.0,0,1,0,2022-2023
Pablo Sarabia,ESP,"['FW', 'MF']",Wolves,30,1992,13,9,765,8.5,1,0,1,1,0,0,3,0,3.1,3.1,0.8,3.9,17,41,54,2022-2023
Jeremy Sarmiento,ECU,['MF'],Brighton,20,2002,9,1,176,2.0,0,1,1,0,0,0,1,0,0.3,0.3,0.2,0.5,5,11,20,2022-2023
Gianluca Scamacca,ITA,['FW'],West Ham,23,1999,16,11,926,10.3,3,0,3,3,0,0,3,0,2.5,2.5,0.7,3.1,13,17,48,2022-2023
Gustavo Scarpa,BRA,"['MF', 'FW']",Nott'ham Forest,28,1994,6,2,181,2.0,0,0,0,0,0,0,1,0,0.3,0.3,0.0,0.3,9,12,4,2022-2023
Kevin Schade,GER,['FW'],Brentford,20,2001,18,7,732,8.1,0,1,1,0,0,0,2,0,2.1,2.1,1.1,3.2,24,15,57,2022-2023
Fabian Schär,SUI,['DF'],Newcastle Utd,30,1991,36,36,"3,206",35.6,1,3,4,1,0,0,7,0,4.9,4.9,3.3,8.2,27,139,32,2022-2023
Jeffrey Schlupp,GHA,"['MF', 'FW']",Crystal Palace,29,1992,34,30,"2,531",28.1,3,1,4,3,0,0,7,0,3.2,3.2,1.4,4.6,32,98,67,2022-2023
Nélson Semedo,POR,['DF'],Wolves,28,1993,36,31,"2,632",29.2,0,1,1,0,0,0,11,1,0.4,0.4,0.7,1.2,50,110,147,2022-2023
Antoine Semenyo,GHA,"['FW', 'MF']",Bournemouth,22,2000,11,2,258,2.9,1,0,1,1,0,0,0,0,0.3,0.3,0.1,0.4,5,5,11,2022-2023
Marcos Senesi,ARG,['DF'],Bournemouth,25,1997,31,29,"2,491",27.7,2,0,2,2,0,0,7,0,1.6,1.6,0.5,2.1,9,66,3,2022-2023
Ryan Sessegnon,ENG,['DF'],Tottenham,22,2000,17,9,813,9.0,2,0,2,2,0,0,4,0,1.6,1.6,1.1,2.7,24,22,64,2022-2023
Luke Shaw,ENG,['DF'],Manchester Utd,27,1995,31,30,"2,552",28.4,1,2,3,1,0,0,8,0,1.1,1.1,3.6,4.7,53,140,76,2022-2023
Jonjo Shelvey,ENG,['MF'],Newcastle Utd,30,1992,3,0,37,0.4,0,0,0,0,0,0,0,0,0.0,0.0,0.0,0.0,0,3,0,2022-2023
Jonjo Shelvey,ENG,['MF'],Nott'ham Forest,30,1992,8,6,540,6.0,0,0,0,0,0,0,2,0,0.2,0.2,0.3,0.5,1,34,0,2022-2023
Bernardo Silva,POR,"['MF', 'FW']",Manchester City,27,1994,34,24,"2,205",24.5,4,5,9,4,0,0,5,0,2.2,2.2,3.3,5.4,90,130,188,2022-2023
Thiago Silva,BRA,['DF'],Chelsea,37,1984,27,26,"2,352",26.1,0,2,2,0,0,0,2,0,1.5,1.5,0.5,2.0,8,104,2,2022-2023
Ellis Simms,ENG,['FW'],Everton,21,2001,11,2,228,2.5,1,0,1,1,0,0,0,0,0.9,0.9,0.1,0.9,2,4,19,2022-2023
Luis Sinisterra,COL,['FW'],Leeds United,23,1999,19,13,867,9.6,5,0,5,5,0,0,3,1,3.7,3.7,0.4,4.2,30,39,84,2022-2023
Oliver Skipp,ENG,['MF'],Tottenham,21,2000,23,18,"1,491",16.6,1,0,1,1,0,0,7,0,0.3,0.3,0.6,0.9,14,56,25,2022-2023
Adam Smith,ENG,['DF'],Bournemouth,31,1991,37,34,"2,943",32.7,0,1,1,0,0,0,11,0,0.5,0.5,1.3,1.8,28,83,54,2022-2023
Emile Smith Rowe,ENG,"['MF', 'FW']",Arsenal,22,2000,12,0,172,1.9,0,2,2,0,0,0,0,0,0.3,0.3,0.7,1.0,2,7,11,2022-2023
Cédric Soares,POR,['DF'],Arsenal,30,1991,2,0,29,0.3,0,0,0,0,0,0,0,0,0.0,0.0,0.0,0.0,1,3,0,2022-2023
Cédric Soares,POR,['DF'],Fulham,30,1991,6,2,198,2.2,0,0,0,0,0,0,0,0,0.1,0.1,0.3,0.4,4,12,12,2022-2023
Dominic Solanke,ENG,"['FW', 'MF']",Bournemouth,24,1997,33,32,"2,860",31.8,6,7,13,6,0,0,2,0,9.1,9.1,3.9,13.0,70,47,167,2022-2023
Manor Solomon,ISR,['FW'],Fulham,23,1999,19,4,572,6.4,4,0,4,4,0,0,0,0,1.3,1.3,0.4,1.7,16,24,51,2022-2023
Tomáš Souček,CZE,['MF'],West Ham,27,1995,36,32,"2,815",31.3,2,3,5,2,0,0,3,0,4.0,4.0,1.9,6.0,11,88,52,2022-2023
Boubakary Soumaré,FRA,['MF'],Leicester City,23,1999,26,20,"1,629",18.1,0,0,0,0,0,0,9,0,0.0,0.0,0.4,0.4,17,73,20,2022-2023
Harry Souttar,AUS,['DF'],Leicester City,23,1998,12,11,992,11.0,0,1,1,0,0,0,2,0,1.4,1.4,0.2,1.6,6,29,4,2022-2023
Çağlar Söyüncü,TUR,['DF'],Leicester City,26,1996,7,6,529,5.9,1,0,1,1,0,0,2,0,0.4,0.4,0.1,0.5,5,12,0,2022-2023
Djed Spence,ENG,"['FW', 'DF']",Tottenham,21,2000,4,0,7,0.1,0,0,0,0,0,0,0,0,0.1,0.1,0.0,0.1,2,0,2,2022-2023
Jack Stacey,ENG,['DF'],Bournemouth,26,1996,10,3,299,3.3,0,0,0,0,0,0,2,0,0.1,0.1,0.0,0.1,9,2,15,2022-2023
Junior Stanislas,ENG,['MF'],Bournemouth,32,1989,4,0,61,0.7,0,0,0,0,0,0,0,0,0.0,0.0,0.1,0.2,0,4,5,2022-2023
Jay Stansfield,ENG,['FW'],Fulham,19,2002,3,1,87,1.0,0,0,0,0,0,0,0,0,0.3,0.3,0.1,0.3,2,0,4,2022-2023
Jason Steele,ENG,['GK'],Brighton,31,1990,15,15,"1,350",15.0,0,1,1,0,0,0,1,0,0.0,0.0,0.1,0.1,0,0,0,2022-2023
Jack Stephens,ENG,['DF'],Southampton,28,1994,2,0,46,0.5,0,0,0,0,0,0,0,0,0.0,0.0,0.0,0.0,3,3,0,2022-2023
Jack Stephens,ENG,['DF'],Bournemouth,28,1994,15,13,"1,173",13.0,0,0,0,0,0,0,3,0,0.4,0.4,0.2,0.6,7,34,3,2022-2023
Raheem Sterling,ENG,"['FW', 'MF']",Chelsea,27,1994,28,23,"1,891",21.0,6,3,9,6,0,0,4,0,6.2,6.2,4.6,10.8,81,59,186,2022-2023
John Stones,ENG,"['DF', 'MF']",Manchester City,28,1994,23,21,"1,846",20.5,2,2,4,2,0,0,2,0,1.0,1.0,1.4,2.4,28,101,34,2022-2023
Pascal Struijk,NED,['DF'],Leeds United,22,1999,29,26,"2,200",24.4,2,1,3,2,0,0,5,0,1.4,1.4,2.4,3.7,24,119,53,2022-2023
Kamaldeen Sulemana,GHA,"['FW', 'MF']",Southampton,20,2002,18,10,966,10.7,2,1,3,2,0,0,1,0,1.7,1.7,1.3,3.0,32,36,80,2022-2023
Crysencio Summerville,NED,['FW'],Leeds United,20,2001,28,12,"1,426",15.8,4,2,6,4,0,0,4,0,2.9,2.9,1.6,4.5,51,45,92,2022-2023
Sam Surridge,ENG,['FW'],Nott'ham Forest,24,1998,20,1,323,3.6,1,0,1,1,0,0,2,0,1.8,1.8,0.1,1.8,2,6,17,2022-2023
Japhet Tanganga,ENG,['DF'],Tottenham,23,1999,4,2,146,1.6,0,0,0,0,0,0,0,0,0.0,0.0,0.0,0.0,1,5,2,2022-2023
Matt Targett,ENG,['DF'],Newcastle Utd,26,1995,17,6,610,6.8,0,0,0,0,0,0,1,0,0.0,0.0,0.4,0.4,3,43,13,2022-2023
James Tarkowski,ENG,['DF'],Everton,29,1992,38,38,"3,420",38.0,1,1,2,1,0,0,6,0,3.1,3.1,2.9,6.0,13,106,11,2022-2023
Marcus Tavernier,ENG,"['MF', 'FW']",Bournemouth,23,1999,23,19,"1,743",19.4,5,4,9,5,0,0,1,0,3.1,3.1,2.9,6.0,67,56,137,2022-2023
Tetê,BRA,['FW'],Leicester City,22,2000,13,9,734,8.2,1,0,1,1,0,0,0,0,1.8,1.8,0.4,2.2,22,26,55,2022-2023
Kenny Tete,NED,['DF'],Fulham,26,1995,31,29,"2,569",28.5,1,5,6,1,0,0,8,0,0.7,0.7,1.9,2.6,75,103,69,2022-2023
Luke Thomas,ENG,['DF'],Leicester City,21,2001,17,11,"1,073",11.9,0,0,0,0,0,0,3,0,0.1,0.1,0.7,0.8,10,48,13,2022-2023
Youri Tielemans,BEL,['MF'],Leicester City,25,1997,31,27,"2,344",26.0,3,2,5,2,1,2,4,0,2.5,0.9,4.7,5.6,35,181,56,2022-2023
Kieran Tierney,SCO,['DF'],Arsenal,25,1997,27,6,795,8.8,0,1,1,0,0,0,0,0,0.3,0.3,0.3,0.7,25,36,31,2022-2023
Harry Toffolo,ENG,['DF'],Nott'ham Forest,26,1995,19,9,940,10.4,0,0,0,0,0,0,2,0,0.3,0.3,0.8,1.0,8,29,43,2022-2023
Takehiro Tomiyasu,JPN,['DF'],Arsenal,23,1998,21,6,663,7.4,0,1,1,0,0,0,2,0,0.2,0.2,0.6,0.8,14,51,28,2022-2023
James Tomkins,ENG,['DF'],Crystal Palace,33,1989,6,3,338,3.8,1,0,1,1,0,0,3,1,1.0,1.0,0.0,1.0,1,2,1,2022-2023
Ivan Toney,ENG,['FW'],Brentford,26,1996,33,33,"2,951",32.8,20,4,24,14,6,7,9,0,18.7,13.2,5.1,18.3,14,79,165,2022-2023
Adama Traoré,ESP,"['FW', 'MF']",Wolves,26,1996,34,12,"1,496",16.6,2,1,3,2,0,0,2,0,1.4,1.4,3.7,5.1,85,36,157,2022-2023
Bertrand Traoré,BFA,"['FW', 'MF']",Aston Villa,26,1995,8,1,233,2.6,2,0,2,2,0,0,1,0,0.7,0.7,0.1,0.8,9,9,28,2022-2023
Boubacar Traoré,MLI,['MF'],Wolves,20,2001,10,4,411,4.6,0,1,1,0,0,0,2,0,0.1,0.1,0.2,0.2,4,8,2,2022-2023
Mark Travers,IRL,['GK'],Bournemouth,23,1999,12,11,"1,035",11.5,0,0,0,0,0,0,0,0,0.0,0.0,0.0,0.0,0,0,0,2022-2023
Kieran Trippier,ENG,['DF'],Newcastle Utd,31,1990,38,38,"3,341",37.1,1,7,8,1,0,0,5,0,0.9,0.9,12.4,13.3,45,260,151,2022-2023
Leandro Trossard,BEL,['FW'],Arsenal,27,1994,20,10,931,10.3,1,10,11,1,0,0,0,0,1.8,1.8,4.7,6.6,36,57,102,2022-2023
Leandro Trossard,BEL,"['FW', 'MF']",Brighton,27,1994,16,16,"1,315",14.6,7,2,9,7,0,0,1,0,4.4,4.4,2.1,6.5,40,67,118,2022-2023
Kostas Tsimikas,GRE,['DF'],Liverpool,26,1996,20,9,771,8.6,0,4,4,0,0,0,3,0,0.3,0.3,1.5,1.9,23,26,77,2022-2023
Deniz Undav,GER,"['FW', 'MF']",Brighton,26,1996,22,6,628,7.0,5,0,5,5,0,0,2,0,4.5,4.5,1.1,5.6,12,10,40,2022-2023
Yan Valery,TUN,['DF'],Southampton,23,1999,1,1,45,0.5,0,0,0,0,0,0,0,0,0.0,0.0,0.0,0.0,0,0,0,2022-2023
Virgil van Dijk,NED,['DF'],Liverpool,31,1991,32,32,"2,835",31.5,3,1,4,3,0,0,3,0,2.6,2.6,1.2,3.8,10,127,8,2022-2023
Raphaël Varane,FRA,['DF'],Manchester Utd,29,1993,24,22,"1,911",21.2,0,0,0,0,0,0,1,0,0.7,0.7,0.2,0.9,17,63,4,2022-2023
Jamie Vardy,ENG,['FW'],Leicester City,35,1987,37,19,"1,857",20.6,3,4,7,3,0,1,1,0,6.7,5.9,1.4,7.3,16,14,101,2022-2023
Joël Veltman,NED,['DF'],Brighton,30,1992,31,25,"2,188",24.3,1,1,2,1,0,0,6,0,1.8,1.8,0.7,2.5,43,153,49,2022-2023
Fabio Vieira,POR,"['MF', 'FW']",Arsenal,22,2000,22,3,514,5.7,1,2,3,1,0,0,0,0,0.8,0.8,2.5,3.3,8,35,40,2022-2023
Matías Viña,URU,['DF'],Bournemouth,24,1997,12,5,458,5.1,2,0,2,2,0,0,1,0,0.9,0.9,0.2,1.0,10,17,19,2022-2023
Rúben Vinagre,POR,"['DF', 'MF']",Everton,23,1999,2,0,26,0.3,0,0,0,0,0,0,0,0,0.0,0.0,0.0,0.0,2,0,1,2022-2023
Carlos Vinícius,BRA,['FW'],Fulham,27,1995,28,11,"1,109",12.3,5,2,7,5,0,0,3,0,3.3,3.3,0.8,4.0,9,15,46,2022-2023
Theo Walcott,ENG,"['FW', 'MF']",Southampton,33,1989,20,13,"1,129",12.5,2,2,4,2,0,0,1,0,2.2,2.2,2.0,4.2,21,14,62,2022-2023
Kyle Walker,ENG,['DF'],Manchester City,32,1990,27,22,"1,958",21.8,0,0,0,0,0,0,3,0,0.4,0.4,0.2,0.7,50,162,75,2022-2023
Kyle Walker-Peters,ENG,['DF'],Southampton,25,1997,31,30,"2,650",29.4,1,0,1,1,0,0,4,0,1.0,1.0,1.4,2.5,102,97,114,2022-2023
Aaron Wan-Bissaka,COD,['DF'],Manchester Utd,24,1997,19,16,"1,435",15.9,0,0,0,0,0,0,2,0,1.2,1.2,1.0,2.2,41,55,64,2022-2023
Danny Ward,WAL,['GK'],Leicester City,29,1993,26,26,"2,340",26.0,0,0,0,0,0,0,0,0,0.0,0.0,0.0,0.0,0,0,0,2022-2023
Joel Ward,ENG,['DF'],Crystal Palace,32,1989,28,24,"2,256",25.1,1,0,1,1,0,0,6,0,1.1,1.1,0.4,1.5,22,101,46,2022-2023
James Ward-Prowse,ENG,['MF'],Southampton,27,1994,38,38,"3,371",37.5,9,4,13,7,2,4,6,0,5.7,2.5,6.2,8.7,19,189,58,2022-2023
Ollie Watkins,ENG,['FW'],Aston Villa,26,1995,37,36,"3,127",34.7,15,6,21,14,1,2,4,0,16.5,14.9,3.8,18.7,50,39,196,2022-2023
Adam Webster,ENG,['DF'],Brighton,27,1995,27,23,"1,985",22.1,0,0,0,0,0,0,2,0,1.8,1.8,0.2,1.9,19,119,9,2022-2023
Wout Weghorst,NED,"['FW', 'MF']",Manchester Utd,29,1992,17,10,797,8.9,0,1,1,0,0,0,1,0,2.0,2.0,1.2,3.2,3,17,41,2022-2023
Danny Welbeck,ENG,['FW'],Brighton,31,1990,31,21,"1,854",20.6,6,3,9,6,0,0,0,0,9.4,9.4,4.3,13.7,31,49,134,2022-2023
Ben White,ENG,['DF'],Arsenal,24,1997,38,36,"3,055",33.9,2,5,7,2,0,0,5,0,1.3,1.3,3.2,4.5,64,249,124,2022-2023
Harvey White,ENG,['MF'],Tottenham,20,2001,1,0,5,0.1,0,0,0,0,0,0,0,0,0.0,0.0,0.0,0.0,0,0,1,2022-2023
Joseph Whitworth,ENG,['GK'],Crystal Palace,18,2004,2,2,180,2.0,0,0,0,0,0,0,0,0,0.0,0.0,0.0,0.0,0,0,0,2022-2023
Neco Williams,WAL,['DF'],Nott'ham Forest,21,2001,31,20,"1,882",20.9,1,0,1,1,0,0,7,0,1.3,1.3,1.4,2.7,51,33,67,2022-2023
Willian,BRA,['FW'],Fulham,33,1988,27,25,"2,126",23.6,5,5,10,5,0,0,2,0,3.4,3.4,4.4,7.8,97,113,152,2022-2023
Joe Willock,ENG,['MF'],Newcastle Utd,22,1999,35,31,"2,558",28.4,3,6,9,3,0,0,1,0,7.0,7.0,6.0,13.0,97,121,152,2022-2023
Callum Wilson,ENG,['FW'],Newcastle Utd,30,1992,31,21,"1,877",20.9,18,5,23,15,3,3,4,0,17.4,15.1,2.7,17.8,27,19,118,2022-2023
Harry Wilson,WAL,['FW'],Fulham,25,1997,29,13,"1,100",12.2,2,3,5,2,0,0,1,0,2.0,2.0,0.9,2.9,18,37,87,2022-2023
Yoane Wissa,COD,['FW'],Brentford,25,1996,38,16,"1,606",17.8,7,3,10,7,0,0,3,0,5.7,5.7,2.5,8.2,24,27,104,2022-2023
Maximilian Wöber,AUT,['DF'],Leeds United,24,1998,16,14,"1,266",14.1,0,0,0,0,0,0,3,0,0.7,0.7,0.6,1.4,15,54,15,2022-2023
Chris Wood,NZL,['FW'],Newcastle Utd,30,1991,18,4,446,5.0,2,0,2,1,1,1,0,0,1.8,1.0,0.3,1.3,1,4,23,2022-2023
Chris Wood,NZL,['FW'],Nott'ham Forest,30,1991,7,5,372,4.1,1,0,1,1,0,0,0,0,1.0,1.0,0.2,1.2,2,7,12,2022-2023
Joe Worrall,ENG,['DF'],Nott'ham Forest,25,1997,30,21,"2,224",24.7,1,0,1,1,0,0,6,0,0.8,0.8,0.8,1.6,5,67,1,2022-2023
Granit Xhaka,SUI,['MF'],Arsenal,29,1992,37,36,"2,993",33.3,7,7,14,7,0,0,4,0,4.7,4.7,5.2,9.9,42,196,175,2022-2023
Ryan Yates,ENG,['MF'],Nott'ham Forest,24,1997,26,21,"1,837",20.4,0,2,2,0,0,0,5,0,2.3,2.3,1.2,3.4,11,43,27,2022-2023
Ashley Young,ENG,['DF'],Aston Villa,37,1985,29,23,"2,036",22.6,1,0,1,1,0,0,7,0,0.5,0.5,1.0,1.4,29,107,33,2022-2023
Illia Zabarnyi,UKR,['DF'],Bournemouth,19,2002,5,3,299,3.3,0,0,0,0,0,0,0,0,0.0,0.0,0.0,0.0,1,11,0,2022-2023
Wilfried Zaha,CIV,"['FW', 'MF']",Crystal Palace,29,1992,27,27,"2,288",25.4,7,2,9,7,0,2,5,0,6.5,4.8,2.7,7.5,86,75,238,2022-2023
Denis Zakaria,SUI,['MF'],Chelsea,25,1996,7,5,411,4.6,0,0,0,0,0,0,0,0,0.2,0.2,0.0,0.2,9,6,3,2022-2023
Jordan Zemura,ZIM,['DF'],Bournemouth,22,1999,19,17,"1,454",16.2,0,1,1,0,0,0,1,0,0.4,0.4,1.9,2.2,39,45,48,2022-2023
Oleksandr Zinchenko,UKR,['DF'],Arsenal,25,1996,27,26,"2,118",23.5,1,2,3,1,0,0,3,0,1.4,1.4,1.4,2.8,67,227,68,2022-2023
Hakim Ziyech,MAR,"['FW', 'MF']",Chelsea,29,1993,18,6,661,7.3,0,3,3,0,0,0,1,0,0.6,0.6,2.2,2.8,20,42,69,2022-2023
Kurt Zouma,FRA,['DF'],West Ham,27,1994,25,24,"1,989",22.1,2,0,2,2,0,0,0,0,2.2,2.2,0.1,2.3,3,31,1,2022-2023
Martin Ødegaard,NOR,['MF'],Arsenal,23,1998,37,37,"3,127",34.7,15,7,22,15,0,0,4,0,9.9,9.9,8.1,18.0,83,266,193,2022-2023
